This is pdfTeX, Version 3.141592653-2.6-1.40.25 (TeX Live 2023/Debian) (preloaded format=pdflatex 2025.7.14)  18 FEB 2026 09:53
entering extended mode
 \write18 enabled.
 file:line:error style messages enabled.
 %&-line parsing enabled.
**/workspace/modul-09-halbleiterbauelemente/Folien.tex
(/workspace/modul-09-halbleiterbauelemente/Folien.tex
LaTeX2e <2023-11-01> patch level 1
L3 programming layer <2024-01-22>
runsystem(cd TeXAux;gnuplot *.gnuplot;cd ..;)...executed.

(/usr/share/texlive/texmf-dist/tex/latex/beamer/beamer.cls
Document Class: beamer 2024/01/06 v3.71 A class for typesetting presentations
(/usr/share/texlive/texmf-dist/tex/latex/beamer/beamerbasemodes.sty (/usr/share/texlive/texmf-dist/tex/latex/etoolbox/etoolbox.sty
Package: etoolbox 2020/10/05 v2.5k e-TeX tools for LaTeX (JAW)
\etb@tempcnta=\count187
)
\beamer@tempbox=\box51
\beamer@tempcount=\count188
\c@beamerpauses=\count189
 (/usr/share/texlive/texmf-dist/tex/latex/beamer/beamerbasedecode.sty
\beamer@slideinframe=\count190
\beamer@minimum=\count191
\beamer@decode@box=\box52
)
\beamer@commentbox=\box53
\beamer@modecount=\count192
) (/usr/share/texlive/texmf-dist/tex/generic/iftex/iftex.sty
Package: iftex 2022/02/03 v1.0f TeX engine tests
)
\headdp=\dimen140
\footheight=\dimen141
\sidebarheight=\dimen142
\beamer@tempdim=\dimen143
\beamer@finalheight=\dimen144
\beamer@animht=\dimen145
\beamer@animdp=\dimen146
\beamer@animwd=\dimen147
\beamer@leftmargin=\dimen148
\beamer@rightmargin=\dimen149
\beamer@leftsidebar=\dimen150
\beamer@rightsidebar=\dimen151
\beamer@boxsize=\dimen152
\beamer@vboxoffset=\dimen153
\beamer@descdefault=\dimen154
\beamer@descriptionwidth=\dimen155
\beamer@lastskip=\skip48
\beamer@areabox=\box54
\beamer@animcurrent=\box55
\beamer@animshowbox=\box56
\beamer@sectionbox=\box57
\beamer@logobox=\box58
\beamer@linebox=\box59
\beamer@sectioncount=\count193
\beamer@subsubsectionmax=\count194
\beamer@subsectionmax=\count195
\beamer@sectionmax=\count196
\beamer@totalheads=\count197
\beamer@headcounter=\count198
\beamer@partstartpage=\count199
\beamer@sectionstartpage=\count266
\beamer@subsectionstartpage=\count267
\beamer@animationtempa=\count268
\beamer@animationtempb=\count269
\beamer@xpos=\count270
\beamer@ypos=\count271
\beamer@ypos@offset=\count272
\beamer@showpartnumber=\count273
\beamer@currentsubsection=\count274
\beamer@coveringdepth=\count275
\beamer@sectionadjust=\count276
\beamer@toclastsection=\count277
\beamer@tocsectionnumber=\count278
 (/usr/share/texlive/texmf-dist/tex/latex/beamer/beamerbaseoptions.sty (/usr/share/texlive/texmf-dist/tex/latex/graphics/keyval.sty
Package: keyval 2022/05/29 v1.15 key=value parser (DPC)
\KV@toks@=\toks17
))
\beamer@paperwidth=\skip49
\beamer@paperheight=\skip50
 (/usr/share/texlive/texmf-dist/tex/latex/geometry/geometry.sty
Package: geometry 2020/01/02 v5.9 Page Geometry
 (/usr/share/texlive/texmf-dist/tex/generic/iftex/ifvtex.sty
Package: ifvtex 2019/10/25 v1.7 ifvtex legacy package. Use iftex instead.
)
\Gm@cnth=\count279
\Gm@cntv=\count280
\c@Gm@tempcnt=\count281
\Gm@bindingoffset=\dimen156
\Gm@wd@mp=\dimen157
\Gm@odd@mp=\dimen158
\Gm@even@mp=\dimen159
\Gm@layoutwidth=\dimen160
\Gm@layoutheight=\dimen161
\Gm@layouthoffset=\dimen162
\Gm@layoutvoffset=\dimen163
\Gm@dimlist=\toks18
) (/usr/share/texlive/texmf-dist/tex/latex/pgf/math/pgfmath.sty (/usr/share/texlive/texmf-dist/tex/latex/pgf/utilities/pgfrcs.sty (/usr/share/texlive/texmf-dist/tex/generic/pgf/utilities/pgfutil-common.tex
\pgfutil@everybye=\toks19
\pgfutil@tempdima=\dimen164
\pgfutil@tempdimb=\dimen165
) (/usr/share/texlive/texmf-dist/tex/generic/pgf/utilities/pgfutil-latex.def
\pgfutil@abb=\box60
) (/usr/share/texlive/texmf-dist/tex/generic/pgf/utilities/pgfrcs.code.tex (/usr/share/texlive/texmf-dist/tex/generic/pgf/pgf.revision.tex)
Package: pgfrcs 2023-01-15 v3.1.10 (3.1.10)
)) (/usr/share/texlive/texmf-dist/tex/latex/pgf/utilities/pgfkeys.sty (/usr/share/texlive/texmf-dist/tex/generic/pgf/utilities/pgfkeys.code.tex
\pgfkeys@pathtoks=\toks20
\pgfkeys@temptoks=\toks21
 (/usr/share/texlive/texmf-dist/tex/generic/pgf/utilities/pgfkeyslibraryfiltered.code.tex
\pgfkeys@tmptoks=\toks22
))) (/usr/share/texlive/texmf-dist/tex/generic/pgf/math/pgfmath.code.tex (/usr/share/texlive/texmf-dist/tex/generic/pgf/math/pgfmathutil.code.tex
\pgf@x=\dimen166
\pgf@xa=\dimen167
\pgf@xb=\dimen168
\pgf@xc=\dimen169
\pgf@y=\dimen170
\pgf@ya=\dimen171
\pgf@yb=\dimen172
\pgf@yc=\dimen173
\c@pgf@counta=\count282
\c@pgf@countb=\count283
\c@pgf@countc=\count284
\c@pgf@countd=\count285
) (/usr/share/texlive/texmf-dist/tex/generic/pgf/math/pgfmathparser.code.tex
\pgfmath@dimen=\dimen174
\pgfmath@count=\count286
\pgfmath@box=\box61
\pgfmath@toks=\toks23
\pgfmath@stack@operand=\toks24
\pgfmath@stack@operation=\toks25
) (/usr/share/texlive/texmf-dist/tex/generic/pgf/math/pgfmathfunctions.code.tex) (/usr/share/texlive/texmf-dist/tex/generic/pgf/math/pgfmathfunctions.basic.code.tex) (/usr/share/texlive/texmf-dist/tex/generic/pgf/math/pgfmathfunctions.trigonometric.code.tex) (/usr/share/texlive/texmf-dist/tex/generic/pgf/math/pgfmathfunctions.random.code.tex) (/usr/share/texlive/texmf-dist/tex/generic/pgf/math/pgfmathfunctions.comparison.code.tex) (/usr/share/texlive/texmf-dist/tex/generic/pgf/math/pgfmathfunctions.base.code.tex) (/usr/share/texlive/texmf-dist/tex/generic/pgf/math/pgfmathfunctions.round.code.tex) (/usr/share/texlive/texmf-dist/tex/generic/pgf/math/pgfmathfunctions.misc.code.tex) (/usr/share/texlive/texmf-dist/tex/generic/pgf/math/pgfmathfunctions.integerarithmetics.code.tex) (/usr/share/texlive/texmf-dist/tex/generic/pgf/math/pgfmathcalc.code.tex) (/usr/share/texlive/texmf-dist/tex/generic/pgf/math/pgfmathfloat.code.tex
\c@pgfmathroundto@lastzeros=\count287
))) (/usr/share/texlive/texmf-dist/tex/latex/base/size11.clo
File: size11.clo 2023/05/17 v1.4n Standard LaTeX file (size option)
) (/usr/share/texlive/texmf-dist/tex/latex/pgf/basiclayer/pgfcore.sty (/usr/share/texlive/texmf-dist/tex/latex/graphics/graphicx.sty
Package: graphicx 2021/09/16 v1.2d Enhanced LaTeX Graphics (DPC,SPQR)
 (/usr/share/texlive/texmf-dist/tex/latex/graphics/graphics.sty
Package: graphics 2022/03/10 v1.4e Standard LaTeX Graphics (DPC,SPQR)
 (/usr/share/texlive/texmf-dist/tex/latex/graphics/trig.sty
Package: trig 2021/08/11 v1.11 sin cos tan (DPC)
) (/usr/share/texlive/texmf-dist/tex/latex/graphics-cfg/graphics.cfg
File: graphics.cfg 2016/06/04 v1.11 sample graphics configuration
)
Package graphics Info: Driver file: pdftex.def on input line 107.
 (/usr/share/texlive/texmf-dist/tex/latex/graphics-def/pdftex.def
File: pdftex.def 2022/09/22 v1.2b Graphics/color driver for pdftex
))
\Gin@req@height=\dimen175
\Gin@req@width=\dimen176
) (/usr/share/texlive/texmf-dist/tex/latex/pgf/systemlayer/pgfsys.sty (/usr/share/texlive/texmf-dist/tex/generic/pgf/systemlayer/pgfsys.code.tex
Package: pgfsys 2023-01-15 v3.1.10 (3.1.10)
\pgf@x=\dimen177
\pgf@y=\dimen178
\pgf@xa=\dimen179
\pgf@ya=\dimen180
\pgf@xb=\dimen181
\pgf@yb=\dimen182
\pgf@xc=\dimen183
\pgf@yc=\dimen184
\pgf@xd=\dimen185
\pgf@yd=\dimen186
\w@pgf@writea=\write3
\r@pgf@reada=\read2
\c@pgf@counta=\count288
\c@pgf@countb=\count289
\c@pgf@countc=\count290
\c@pgf@countd=\count291
\t@pgf@toka=\toks26
\t@pgf@tokb=\toks27
\t@pgf@tokc=\toks28
\pgf@sys@id@count=\count292
 (/usr/share/texlive/texmf-dist/tex/generic/pgf/systemlayer/pgf.cfg
File: pgf.cfg 2023-01-15 v3.1.10 (3.1.10)
)
Driver file for pgf: pgfsys-pdftex.def
 (/usr/share/texlive/texmf-dist/tex/generic/pgf/systemlayer/pgfsys-pdftex.def
File: pgfsys-pdftex.def 2023-01-15 v3.1.10 (3.1.10)
 (/usr/share/texlive/texmf-dist/tex/generic/pgf/systemlayer/pgfsys-common-pdf.def
File: pgfsys-common-pdf.def 2023-01-15 v3.1.10 (3.1.10)
))) (/usr/share/texlive/texmf-dist/tex/generic/pgf/systemlayer/pgfsyssoftpath.code.tex
File: pgfsyssoftpath.code.tex 2023-01-15 v3.1.10 (3.1.10)
\pgfsyssoftpath@smallbuffer@items=\count293
\pgfsyssoftpath@bigbuffer@items=\count294
) (/usr/share/texlive/texmf-dist/tex/generic/pgf/systemlayer/pgfsysprotocol.code.tex
File: pgfsysprotocol.code.tex 2023-01-15 v3.1.10 (3.1.10)
)) (/usr/share/texlive/texmf-dist/tex/latex/xcolor/xcolor.sty
Package: xcolor 2023/11/15 v3.01 LaTeX color extensions (UK)
 (/usr/share/texlive/texmf-dist/tex/latex/graphics-cfg/color.cfg
File: color.cfg 2016/01/02 v1.6 sample color configuration
)
Package xcolor Info: Driver file: pdftex.def on input line 274.
 (/usr/share/texlive/texmf-dist/tex/latex/graphics/mathcolor.ltx)
Package xcolor Info: Model `cmy' substituted by `cmy0' on input line 1350.
Package xcolor Info: Model `hsb' substituted by `rgb' on input line 1354.
Package xcolor Info: Model `RGB' extended on input line 1366.
Package xcolor Info: Model `HTML' substituted by `rgb' on input line 1368.
Package xcolor Info: Model `Hsb' substituted by `hsb' on input line 1369.
Package xcolor Info: Model `tHsb' substituted by `hsb' on input line 1370.
Package xcolor Info: Model `HSB' substituted by `hsb' on input line 1371.
Package xcolor Info: Model `Gray' substituted by `gray' on input line 1372.
Package xcolor Info: Model `wave' substituted by `hsb' on input line 1373.
) (/usr/share/texlive/texmf-dist/tex/generic/pgf/basiclayer/pgfcore.code.tex
Package: pgfcore 2023-01-15 v3.1.10 (3.1.10)
 (/usr/share/texlive/texmf-dist/tex/generic/pgf/math/pgfint.code.tex) (/usr/share/texlive/texmf-dist/tex/generic/pgf/basiclayer/pgfcorepoints.code.tex
File: pgfcorepoints.code.tex 2023-01-15 v3.1.10 (3.1.10)
\pgf@picminx=\dimen187
\pgf@picmaxx=\dimen188
\pgf@picminy=\dimen189
\pgf@picmaxy=\dimen190
\pgf@pathminx=\dimen191
\pgf@pathmaxx=\dimen192
\pgf@pathminy=\dimen193
\pgf@pathmaxy=\dimen194
\pgf@xx=\dimen195
\pgf@xy=\dimen196
\pgf@yx=\dimen197
\pgf@yy=\dimen198
\pgf@zx=\dimen199
\pgf@zy=\dimen256
) (/usr/share/texlive/texmf-dist/tex/generic/pgf/basiclayer/pgfcorepathconstruct.code.tex
File: pgfcorepathconstruct.code.tex 2023-01-15 v3.1.10 (3.1.10)
\pgf@path@lastx=\dimen257
\pgf@path@lasty=\dimen258
) (/usr/share/texlive/texmf-dist/tex/generic/pgf/basiclayer/pgfcorepathusage.code.tex
File: pgfcorepathusage.code.tex 2023-01-15 v3.1.10 (3.1.10)
\pgf@shorten@end@additional=\dimen259
\pgf@shorten@start@additional=\dimen260
) (/usr/share/texlive/texmf-dist/tex/generic/pgf/basiclayer/pgfcorescopes.code.tex
File: pgfcorescopes.code.tex 2023-01-15 v3.1.10 (3.1.10)
\pgfpic=\box62
\pgf@hbox=\box63
\pgf@layerbox@main=\box64
\pgf@picture@serial@count=\count295
) (/usr/share/texlive/texmf-dist/tex/generic/pgf/basiclayer/pgfcoregraphicstate.code.tex
File: pgfcoregraphicstate.code.tex 2023-01-15 v3.1.10 (3.1.10)
\pgflinewidth=\dimen261
) (/usr/share/texlive/texmf-dist/tex/generic/pgf/basiclayer/pgfcoretransformations.code.tex
File: pgfcoretransformations.code.tex 2023-01-15 v3.1.10 (3.1.10)
\pgf@pt@x=\dimen262
\pgf@pt@y=\dimen263
\pgf@pt@temp=\dimen264
) (/usr/share/texlive/texmf-dist/tex/generic/pgf/basiclayer/pgfcorequick.code.tex
File: pgfcorequick.code.tex 2023-01-15 v3.1.10 (3.1.10)
) (/usr/share/texlive/texmf-dist/tex/generic/pgf/basiclayer/pgfcoreobjects.code.tex
File: pgfcoreobjects.code.tex 2023-01-15 v3.1.10 (3.1.10)
) (/usr/share/texlive/texmf-dist/tex/generic/pgf/basiclayer/pgfcorepathprocessing.code.tex
File: pgfcorepathprocessing.code.tex 2023-01-15 v3.1.10 (3.1.10)
) (/usr/share/texlive/texmf-dist/tex/generic/pgf/basiclayer/pgfcorearrows.code.tex
File: pgfcorearrows.code.tex 2023-01-15 v3.1.10 (3.1.10)
\pgfarrowsep=\dimen265
) (/usr/share/texlive/texmf-dist/tex/generic/pgf/basiclayer/pgfcoreshade.code.tex
File: pgfcoreshade.code.tex 2023-01-15 v3.1.10 (3.1.10)
\pgf@max=\dimen266
\pgf@sys@shading@range@num=\count296
\pgf@shadingcount=\count297
) (/usr/share/texlive/texmf-dist/tex/generic/pgf/basiclayer/pgfcoreimage.code.tex
File: pgfcoreimage.code.tex 2023-01-15 v3.1.10 (3.1.10)
) (/usr/share/texlive/texmf-dist/tex/generic/pgf/basiclayer/pgfcoreexternal.code.tex
File: pgfcoreexternal.code.tex 2023-01-15 v3.1.10 (3.1.10)
\pgfexternal@startupbox=\box65
) (/usr/share/texlive/texmf-dist/tex/generic/pgf/basiclayer/pgfcorelayers.code.tex
File: pgfcorelayers.code.tex 2023-01-15 v3.1.10 (3.1.10)
) (/usr/share/texlive/texmf-dist/tex/generic/pgf/basiclayer/pgfcoretransparency.code.tex
File: pgfcoretransparency.code.tex 2023-01-15 v3.1.10 (3.1.10)
) (/usr/share/texlive/texmf-dist/tex/generic/pgf/basiclayer/pgfcorepatterns.code.tex
File: pgfcorepatterns.code.tex 2023-01-15 v3.1.10 (3.1.10)
) (/usr/share/texlive/texmf-dist/tex/generic/pgf/basiclayer/pgfcorerdf.code.tex
File: pgfcorerdf.code.tex 2023-01-15 v3.1.10 (3.1.10)
))) (/usr/share/texlive/texmf-dist/tex/latex/pgf/utilities/xxcolor.sty
Package: xxcolor 2003/10/24 ver 0.1
\XC@nummixins=\count298
\XC@countmixins=\count299
) (/usr/share/texlive/texmf-dist/tex/latex/base/atbegshi-ltx.sty
Package: atbegshi-ltx 2021/01/10 v1.0c Emulation of the original atbegshi
package with kernel methods
) (/usr/share/texlive/texmf-dist/tex/latex/hyperref/hyperref.sty
Package: hyperref 2024-01-20 v7.01h Hypertext links for LaTeX
 (/usr/share/texlive/texmf-dist/tex/latex/kvsetkeys/kvsetkeys.sty
Package: kvsetkeys 2022-10-05 v1.19 Key value parser (HO)
) (/usr/share/texlive/texmf-dist/tex/generic/kvdefinekeys/kvdefinekeys.sty
Package: kvdefinekeys 2019-12-19 v1.6 Define keys (HO)
) (/usr/share/texlive/texmf-dist/tex/generic/pdfescape/pdfescape.sty
Package: pdfescape 2019/12/09 v1.15 Implements pdfTeX's escape features (HO)
 (/usr/share/texlive/texmf-dist/tex/generic/ltxcmds/ltxcmds.sty
Package: ltxcmds 2023-12-04 v1.26 LaTeX kernel commands for general use (HO)
) (/usr/share/texlive/texmf-dist/tex/generic/pdftexcmds/pdftexcmds.sty
Package: pdftexcmds 2020-06-27 v0.33 Utility functions of pdfTeX for LuaTeX (HO)
 (/usr/share/texlive/texmf-dist/tex/generic/infwarerr/infwarerr.sty
Package: infwarerr 2019/12/03 v1.5 Providing info/warning/error messages (HO)
)
Package pdftexcmds Info: \pdf@primitive is available.
Package pdftexcmds Info: \pdf@ifprimitive is available.
Package pdftexcmds Info: \pdfdraftmode found.
)) (/usr/share/texlive/texmf-dist/tex/latex/hycolor/hycolor.sty
Package: hycolor 2020-01-27 v1.10 Color options for hyperref/bookmark (HO)
) (/usr/share/texlive/texmf-dist/tex/latex/auxhook/auxhook.sty
Package: auxhook 2019-12-17 v1.6 Hooks for auxiliary files (HO)
) (/usr/share/texlive/texmf-dist/tex/latex/hyperref/nameref.sty
Package: nameref 2023-11-26 v2.56 Cross-referencing by name of section
 (/usr/share/texlive/texmf-dist/tex/latex/refcount/refcount.sty
Package: refcount 2019/12/15 v3.6 Data extraction from label references (HO)
) (/usr/share/texlive/texmf-dist/tex/generic/gettitlestring/gettitlestring.sty
Package: gettitlestring 2019/12/15 v1.6 Cleanup title references (HO)
 (/usr/share/texlive/texmf-dist/tex/latex/kvoptions/kvoptions.sty
Package: kvoptions 2022-06-15 v3.15 Key value format for package options (HO)
))
\c@section@level=\count300
)
\@linkdim=\dimen267
\Hy@linkcounter=\count301
\Hy@pagecounter=\count302
 (/usr/share/texlive/texmf-dist/tex/latex/hyperref/pd1enc.def
File: pd1enc.def 2024-01-20 v7.01h Hyperref: PDFDocEncoding definition (HO)
Now handling font encoding PD1 ...
... no UTF-8 mapping file for font encoding PD1
) (/usr/share/texlive/texmf-dist/tex/generic/intcalc/intcalc.sty
Package: intcalc 2019/12/15 v1.3 Expandable calculations with integers (HO)
)
\Hy@SavedSpaceFactor=\count303
 (/usr/share/texlive/texmf-dist/tex/latex/hyperref/puenc.def
File: puenc.def 2024-01-20 v7.01h Hyperref: PDF Unicode definition (HO)
Now handling font encoding PU ...
... no UTF-8 mapping file for font encoding PU
)
Package hyperref Info: Option `bookmarks' set `true' on input line 4062.
Package hyperref Info: Option `bookmarksopen' set `true' on input line 4062.
Package hyperref Info: Option `implicit' set `false' on input line 4062.
Package hyperref Info: Hyper figures OFF on input line 4179.
Package hyperref Info: Link nesting OFF on input line 4184.
Package hyperref Info: Hyper index ON on input line 4187.
Package hyperref Info: Plain pages OFF on input line 4194.
Package hyperref Info: Backreferencing OFF on input line 4199.
Package hyperref Info: Implicit mode OFF; no redefinition of LaTeX internals.
Package hyperref Info: Bookmarks ON on input line 4446.
\c@Hy@tempcnt=\count304
 (/usr/share/texlive/texmf-dist/tex/latex/url/url.sty
\Urlmuskip=\muskip16
Package: url 2013/09/16  ver 3.4  Verb mode for urls, etc.
)
LaTeX Info: Redefining \url on input line 4784.
\XeTeXLinkMargin=\dimen268
 (/usr/share/texlive/texmf-dist/tex/generic/bitset/bitset.sty
Package: bitset 2019/12/09 v1.3 Handle bit-vector datatype (HO)
 (/usr/share/texlive/texmf-dist/tex/generic/bigintcalc/bigintcalc.sty
Package: bigintcalc 2019/12/15 v1.5 Expandable calculations on big integers (HO)
))
\Fld@menulength=\count305
\Field@Width=\dimen269
\Fld@charsize=\dimen270
Package hyperref Info: Hyper figures OFF on input line 6063.
Package hyperref Info: Link nesting OFF on input line 6068.
Package hyperref Info: Hyper index ON on input line 6071.
Package hyperref Info: backreferencing OFF on input line 6078.
Package hyperref Info: Link coloring OFF on input line 6083.
Package hyperref Info: Link coloring with OCG OFF on input line 6088.
Package hyperref Info: PDF/A mode OFF on input line 6093.
\Hy@abspage=\count306


Package hyperref Message: Stopped early.

)
Package hyperref Info: Driver (autodetected): hpdftex.
 (/usr/share/texlive/texmf-dist/tex/latex/hyperref/hpdftex.def
File: hpdftex.def 2024-01-20 v7.01h Hyperref driver for pdfTeX
 (/usr/share/texlive/texmf-dist/tex/latex/base/atveryend-ltx.sty
Package: atveryend-ltx 2020/08/19 v1.0a Emulation of the original atveryend package
with kernel methods
)
\Fld@listcount=\count307
\c@bookmark@seq@number=\count308
 (/usr/share/texlive/texmf-dist/tex/latex/rerunfilecheck/rerunfilecheck.sty
Package: rerunfilecheck 2022-07-10 v1.10 Rerun checks for auxiliary files (HO)
 (/usr/share/texlive/texmf-dist/tex/generic/uniquecounter/uniquecounter.sty
Package: uniquecounter 2019/12/15 v1.4 Provide unlimited unique counter (HO)
)
Package uniquecounter Info: New unique counter `rerunfilecheck' on input line 285.
)) (/usr/share/texlive/texmf-dist/tex/latex/beamer/beamerbaserequires.sty (/usr/share/texlive/texmf-dist/tex/latex/beamer/beamerbasecompatibility.sty) (/usr/share/texlive/texmf-dist/tex/latex/beamer/beamerbasefont.sty (/usr/share/texlive/texmf-dist/tex/latex/amsfonts/amssymb.sty
Package: amssymb 2013/01/14 v3.01 AMS font symbols
 (/usr/share/texlive/texmf-dist/tex/latex/amsfonts/amsfonts.sty
Package: amsfonts 2013/01/14 v3.01 Basic AMSFonts support
\@emptytoks=\toks29
\symAMSa=\mathgroup4
\symAMSb=\mathgroup5
LaTeX Font Info:    Redeclaring math symbol \hbar on input line 98.
LaTeX Font Info:    Overwriting math alphabet `\mathfrak' in version `bold'
(Font)                  U/euf/m/n --> U/euf/b/n on input line 106.
))) (/usr/share/texlive/texmf-dist/tex/latex/beamer/beamerbasetranslator.sty (/usr/share/texlive/texmf-dist/tex/latex/translator/translator.sty
Package: translator 2021-05-31 v1.12d Easy translation of strings in LaTeX
)) (/usr/share/texlive/texmf-dist/tex/latex/beamer/beamerbasemisc.sty) (/usr/share/texlive/texmf-dist/tex/latex/beamer/beamerbasetwoscreens.sty) (/usr/share/texlive/texmf-dist/tex/latex/beamer/beamerbaseoverlay.sty
\beamer@argscount=\count309
\beamer@lastskipcover=\skip51
\beamer@trivlistdepth=\count310
) (/usr/share/texlive/texmf-dist/tex/latex/beamer/beamerbasetitle.sty) (/usr/share/texlive/texmf-dist/tex/latex/beamer/beamerbasesection.sty
\c@lecture=\count311
\c@part=\count312
\c@section=\count313
\c@subsection=\count314
\c@subsubsection=\count315
) (/usr/share/texlive/texmf-dist/tex/latex/beamer/beamerbaseframe.sty
\beamer@framebox=\box66
\beamer@frametitlebox=\box67
\beamer@zoombox=\box68
\beamer@zoomcount=\count316
\beamer@zoomframecount=\count317
\beamer@frametextheight=\dimen271
\c@subsectionslide=\count318
\beamer@frametopskip=\skip52
\beamer@framebottomskip=\skip53
\beamer@frametopskipautobreak=\skip54
\beamer@framebottomskipautobreak=\skip55
\beamer@envbody=\toks30
\framewidth=\dimen272
\c@framenumber=\count319
) (/usr/share/texlive/texmf-dist/tex/latex/beamer/beamerbaseverbatim.sty
\beamer@verbatimfileout=\write4
) (/usr/share/texlive/texmf-dist/tex/latex/beamer/beamerbaseframesize.sty
\beamer@splitbox=\box69
\beamer@autobreakcount=\count320
\beamer@autobreaklastheight=\dimen273
\beamer@frametitletoks=\toks31
\beamer@framesubtitletoks=\toks32
) (/usr/share/texlive/texmf-dist/tex/latex/beamer/beamerbaseframecomponents.sty
\beamer@footins=\box70
) (/usr/share/texlive/texmf-dist/tex/latex/beamer/beamerbasecolor.sty) (/usr/share/texlive/texmf-dist/tex/latex/beamer/beamerbasenotes.sty
\beamer@frameboxcopy=\box71
) (/usr/share/texlive/texmf-dist/tex/latex/beamer/beamerbasetoc.sty) (/usr/share/texlive/texmf-dist/tex/latex/beamer/beamerbasetemplates.sty
\beamer@sbttoks=\toks33
 (/usr/share/texlive/texmf-dist/tex/latex/beamer/beamerbaseauxtemplates.sty (/usr/share/texlive/texmf-dist/tex/latex/beamer/beamerbaseboxes.sty
\bmb@box=\box72
\bmb@colorbox=\box73
\bmb@boxwidth=\dimen274
\bmb@boxheight=\dimen275
\bmb@prevheight=\dimen276
\bmb@temp=\dimen277
\bmb@dima=\dimen278
\bmb@dimb=\dimen279
\bmb@prevheight=\dimen280
)
\beamer@blockheadheight=\dimen281
)) (/usr/share/texlive/texmf-dist/tex/latex/beamer/beamerbaselocalstructure.sty (/usr/share/texlive/texmf-dist/tex/latex/tools/enumerate.sty
Package: enumerate 2023/07/04 v3.00 enumerate extensions (DPC)
\@enLab=\toks34
)
\beamer@bibiconwidth=\skip56
\c@figure=\count321
\c@table=\count322
\abovecaptionskip=\skip57
\belowcaptionskip=\skip58
) (/usr/share/texlive/texmf-dist/tex/latex/beamer/beamerbasenavigation.sty (/usr/share/texlive/texmf-dist/tex/latex/beamer/beamerbasenavigationsymbols.tex)
\beamer@section@min@dim=\dimen282
) (/usr/share/texlive/texmf-dist/tex/latex/beamer/beamerbasetheorems.sty (/usr/share/texlive/texmf-dist/tex/latex/amsmath/amsmath.sty
Package: amsmath 2023/05/13 v2.17o AMS math features
\@mathmargin=\skip59

For additional information on amsmath, use the `?' option.
(/usr/share/texlive/texmf-dist/tex/latex/amsmath/amstext.sty
Package: amstext 2021/08/26 v2.01 AMS text
 (/usr/share/texlive/texmf-dist/tex/latex/amsmath/amsgen.sty
File: amsgen.sty 1999/11/30 v2.0 generic functions
\@emptytoks=\toks35
\ex@=\dimen283
)) (/usr/share/texlive/texmf-dist/tex/latex/amsmath/amsbsy.sty
Package: amsbsy 1999/11/29 v1.2d Bold Symbols
\pmbraise@=\dimen284
) (/usr/share/texlive/texmf-dist/tex/latex/amsmath/amsopn.sty
Package: amsopn 2022/04/08 v2.04 operator names
)
\inf@bad=\count323
LaTeX Info: Redefining \frac on input line 234.
\uproot@=\count324
\leftroot@=\count325
LaTeX Info: Redefining \overline on input line 399.
LaTeX Info: Redefining \colon on input line 410.
\classnum@=\count326
\DOTSCASE@=\count327
LaTeX Info: Redefining \ldots on input line 496.
LaTeX Info: Redefining \dots on input line 499.
LaTeX Info: Redefining \cdots on input line 620.
\Mathstrutbox@=\box74
\strutbox@=\box75
LaTeX Info: Redefining \big on input line 722.
LaTeX Info: Redefining \Big on input line 723.
LaTeX Info: Redefining \bigg on input line 724.
LaTeX Info: Redefining \Bigg on input line 725.
\big@size=\dimen285
LaTeX Font Info:    Redeclaring font encoding OML on input line 743.
LaTeX Font Info:    Redeclaring font encoding OMS on input line 744.
\macc@depth=\count328
LaTeX Info: Redefining \bmod on input line 905.
LaTeX Info: Redefining \pmod on input line 910.
LaTeX Info: Redefining \smash on input line 940.
LaTeX Info: Redefining \relbar on input line 970.
LaTeX Info: Redefining \Relbar on input line 971.
\c@MaxMatrixCols=\count329
\dotsspace@=\muskip17
\c@parentequation=\count330
\dspbrk@lvl=\count331
\tag@help=\toks36
\row@=\count332
\column@=\count333
\maxfields@=\count334
\andhelp@=\toks37
\eqnshift@=\dimen286
\alignsep@=\dimen287
\tagshift@=\dimen288
\tagwidth@=\dimen289
\totwidth@=\dimen290
\lineht@=\dimen291
\@envbody=\toks38
\multlinegap=\skip60
\multlinetaggap=\skip61
\mathdisplay@stack=\toks39
LaTeX Info: Redefining \[ on input line 2953.
LaTeX Info: Redefining \] on input line 2954.
) (/usr/share/texlive/texmf-dist/tex/latex/amscls/amsthm.sty
Package: amsthm 2020/05/29 v2.20.6
\thm@style=\toks40
\thm@bodyfont=\toks41
\thm@headfont=\toks42
\thm@notefont=\toks43
\thm@headpunct=\toks44
\thm@preskip=\skip62
\thm@postskip=\skip63
\thm@headsep=\skip64
\dth@everypar=\toks45
)
\c@theorem=\count335
) (/usr/share/texlive/texmf-dist/tex/latex/beamer/beamerbasethemes.sty)) (/usr/share/texlive/texmf-dist/tex/latex/beamer/beamerthemedefault.sty (/usr/share/texlive/texmf-dist/tex/latex/beamer/beamerfontthemedefault.sty) (/usr/share/texlive/texmf-dist/tex/latex/beamer/beamercolorthemedefault.sty) (/usr/share/texlive/texmf-dist/tex/latex/beamer/beamerinnerthemedefault.sty
\beamer@dima=\dimen292
\beamer@dimb=\dimen293
) (/usr/share/texlive/texmf-dist/tex/latex/beamer/beamerouterthemedefault.sty))) (./Modulsettings.tex) (../Templates/Settings.tex (/usr/share/texlive/texmf-dist/tex/latex/base/inputenc.sty
Package: inputenc 2021/02/14 v1.3d Input encoding file
\inpenc@prehook=\toks46
\inpenc@posthook=\toks47
) (/usr/share/texlive/texmf-dist/tex/generic/babel/babel.sty
Package: babel 2024/01/07 v24.1 The Babel package
\babel@savecnt=\count336
\U@D=\dimen294
\l@unhyphenated=\language14
 (/usr/share/texlive/texmf-dist/tex/generic/babel/txtbabel.def)
\bbl@readstream=\read3
LaTeX Info: Redefining \textlatin on input line 3986.
\bbl@dirlevel=\count337
 (/usr/share/texlive/texmf-dist/tex/generic/babel-german/ngerman.ldf
Language: ngerman 2024/01/19 v2.14 German support for babel (post-1996 orthography)
 (/usr/share/texlive/texmf-dist/tex/generic/babel-german/ngermanb.ldf
Language: ngermanb 2024/01/19 v2.14 German support for babel (post-1996 orthography)
Package babel Info: Making " an active character on input line 122.
))) (/usr/share/texlive/texmf-dist/tex/generic/babel/locale/de/babel-ngerman.tex
Package babel Info: Importing font and identification data for ngerman
(babel)             from babel-de.ini. Reported on input line 11.
) (/usr/share/texlive/texmf-dist/tex/latex/colortbl/colortbl.sty
Package: colortbl 2022/06/20 v1.0f Color table columns (DPC)
 (/usr/share/texlive/texmf-dist/tex/latex/tools/array.sty
Package: array 2023/10/16 v2.5g Tabular extension package (FMi)
\col@sep=\dimen295
\ar@mcellbox=\box76
\extrarowheight=\dimen296
\NC@list=\toks48
\extratabsurround=\skip65
\backup@length=\skip66
\ar@cellbox=\box77
)
\everycr=\toks49
\minrowclearance=\skip67
\rownum=\count338
) (/usr/share/texlive/texmf-dist/tex/latex/multirow/multirow.sty
Package: multirow 2021/03/15 v2.8 Span multiple rows of a table
\multirow@colwidth=\skip68
\multirow@cntb=\count339
\multirow@dima=\skip69
\bigstrutjot=\dimen297
) (/usr/share/texlive/texmf-dist/tex/latex/booktabs/booktabs.sty
Package: booktabs 2020/01/12 v1.61803398 Publication quality tables
\heavyrulewidth=\dimen298
\lightrulewidth=\dimen299
\cmidrulewidth=\dimen300
\belowrulesep=\dimen301
\belowbottomsep=\dimen302
\aboverulesep=\dimen303
\abovetopsep=\dimen304
\cmidrulesep=\dimen305
\cmidrulekern=\dimen306
\defaultaddspace=\dimen307
\@cmidla=\count340
\@cmidlb=\count341
\@aboverulesep=\dimen308
\@belowrulesep=\dimen309
\@thisruleclass=\count342
\@lastruleclass=\count343
\@thisrulewidth=\dimen310
) (/usr/share/texlive/texmf-dist/tex/latex/base/ifthen.sty
Package: ifthen 2022/04/13 v1.1d Standard LaTeX ifthen package (DPC)
) (/usr/share/texlive/texmf-dist/tex/latex/base/makeidx.sty
Package: makeidx 2021/10/04 v1.0m Standard LaTeX package
) (/usr/share/texlive/texmf-dist/tex/latex/nomencl/nomencl.sty
Package: nomencl 2021/11/10 v5.6 Nomenclature package
 (/usr/share/texlive/texmf-dist/tex/latex/xkeyval/xkeyval.sty
Package: xkeyval 2022/06/16 v2.9 package option processing (HA)
 (/usr/share/texlive/texmf-dist/tex/generic/xkeyval/xkeyval.tex (/usr/share/texlive/texmf-dist/tex/generic/xkeyval/xkvutils.tex
\XKV@toks=\toks50
\XKV@tempa@toks=\toks51
)
\XKV@depth=\count344
File: xkeyval.tex 2014/12/03 v2.7a key=value parser (HA)
)) (/usr/share/texlive/texmf-dist/tex/latex/koma-script/tocbasic.sty
Package: tocbasic 2023/07/07 v3.41 KOMA-Script package (handling toc-files)
 (/usr/share/texlive/texmf-dist/tex/latex/koma-script/scrbase.sty
Package: scrbase 2023/07/07 v3.41 KOMA-Script package (KOMA-Script-independent basics and keyval usage)
 (/usr/share/texlive/texmf-dist/tex/latex/koma-script/scrlfile.sty
Package: scrlfile 2023/07/07 v3.41 KOMA-Script package (file load hooks)
 (/usr/share/texlive/texmf-dist/tex/latex/koma-script/scrlfile-hook.sty
Package: scrlfile-hook 2023/07/07 v3.41 KOMA-Script package (using LaTeX hooks)
 (/usr/share/texlive/texmf-dist/tex/latex/koma-script/scrlogo.sty
Package: scrlogo 2023/07/07 v3.41 KOMA-Script package (logo)
)))
Applying: [2021/05/01] Usage of raw or classic option list on input line 252.
Already applied: [0000/00/00] Usage of raw or classic option list on input line 368.
)
\scr@dte@tocline@numberwidth=\skip70
\scr@dte@tocline@numbox=\box78
)
Package tocbasic Info: setting babel extension for `nlo' on input line 187.
Package tocbasic Info: setting babel extension for `nls' on input line 188.
\nomlabelwidth=\dimen311
\nom@tempdim=\dimen312
\nomitemsep=\skip71
) (/usr/share/texlive/texmf-dist/tex/latex/was/icomma.sty
Package: icomma 2002/03/10 v2.0 (WaS)
) (/usr/share/texlive/texmf-dist/tex/latex/mathtools/mathtools.sty
Package: mathtools 2022/06/29 v1.29 mathematical typesetting tools
 (/usr/share/texlive/texmf-dist/tex/latex/tools/calc.sty
Package: calc 2023/07/08 v4.3 Infix arithmetic (KKT,FJ)
\calc@Acount=\count345
\calc@Bcount=\count346
\calc@Adimen=\dimen313
\calc@Bdimen=\dimen314
\calc@Askip=\skip72
\calc@Bskip=\skip73
LaTeX Info: Redefining \setlength on input line 80.
LaTeX Info: Redefining \addtolength on input line 81.
\calc@Ccount=\count347
\calc@Cskip=\skip74
) (/usr/share/texlive/texmf-dist/tex/latex/mathtools/mhsetup.sty
Package: mhsetup 2021/03/18 v1.4 programming setup (MH)
)
\g_MT_multlinerow_int=\count348
\l_MT_multwidth_dim=\dimen315
\origjot=\skip75
\l_MT_shortvdotswithinadjustabove_dim=\dimen316
\l_MT_shortvdotswithinadjustbelow_dim=\dimen317
\l_MT_above_intertext_sep=\dimen318
\l_MT_below_intertext_sep=\dimen319
\l_MT_above_shortintertext_sep=\dimen320
\l_MT_below_shortintertext_sep=\dimen321
\xmathstrut@box=\box79
\xmathstrut@dim=\dimen322
) (/usr/share/texlive/texmf-dist/tex/latex/cancel/cancel.sty
Package: cancel 2013/04/12 v2.2 Cancel math terms
) (/usr/share/texlive/texmf-dist/tex/latex/base/textcomp.sty
Package: textcomp 2020/02/02 v2.0n Standard LaTeX package
) (/usr/share/texlive/texmf-dist/tex/latex/gensymb/gensymb.sty
Package: gensymb 2022/10/17 v1.0.2 (KJH)
) (/usr/share/texlive/texmf-dist/tex/latex/xargs/xargs.sty
Package: xargs 2008/03/22 v1.1  extended macro definitions  (mpg)
\xargs@max=\count349
\xargs@toksa=\toks52
\xargs@toksb=\toks53
) (/usr/share/texlive/texmf-dist/tex/latex/esint/esint.sty
Package: esint 
\symlargesymbolsA=\mathgroup6
) (/usr/share/texlive/texmf-dist/tex/latex/siunitx/siunitx.sty
Package: siunitx 2024-01-25 v3.3.10 A comprehensive (SI) units package
\l__siunitx_number_uncert_offset_int=\count350
\l__siunitx_number_exponent_fixed_int=\count351
\l__siunitx_number_min_decimal_int=\count352
\l__siunitx_number_min_integer_int=\count353
\l__siunitx_number_round_precision_int=\count354
\l__siunitx_number_lower_threshold_int=\count355
\l__siunitx_number_upper_threshold_int=\count356
\l__siunitx_number_group_first_int=\count357
\l__siunitx_number_group_size_int=\count358
\l__siunitx_number_group_minimum_int=\count359
\l__siunitx_angle_tmp_dim=\dimen323
\l__siunitx_angle_marker_box=\box80
\l__siunitx_angle_unit_box=\box81
\l__siunitx_compound_count_int=\count360
 (/usr/share/texlive/texmf-dist/tex/latex/translations/translations.sty
Package: translations 2022/02/05 v1.12 internationalization of LaTeX2e packages (CN)
)
\l__siunitx_table_tmp_box=\box82
\l__siunitx_table_tmp_dim=\dimen324
\l__siunitx_table_column_width_dim=\dimen325
\l__siunitx_table_integer_box=\box83
\l__siunitx_table_decimal_box=\box84
\l__siunitx_table_uncert_box=\box85
\l__siunitx_table_before_box=\box86
\l__siunitx_table_after_box=\box87
\l__siunitx_table_before_dim=\dimen326
\l__siunitx_table_carry_dim=\dimen327
\l__siunitx_unit_tmp_int=\count361
\l__siunitx_unit_position_int=\count362
\l__siunitx_unit_total_int=\count363
) (/usr/share/texlive/texmf-dist/tex/latex/caption/subcaption.sty
Package: subcaption 2023/07/28 v1.6b Sub-captions (AR)
 (/usr/share/texlive/texmf-dist/tex/latex/caption/caption.sty
Package: caption 2023/08/05 v3.6o Customizing captions (AR)
 (/usr/share/texlive/texmf-dist/tex/latex/caption/caption3.sty
Package: caption3 2023/07/31 v2.4d caption3 kernel (AR)
\caption@tempdima=\dimen328
\captionmargin=\dimen329
\caption@leftmargin=\dimen330
\caption@rightmargin=\dimen331
\caption@width=\dimen332
\caption@indent=\dimen333
\caption@parindent=\dimen334
\caption@hangindent=\dimen335
Package caption Info: beamer document class detected.
 (/usr/share/texlive/texmf-dist/tex/latex/caption/caption-beamer.sto
File: caption-beamer.sto 2022/01/06 v2.0c Adaption of the caption package to the beamer document classes (AR)
))
\c@caption@flags=\count364
\c@continuedfloat=\count365
Package caption Info: hyperref package is loaded.
Package caption Info: Hyperref support is turned off
(caption)             because hyperref has stopped early.
)
Package caption Info: New subtype `subfigure' on input line 238.
\c@subfigure=\count366
Package caption Info: New subtype `subtable' on input line 238.
\c@subtable=\count367
) (/usr/share/texlive/texmf-dist/tex/latex/units/nicefrac.sty
Package: nicefrac 1998/08/04 v0.9b Nice fractions
\L@UnitsRaiseDisplaystyle=\skip76
\L@UnitsRaiseTextstyle=\skip77
\L@UnitsRaiseScriptstyle=\skip78
LaTeX Info: Redefining \nicefrac on input line 131.
) (/usr/share/texlive/texmf-dist/tex/latex/l3packages/xfrac/xfrac.sty (/usr/share/texlive/texmf-dist/tex/latex/l3kernel/expl3.sty
Package: expl3 2024-01-22 L3 programming layer (loader) 
 (/usr/share/texlive/texmf-dist/tex/latex/l3backend/l3backend-pdftex.def
File: l3backend-pdftex.def 2024-01-04 L3 backend support: PDF output (pdfTeX)
\l__color_backend_stack_int=\count368
\l__pdf_internal_box=\box88
)) (/usr/share/texlive/texmf-dist/tex/latex/l3packages/l3keys2e/l3keys2e.sty
Package: l3keys2e 2023-10-10 LaTeX2e option processing using LaTeX3 keys
) (/usr/share/texlive/texmf-dist/tex/latex/l3packages/xparse/xparse.sty
Package: xparse 2023-10-10 L3 Experimental document command parser
) (/usr/share/texlive/texmf-dist/tex/latex/l3packages/xtemplate/xtemplate.sty
Package: xtemplate 2023-10-10 L3 Experimental prototype document functions
\l__xtemplate_tmp_dim=\dimen336
\l__xtemplate_tmp_int=\count369
\l__xtemplate_tmp_muskip=\muskip18
\l__xtemplate_tmp_skip=\skip79
)
Package: xfrac 2023-10-10 L3 Experimental split-level fractions
\l__xfrac_slash_box=\box89
\l__xfrac_tmp_box=\box90
\l__xfrac_denominator_bot_sep_dim=\dimen337
\l__xfrac_numerator_bot_sep_dim=\dimen338
\l__xfrac_numerator_top_sep_dim=\dimen339
\l__xfrac_slash_left_sep_dim=\dimen340
\l__xfrac_slash_right_sep_dim=\dimen341
\l__xfrac_slash_left_muskip=\muskip19
\l__xfrac_slash_right_muskip=\muskip20

Package xtemplate Info: Declaring object type 'xfrac' taking 3 argument(s) on
(xtemplate)             line 80.

) (/usr/share/texlive/texmf-dist/tex/latex/tools/bm.sty
Package: bm 2023/07/08 v1.2f Bold Symbol Support (DPC/FMi)
\symboldoperators=\mathgroup7
\symboldletters=\mathgroup8
\symboldsymbols=\mathgroup9
Package bm Info: No bold for \OMX/cmex/m/n, using \pmb.
Package bm Info: No bold for \U/msa/m/n, using \pmb.
Package bm Info: No bold for \U/msb/m/n, using \pmb.
Package bm Info: No bold for \U/esint/m/n, using \pmb.
LaTeX Font Info:    Redeclaring math alphabet \mathbf on input line 149.
) (/usr/share/texlive/texmf-dist/tex/latex/float/float.sty
Package: float 2001/11/08 v1.3d Float enhancements (AL)
\c@float@type=\count370
\float@exts=\toks54
\float@box=\box91
\@float@everytoks=\toks55
\@floatcapt=\box92
) (/usr/share/texlive/texmf-dist/tex/latex/placeins/placeins.sty
Package: placeins 2005/04/18  v 2.2
) (/usr/share/texlive/texmf-dist/tex/latex/circuitikz/circuitikz.sty
Package: circuitikz 2023/12/09{} The CircuiTikz circuit drawing package version 1.6.6
 (/usr/share/texlive/texmf-dist/tex/latex/pgf/frontendlayer/tikz.sty (/usr/share/texlive/texmf-dist/tex/latex/pgf/basiclayer/pgf.sty
Package: pgf 2023-01-15 v3.1.10 (3.1.10)
 (/usr/share/texlive/texmf-dist/tex/generic/pgf/modules/pgfmoduleshapes.code.tex
File: pgfmoduleshapes.code.tex 2023-01-15 v3.1.10 (3.1.10)
\pgfnodeparttextbox=\box93
) (/usr/share/texlive/texmf-dist/tex/generic/pgf/modules/pgfmoduleplot.code.tex
File: pgfmoduleplot.code.tex 2023-01-15 v3.1.10 (3.1.10)
) (/usr/share/texlive/texmf-dist/tex/latex/pgf/compatibility/pgfcomp-version-0-65.sty
Package: pgfcomp-version-0-65 2023-01-15 v3.1.10 (3.1.10)
\pgf@nodesepstart=\dimen342
\pgf@nodesepend=\dimen343
) (/usr/share/texlive/texmf-dist/tex/latex/pgf/compatibility/pgfcomp-version-1-18.sty
Package: pgfcomp-version-1-18 2023-01-15 v3.1.10 (3.1.10)
)) (/usr/share/texlive/texmf-dist/tex/latex/pgf/utilities/pgffor.sty (/usr/share/texlive/texmf-dist/tex/generic/pgf/utilities/pgffor.code.tex
Package: pgffor 2023-01-15 v3.1.10 (3.1.10)
\pgffor@iter=\dimen344
\pgffor@skip=\dimen345
\pgffor@stack=\toks56
\pgffor@toks=\toks57
)) (/usr/share/texlive/texmf-dist/tex/generic/pgf/frontendlayer/tikz/tikz.code.tex
Package: tikz 2023-01-15 v3.1.10 (3.1.10)
 (/usr/share/texlive/texmf-dist/tex/generic/pgf/libraries/pgflibraryplothandlers.code.tex
File: pgflibraryplothandlers.code.tex 2023-01-15 v3.1.10 (3.1.10)
\pgf@plot@mark@count=\count371
\pgfplotmarksize=\dimen346
)
\tikz@lastx=\dimen347
\tikz@lasty=\dimen348
\tikz@lastxsaved=\dimen349
\tikz@lastysaved=\dimen350
\tikz@lastmovetox=\dimen351
\tikz@lastmovetoy=\dimen352
\tikzleveldistance=\dimen353
\tikzsiblingdistance=\dimen354
\tikz@figbox=\box94
\tikz@figbox@bg=\box95
\tikz@tempbox=\box96
\tikz@tempbox@bg=\box97
\tikztreelevel=\count372
\tikznumberofchildren=\count373
\tikznumberofcurrentchild=\count374
\tikz@fig@count=\count375
 (/usr/share/texlive/texmf-dist/tex/generic/pgf/modules/pgfmodulematrix.code.tex
File: pgfmodulematrix.code.tex 2023-01-15 v3.1.10 (3.1.10)
\pgfmatrixcurrentrow=\count376
\pgfmatrixcurrentcolumn=\count377
\pgf@matrix@numberofcolumns=\count378
)
\tikz@expandcount=\count379
 (/usr/share/texlive/texmf-dist/tex/generic/pgf/frontendlayer/tikz/libraries/tikzlibrarytopaths.code.tex
File: tikzlibrarytopaths.code.tex 2023-01-15 v3.1.10 (3.1.10)
))) (/usr/share/texlive/texmf-dist/tex/generic/pgf/frontendlayer/tikz/libraries/tikzlibrarycalc.code.tex
File: tikzlibrarycalc.code.tex 2023-01-15 v3.1.10 (3.1.10)
) (/usr/share/texlive/texmf-dist/tex/generic/pgf/libraries/pgflibraryarrows.meta.code.tex
File: pgflibraryarrows.meta.code.tex 2023-01-15 v3.1.10 (3.1.10)
\pgfarrowinset=\dimen355
\pgfarrowlength=\dimen356
\pgfarrowwidth=\dimen357
\pgfarrowlinewidth=\dimen358
) (/usr/share/texlive/texmf-dist/tex/generic/pgf/frontendlayer/tikz/libraries/tikzlibrarybending.code.tex
File: tikzlibrarybending.code.tex 2023-01-15 v3.1.10 (3.1.10)
 (/usr/share/texlive/texmf-dist/tex/generic/pgf/modules/pgfmodulebending.code.tex
File: pgfmodulebending.code.tex 2023-01-15 v3.1.10 (3.1.10)
 (/usr/share/texlive/texmf-dist/tex/generic/pgf/modules/pgfmodulenonlineartransformations.code.tex
File: pgfmodulenonlineartransformations.code.tex 2023-01-15 v3.1.10 (3.1.10)
\pgftransformnonlinearflatness=\dimen359
) (/usr/share/texlive/texmf-dist/tex/generic/pgf/libraries/pgflibrarycurvilinear.code.tex
File: pgflibrarycurvilinear.code.tex 2023-01-15 v3.1.10 (3.1.10)
\pgf@curvilinear@time@a=\dimen360
\pgf@curvilinear@length@a=\dimen361
\pgf@curvilinear@length@b=\dimen362
\pgf@curvilinear@length@c=\dimen363
\pgf@curvilinear@length@d=\dimen364
)
\pgf@arrows@the@rigidity=\dimen365
)) (/usr/share/texlive/texmf-dist/tex/generic/pgf/frontendlayer/tikz/libraries/tikzlibraryfpu.code.tex (/usr/share/texlive/texmf-dist/tex/generic/pgf/libraries/pgflibraryfpu.code.tex)) (/usr/share/texlive/texmf-dist/tex/generic/circuitikz/pgfcirc.defines.tex
\pgf@circ@count@a=\count380
\pgf@circ@count@b=\count381
\pgf@circ@count@c=\count382
\pgf@circ@res@up=\dimen366
\pgf@circ@res@down=\dimen367
\pgf@circ@res@zero=\dimen368
\pgf@circ@res@left=\dimen369
\pgf@circ@res@right=\dimen370
\pgf@circ@res@other=\dimen371
\pgf@circ@res@step=\dimen372
\pgf@circ@res@temp=\dimen373
\pgf@circ@Rlen=\dimen374
\pgf@circ@scaled@Rlen=\dimen375
\pgfstartlinewidth=\dimen376
) (/usr/share/texlive/texmf-dist/tex/generic/circuitikz/pgfcircutils.tex
\ctikz@scratchbox=\box98
) (/usr/share/texlive/texmf-dist/tex/generic/circuitikz/pgfcircpath.tex) (/usr/share/texlive/texmf-dist/tex/generic/circuitikz/pgfcircshapes.tex) (/usr/share/texlive/texmf-dist/tex/generic/circuitikz/pgfcircmonopoles.tex) (/usr/share/texlive/texmf-dist/tex/generic/circuitikz/pgfcircbipoles.tex) (/usr/share/texlive/texmf-dist/tex/generic/circuitikz/pgfcirctripoles.tex
\pgf@circ@res@count=\count383
) (/usr/share/texlive/texmf-dist/tex/generic/circuitikz/pgfcircquadpoles.tex) (/usr/share/texlive/texmf-dist/tex/generic/circuitikz/pgfcircmultipoles.tex) (/usr/share/texlive/texmf-dist/tex/generic/circuitikz/pgfcirclabel.tex) (/usr/share/texlive/texmf-dist/tex/generic/circuitikz/pgfcircvoltage.tex
\pgfcirc@labelshift=\dimen377
) (/usr/share/texlive/texmf-dist/tex/generic/circuitikz/pgfcirccurrent.tex) (/usr/share/texlive/texmf-dist/tex/generic/circuitikz/pgfcircflow.tex)) (/usr/share/texlive/texmf-dist/tex/latex/pgfplots/pgfplots.sty (/usr/share/texlive/texmf-dist/tex/generic/pgfplots/pgfplots.revision.tex)
Package: pgfplots 2021/05/15 v1.18.1 Data Visualization (1.18.1)
 (/usr/share/texlive/texmf-dist/tex/generic/pgfplots/pgfplots.code.tex (/usr/share/texlive/texmf-dist/tex/generic/pgfplots/pgfplotscore.code.tex
\t@pgfplots@toka=\toks58
\t@pgfplots@tokb=\toks59
\t@pgfplots@tokc=\toks60
\pgfplots@tmpa=\dimen378
\c@pgfplots@coordindex=\count384
\c@pgfplots@scanlineindex=\count385
 (/usr/share/texlive/texmf-dist/tex/generic/pgfplots/sys/pgfplotssysgeneric.code.tex)) (/usr/share/texlive/texmf-dist/tex/generic/pgfplots/libs/pgfplotslibrary.code.tex) (/usr/share/texlive/texmf-dist/tex/generic/pgfplots/oldpgfcompatib/pgfplotsoldpgfsupp_loader.code.tex
Package pgfplots: loading complementary utilities for your pgf version...
\t@pgf@toka=\toks61
\t@pgf@tokb=\toks62
\t@pgf@tokc=\toks63
(/usr/share/texlive/texmf-dist/tex/generic/pgfplots/oldpgfcompatib/pgfplotsoldpgfsupp_pgfutil-common-lists.tex)) (/usr/share/texlive/texmf-dist/tex/generic/pgfplots/util/pgfplotsutil.code.tex (/usr/share/texlive/texmf-dist/tex/generic/pgfplots/liststructure/pgfplotsliststructure.code.tex) (/usr/share/texlive/texmf-dist/tex/generic/pgfplots/liststructure/pgfplotsliststructureext.code.tex) (/usr/share/texlive/texmf-dist/tex/generic/pgfplots/liststructure/pgfplotsarray.code.tex
\c@pgfplotsarray@tmp=\count386
) (/usr/share/texlive/texmf-dist/tex/generic/pgfplots/liststructure/pgfplotsmatrix.code.tex) (/usr/share/texlive/texmf-dist/tex/generic/pgfplots/numtable/pgfplotstableshared.code.tex
\c@pgfplotstable@counta=\count387
\t@pgfplotstable@a=\toks64
) (/usr/share/texlive/texmf-dist/tex/generic/pgfplots/liststructure/pgfplotsdeque.code.tex) (/usr/share/texlive/texmf-dist/tex/generic/pgfplots/util/pgfplotsbinary.code.tex (/usr/share/texlive/texmf-dist/tex/generic/pgfplots/util/pgfplotsbinary.data.code.tex)) (/usr/share/texlive/texmf-dist/tex/generic/pgfplots/util/pgfplotsutil.verb.code.tex) (/usr/share/texlive/texmf-dist/tex/generic/pgfplots/libs/pgflibrarypgfplots.surfshading.code.tex
\c@pgfplotslibrarysurf@no=\count388
 (/usr/share/texlive/texmf-dist/tex/generic/pgfplots/sys/pgflibrarypgfplots.surfshading.pgfsys-pdftex.def))) (/usr/share/texlive/texmf-dist/tex/generic/pgfplots/util/pgfplotscolormap.code.tex (/usr/share/texlive/texmf-dist/tex/generic/pgfplots/util/pgfplotscolor.code.tex)) (/usr/share/texlive/texmf-dist/tex/generic/pgfplots/pgfplotsstackedplots.code.tex) (/usr/share/texlive/texmf-dist/tex/generic/pgfplots/pgfplotsplothandlers.code.tex (/usr/share/texlive/texmf-dist/tex/generic/pgfplots/pgfplotsmeshplothandler.code.tex (/usr/share/texlive/texmf-dist/tex/generic/pgfplots/pgfplotsmeshplotimage.code.tex))) (/usr/share/texlive/texmf-dist/tex/generic/pgfplots/pgfplots.scaling.code.tex) (/usr/share/texlive/texmf-dist/tex/generic/pgfplots/pgfplotscoordprocessing.code.tex) (/usr/share/texlive/texmf-dist/tex/generic/pgfplots/pgfplots.errorbars.code.tex) (/usr/share/texlive/texmf-dist/tex/generic/pgfplots/pgfplots.markers.code.tex) (/usr/share/texlive/texmf-dist/tex/generic/pgfplots/pgfplotsticks.code.tex) (/usr/share/texlive/texmf-dist/tex/generic/pgfplots/pgfplots.paths.code.tex) (/usr/share/texlive/texmf-dist/tex/generic/pgf/frontendlayer/tikz/libraries/tikzlibrarydecorations.code.tex (/usr/share/texlive/texmf-dist/tex/generic/pgf/modules/pgfmoduledecorations.code.tex
\pgfdecoratedcompleteddistance=\dimen379
\pgfdecoratedremainingdistance=\dimen380
\pgfdecoratedinputsegmentcompleteddistance=\dimen381
\pgfdecoratedinputsegmentremainingdistance=\dimen382
\pgf@decorate@distancetomove=\dimen383
\pgf@decorate@repeatstate=\count389
\pgfdecorationsegmentamplitude=\dimen384
\pgfdecorationsegmentlength=\dimen385
)
\tikz@lib@dec@box=\box99
) (/usr/share/texlive/texmf-dist/tex/generic/pgf/frontendlayer/tikz/libraries/tikzlibrarydecorations.pathmorphing.code.tex (/usr/share/texlive/texmf-dist/tex/generic/pgf/libraries/decorations/pgflibrarydecorations.pathmorphing.code.tex)) (/usr/share/texlive/texmf-dist/tex/generic/pgf/frontendlayer/tikz/libraries/tikzlibrarydecorations.pathreplacing.code.tex (/usr/share/texlive/texmf-dist/tex/generic/pgf/libraries/decorations/pgflibrarydecorations.pathreplacing.code.tex)) (/usr/share/texlive/texmf-dist/tex/generic/pgfplots/libs/tikzlibrarypgfplots.contourlua.code.tex)
\pgfplots@numplots=\count390
\pgfplots@xmin@reg=\dimen386
\pgfplots@xmax@reg=\dimen387
\pgfplots@ymin@reg=\dimen388
\pgfplots@ymax@reg=\dimen389
\pgfplots@zmin@reg=\dimen390
\pgfplots@zmax@reg=\dimen391
) (/usr/share/texlive/texmf-dist/tex/generic/pgf/frontendlayer/tikz/libraries/tikzlibraryplotmarks.code.tex
File: tikzlibraryplotmarks.code.tex 2023-01-15 v3.1.10 (3.1.10)
 (/usr/share/texlive/texmf-dist/tex/generic/pgf/libraries/pgflibraryplotmarks.code.tex
File: pgflibraryplotmarks.code.tex 2023-01-15 v3.1.10 (3.1.10)
))) (/usr/share/texlive/texmf-dist/tex/latex/jknapltx/mathrsfs.sty
Package: mathrsfs 1996/01/01 Math RSFS package v1.0 (jk)
\symrsfs=\mathgroup10
) (/usr/share/texlive/texmf-dist/tex/latex/varwidth/varwidth.sty
Package: varwidth 2009/03/30 ver 0.92;  Variable-width minipages
\@vwid@box=\box100
\sift@deathcycles=\count391
\@vwid@loff=\dimen392
\@vwid@roff=\dimen393
) (/usr/share/texlive/texmf-dist/tex/latex/tcolorbox/tcolorbox.sty
Package: tcolorbox 2024/01/10 version 6.2.0 text color boxes
 (/usr/share/texlive/texmf-dist/tex/latex/tools/verbatim.sty
Package: verbatim 2023-11-06 v1.5v LaTeX2e package for verbatim enhancements
\every@verbatim=\toks65
\verbatim@line=\toks66
\verbatim@in@stream=\read4
) (/usr/share/texlive/texmf-dist/tex/latex/environ/environ.sty
Package: environ 2014/05/04 v0.3 A new way to define environments
 (/usr/share/texlive/texmf-dist/tex/latex/trimspaces/trimspaces.sty
Package: trimspaces 2009/09/17 v1.1 Trim spaces around a token list
))
\tcb@titlebox=\box101
\tcb@upperbox=\box102
\tcb@lowerbox=\box103
\tcb@phantombox=\box104
\c@tcbbreakpart=\count392
\c@tcblayer=\count393
\c@tcolorbox@number=\count394
\l__tcobox_tmpa_box=\box105
\l__tcobox_tmpa_dim=\dimen394
\tcb@temp=\box106
\tcb@temp=\box107
\tcb@temp=\box108
\tcb@temp=\box109
 (/usr/share/texlive/texmf-dist/tex/latex/tcolorbox/tcbraster.code.tex
Library (tcolorbox): 'tcbraster.code.tex' version '6.2.0'
\c@tcbrastercolumn=\count395
\c@tcbrasterrow=\count396
\c@tcbrasternum=\count397
\c@tcbraster=\count398
) (/usr/share/texlive/texmf-dist/tex/latex/tcolorbox/tcbskins.code.tex
Library (tcolorbox): 'tcbskins.code.tex' version '6.2.0'
(/usr/share/texlive/texmf-dist/tex/latex/tikzfill/tikzfill.image.sty
Package: tikzfill.image 2023/08/08 v1.0.1 Image filling library for TikZ
 (/usr/share/texlive/texmf-dist/tex/latex/tikzfill/tikzfill-common.sty
Package: tikzfill-common 2023/08/08 v1.0.1 Auxiliary code for tikzfill
) (/usr/share/texlive/texmf-dist/tex/latex/tikzfill/tikzlibraryfill.image.code.tex
File: tikzlibraryfill.image.code.tex 2023/08/08 v1.0.1 Image filling library
\l__tikzfill_img_box=\box110
)) (/usr/share/texlive/texmf-dist/tex/latex/tcolorbox/tcbskinsjigsaw.code.tex
Library (tcolorbox): 'tcbskinsjigsaw.code.tex' version '6.2.0'
)) (/usr/share/texlive/texmf-dist/tex/latex/tcolorbox/tcbbreakable.code.tex
Library (tcolorbox): 'tcbbreakable.code.tex' version '6.2.0'
(/usr/share/texlive/texmf-dist/tex/latex/pdfcol/pdfcol.sty
Package: pdfcol 2022-09-21 v1.7 Handle new color stacks for pdfTeX (HO)
)
Package pdfcol Info: New color stack `tcb@breakable' = 1 on input line 23.
\tcb@testbox=\box111
\tcb@totalupperbox=\box112
\tcb@totallowerbox=\box113
) (/usr/share/texlive/texmf-dist/tex/latex/tcolorbox/tcbhooks.code.tex
Library (tcolorbox): 'tcbhooks.code.tex' version '6.2.0'
) (/usr/share/texlive/texmf-dist/tex/latex/tcolorbox/tcbtheorems.code.tex
Library (tcolorbox): 'tcbtheorems.code.tex' version '6.2.0'
) (/usr/share/texlive/texmf-dist/tex/latex/tcolorbox/tcbfitting.code.tex
Library (tcolorbox): 'tcbfitting.code.tex' version '6.2.0'
\tcbfitdim=\dimen395
\tcb@lowerfitdim=\dimen396
\tcb@upperfitdim=\dimen397
\tcb@cur@hbadness=\count399
) (/usr/share/texlive/texmf-dist/tex/latex/tcolorbox/tcblistingsutf8.code.tex
Library (tcolorbox): 'tcblistingsutf8.code.tex' version '6.2.0'
(/usr/share/texlive/texmf-dist/tex/latex/tcolorbox/tcblistings.code.tex
Library (tcolorbox): 'tcblistings.code.tex' version '6.2.0'
(/usr/share/texlive/texmf-dist/tex/latex/listings/listings.sty
\lst@mode=\count400
\lst@gtempboxa=\box114
\lst@token=\toks67
\lst@length=\count401
\lst@currlwidth=\dimen398
\lst@column=\count402
\lst@pos=\count403
\lst@lostspace=\dimen399
\lst@width=\dimen400
\lst@newlines=\count404
\lst@lineno=\count405
\lst@maxwidth=\dimen401
 (/usr/share/texlive/texmf-dist/tex/latex/listings/lstmisc.sty
File: lstmisc.sty 2023/02/27 1.9 (Carsten Heinz)
\c@lstnumber=\count406
\lst@skipnumbers=\count407
\lst@framebox=\box115
) (/usr/share/texlive/texmf-dist/tex/latex/listings/listings.cfg
File: listings.cfg 2023/02/27 1.9 listings configuration
))
Package: listings 2023/02/27 1.9 (Carsten Heinz)
 (/usr/share/texlive/texmf-dist/tex/latex/tcolorbox/tcblistingscore.code.tex
Library (tcolorbox): 'tcblistingscore.code.tex' version '6.2.0'
(/usr/share/texlive/texmf-dist/tex/latex/tcolorbox/tcbprocessing.code.tex
Library (tcolorbox): 'tcbprocessing.code.tex' version '6.2.0'
)
\c@tcblisting=\count408
)) (/usr/share/texlive/texmf-dist/tex/latex/listingsutf8/listingsutf8.sty
Package: listingsutf8 2019-12-10 v1.5 Allow UTF-8 in listings input (HO)
 (/usr/share/texlive/texmf-dist/tex/generic/stringenc/stringenc.sty
Package: stringenc 2019/11/29 v1.12 Convert strings between diff. encodings (HO)
))) (/usr/share/texlive/texmf-dist/tex/latex/tcolorbox/tcbexternal.code.tex
Library (tcolorbox): 'tcbexternal.code.tex' version '6.2.0'
) (/usr/share/texlive/texmf-dist/tex/latex/tcolorbox/tcbmagazine.code.tex
Library (tcolorbox): 'tcbmagazine.code.tex' version '6.2.0'
) (/usr/share/texlive/texmf-dist/tex/latex/tcolorbox/tcbvignette.code.tex
Library (tcolorbox): 'tcbvignette.code.tex' version '6.2.0'
(/usr/share/texlive/texmf-dist/tex/generic/pgf/frontendlayer/tikz/libraries/tikzlibraryfadings.code.tex
File: tikzlibraryfadings.code.tex 2023-01-15 v3.1.10 (3.1.10)
 (/usr/share/texlive/texmf-dist/tex/generic/pgf/libraries/pgflibraryfadings.code.tex
File: pgflibraryfadings.code.tex 2023-01-15 v3.1.10 (3.1.10)
))) (/usr/share/texlive/texmf-dist/tex/latex/tcolorbox/tcbposter.code.tex
Library (tcolorbox): 'tcbposter.code.tex' version '6.2.0'
)) (/usr/share/texlive/texmf-dist/tex/latex/adjustbox/adjustbox.sty
Package: adjustbox 2022/10/17 v1.3a Adjusting TeX boxes (trim, clip, ...)
 (/usr/share/texlive/texmf-dist/tex/latex/adjustbox/adjcalc.sty
Package: adjcalc 2012/05/16 v1.1 Provides advanced setlength with multiple back-ends (calc, etex, pgfmath)
) (/usr/share/texlive/texmf-dist/tex/latex/adjustbox/trimclip.sty
Package: trimclip 2020/08/19 v1.2 Trim and clip general TeX material
 (/usr/share/texlive/texmf-dist/tex/latex/collectbox/collectbox.sty
Package: collectbox 2022/10/17 v0.4c Collect macro arguments as boxes
\collectedbox=\box116
)
\tc@llx=\dimen402
\tc@lly=\dimen403
\tc@urx=\dimen404
\tc@ury=\dimen405
Package trimclip Info: Using driver 'tc-pdftex.def'.
 (/usr/share/texlive/texmf-dist/tex/latex/adjustbox/tc-pdftex.def
File: tc-pdftex.def 2019/01/04 v2.2 Clipping driver for pdftex
))
\adjbox@Width=\dimen406
\adjbox@Height=\dimen407
\adjbox@Depth=\dimen408
\adjbox@Totalheight=\dimen409
\adjbox@pwidth=\dimen410
\adjbox@pheight=\dimen411
\adjbox@pdepth=\dimen412
\adjbox@ptotalheight=\dimen413
 (/usr/share/texlive/texmf-dist/tex/latex/ifoddpage/ifoddpage.sty
Package: ifoddpage 2022/10/18 v1.2 Conditionals for odd/even page detection
\c@checkoddpage=\count409
)) (/usr/share/texlive/texmf-dist/tex/latex/svg/svg.sty
Package: svg 2020/11/26 v2.02k (include SVG pictures)
 (/usr/share/texlive/texmf-dist/tex/latex/tools/shellesc.sty
Package: shellesc 2023/07/08 v1.0d unified shell escape interface for LaTeX
Package shellesc Info: Unrestricted shell escape enabled on input line 75.
) (/usr/share/texlive/texmf-dist/tex/latex/ifplatform/ifplatform.sty
Package: ifplatform 2017/10/13 v0.4a Testing for the operating system
 (/usr/share/texlive/texmf-dist/tex/generic/catchfile/catchfile.sty
Package: catchfile 2019/12/09 v1.8 Catch the contents of a file (HO)
 (/usr/share/texlive/texmf-dist/tex/generic/etexcmds/etexcmds.sty
Package: etexcmds 2019/12/15 v1.7 Avoid name clashes with e-TeX commands (HO)
)) (/usr/share/texlive/texmf-dist/tex/generic/iftex/ifluatex.sty
Package: ifluatex 2019/10/25 v1.5 ifluatex legacy package. Use iftex instead.
)
runsystem(uname -s > "Folien.w18")...executed.

 (./Folien.w18)
runsystem(rm -- "Folien.w18")...executed.

)
\c@svg@param@lastpage=\count410
\svg@box=\box117
\c@svg@param@currpage=\count411
) (/usr/share/texlive/texmf-dist/tex/latex/transparent/transparent.sty
Package: transparent 2022-10-27 v1.5 Transparency with color stacks
 (/usr/share/texlive/texmf-dist/tex/latex/transparent/transparent-nometadata.sty
Package: transparent-nometadata 2022-10-27 v1.5 Transparency via pdfTeX's color stack (HO)
)) (/usr/share/texlive/texmf-dist/tex/latex/overpic/overpic.sty
Package: overpic 2024/01/06 2.1 picture overlays (RN)
 (/usr/share/texlive/texmf-dist/tex/latex/eepic/epic.sty
Enhancements to Picture Environment. Version 1.2 - Released June 1, 1986
\@@multicnt=\count412
\d@lta=\count413
\@delta=\dimen414
\@@delta=\dimen415
\@gridcnt=\count414
\@joinkind=\count415
\@dotgap=\dimen416
\@ddotgap=\dimen417
\@x@diff=\count416
\@y@diff=\count417
\x@diff=\dimen418
\y@diff=\dimen419
\@dotbox=\box118
\num@segments=\count418
\num@segmentsi=\count419
\@datafile=\read5
)
\OVP@box=\box119
) (/usr/share/texlive/texmf-dist/tex/latex/silence/silence.sty
Package: silence 2012/07/02 v1.5b Selective filtering of warnings and error messages
\sl@Save=\count420
\sl@StateNumber=\count421
\sl@MessageCount=\count422
\sl@Casualties=\count423
\sl@Filter=\toks68
\sl@Message=\toks69
\sl@UnexpandedMessage=\toks70
\sl@Mess@ge=\toks71
\sl@WarningCount=\count424
\sl@WarningNumber=\count425
\sl@WarningCasualties=\count426
\sl@TempBOW=\toks72
\sl@BankOfWarnings=\toks73
LaTeX Info: Redefining \GenericWarning on input line 433.
\sl@ErrorCount=\count427
\sl@ErrorNumber=\count428
\sl@ErrorCasualties=\count429
\sl@TempBOE=\toks74
\sl@BankOfErrors=\toks75
LaTeX Info: Redefining \GenericError on input line 601.
) (/usr/share/texlive/texmf-dist/tex/generic/pgf/frontendlayer/tikz/libraries/tikzlibraryarrows.code.tex
File: tikzlibraryarrows.code.tex 2023-01-15 v3.1.10 (3.1.10)
 (/usr/share/texlive/texmf-dist/tex/generic/pgf/libraries/pgflibraryarrows.code.tex
File: pgflibraryarrows.code.tex 2023-01-15 v3.1.10 (3.1.10)
\arrowsize=\dimen420
)) (/usr/share/texlive/texmf-dist/tex/generic/pgf/frontendlayer/tikz/libraries/datavisualization/tikzlibrarydatavisualization.code.tex
File: tikzlibrarydatavisualization.code.tex 2023-01-15 v3.1.10 (3.1.10)
 (/usr/share/texlive/texmf-dist/tex/generic/pgf/modules/pgfmoduledatavisualization.code.tex
File: pgfmoduledatavisualization.code.tex 2023-01-15 v3.1.10 (3.1.10)
 (/usr/share/texlive/texmf-dist/tex/generic/pgf/modules/pgfmoduleoo.code.tex
\pgfoo@objectcount=\count430
\pgfoothis@count=\count431
\pgfoo@toks=\toks76
)
\pgf@lib@dv@cache@count=\count432
\pgf@lib@dv@cache@count=\count433
) (/usr/share/texlive/texmf-dist/tex/generic/pgf/frontendlayer/tikz/libraries/tikzlibrarybackgrounds.code.tex
File: tikzlibrarybackgrounds.code.tex 2023-01-15 v3.1.10 (3.1.10)
\pgf@layerbox@background=\box120
\pgf@layerboxsaved@background=\box121
)
\tikzdvvisualizercounter=\count434
) (/usr/share/texlive/texmf-dist/tex/generic/pgf/frontendlayer/tikz/libraries/tikzlibraryangles.code.tex
File: tikzlibraryangles.code.tex 2023-01-15 v3.1.10 (3.1.10)
) (/usr/share/texlive/texmf-dist/tex/generic/pgf/frontendlayer/tikz/libraries/tikzlibrarydecorations.markings.code.tex (/usr/share/texlive/texmf-dist/tex/generic/pgf/libraries/decorations/pgflibrarydecorations.markings.code.tex)) (/usr/share/texlive/texmf-dist/tex/generic/pgf/frontendlayer/tikz/libraries/tikzlibrarypatterns.code.tex
File: tikzlibrarypatterns.code.tex 2023-01-15 v3.1.10 (3.1.10)
 (/usr/share/texlive/texmf-dist/tex/generic/pgf/libraries/pgflibrarypatterns.code.tex
File: pgflibrarypatterns.code.tex 2023-01-15 v3.1.10 (3.1.10)
)) (/usr/share/texlive/texmf-dist/tex/generic/pgf/frontendlayer/tikz/libraries/tikzlibraryshapes.geometric.code.tex
File: tikzlibraryshapes.geometric.code.tex 2023-01-15 v3.1.10 (3.1.10)
 (/usr/share/texlive/texmf-dist/tex/generic/pgf/libraries/shapes/pgflibraryshapes.geometric.code.tex
File: pgflibraryshapes.geometric.code.tex 2023-01-15 v3.1.10 (3.1.10)
)) (/usr/share/texlive/texmf-dist/tex/generic/pgfplots/libs/tikzlibrarypgfplots.fillbetween.code.tex (/usr/share/texlive/texmf-dist/tex/generic/pgfplots/pgfcontrib/tikzlibraryfillbetween.code.tex (/usr/share/texlive/texmf-dist/tex/generic/pgf/frontendlayer/tikz/libraries/tikzlibraryintersections.code.tex (/usr/share/texlive/texmf-dist/tex/generic/pgf/libraries/pgflibraryintersections.code.tex
\pgf@intersect@solutions=\count435
)) (/usr/share/texlive/texmf-dist/tex/generic/pgfplots/pgfcontrib/tikzlibrarydecorations.softclip.code.tex (/usr/share/texlive/texmf-dist/tex/generic/pgfplots/pgfcontrib/pgflibraryfillbetween.code.tex))) (/usr/share/texlive/texmf-dist/tex/generic/pgfplots/libs/tikzlibrarypgfplots.decorations.softclip.code.tex))
\Colsep=\skip80
 (/usr/share/texlive/texmf-dist/tex/latex/ragged2e/ragged2e.sty
Package: ragged2e 2023/06/22 v3.6 ragged2e Package
\CenteringLeftskip=\skip81
\RaggedLeftLeftskip=\skip82
\RaggedRightLeftskip=\skip83
\CenteringRightskip=\skip84
\RaggedLeftRightskip=\skip85
\RaggedRightRightskip=\skip86
\CenteringParfillskip=\skip87
\RaggedLeftParfillskip=\skip88
\RaggedRightParfillskip=\skip89
\JustifyingParfillskip=\skip90
\CenteringParindent=\skip91
\RaggedLeftParindent=\skip92
\RaggedRightParindent=\skip93
\JustifyingParindent=\skip94
)) (../Templates/FolienSettings.tex (../Templates/beamerthemeGetItDigital.sty (../Templates/beamerouterthemeGetItDigital.sty) (../Templates/beamercolorthemeGetItDigital.sty) (/usr/share/texlive/texmf-dist/tex/latex/beamer/beamerfontthemeprofessionalfonts.sty)) (/usr/share/texlive/texmf-dist/tex/latex/hf-tikz/hf-tikz.sty
Package: hf-tikz 2014/07/25 v0.3a A simple way to highlight formulas and formula parts.
 (/usr/share/texlive/texmf-dist/tex/generic/pgf/frontendlayer/tikz/libraries/tikzlibraryshadings.code.tex
File: tikzlibraryshadings.code.tex 2023-01-15 v3.1.10 (3.1.10)
 (/usr/share/texlive/texmf-dist/tex/generic/pgf/libraries/pgflibraryshadings.code.tex
File: pgflibraryshadings.code.tex 2023-01-15 v3.1.10 (3.1.10)
))
\c@jumping=\count436
)) (../Video/beamervideo.sty
Package: beamervideo 2023/10/25 Video creation from beamer slides
\speechouts=\write5
\speechRenderVideoScript=\write6
\speechRenderVideoFileList=\write7
\c@videopage=\count437
\c@actualvideopage=\count438
\c@videocounter=\count439
\c@slidecounter=\count440
) (./Folien.aux)
\openout1 = `Folien.aux'.

LaTeX Font Info:    Checking defaults for OML/cmm/m/it on input line 16.
LaTeX Font Info:    ... okay on input line 16.
LaTeX Font Info:    Checking defaults for OMS/cmsy/m/n on input line 16.
LaTeX Font Info:    ... okay on input line 16.
LaTeX Font Info:    Checking defaults for OT1/cmr/m/n on input line 16.
LaTeX Font Info:    ... okay on input line 16.
LaTeX Font Info:    Checking defaults for T1/cmr/m/n on input line 16.
LaTeX Font Info:    ... okay on input line 16.
LaTeX Font Info:    Checking defaults for TS1/cmr/m/n on input line 16.
LaTeX Font Info:    ... okay on input line 16.
LaTeX Font Info:    Checking defaults for OMX/cmex/m/n on input line 16.
LaTeX Font Info:    ... okay on input line 16.
LaTeX Font Info:    Checking defaults for U/cmr/m/n on input line 16.
LaTeX Font Info:    ... okay on input line 16.
LaTeX Font Info:    Checking defaults for PD1/pdf/m/n on input line 16.
LaTeX Font Info:    ... okay on input line 16.
LaTeX Font Info:    Checking defaults for PU/pdf/m/n on input line 16.
LaTeX Font Info:    ... okay on input line 16.

*geometry* driver: auto-detecting
*geometry* detected driver: pdftex
*geometry* verbose mode - [ preamble ] result:
* driver: pdftex
* paper: custom
* layout: <same size as paper>
* layoutoffset:(h,v)=(0.0pt,0.0pt)
* modes: includehead includefoot 
* h-part:(L,W,R)=(28.45274pt, 398.3386pt, 28.45274pt)
* v-part:(T,H,B)=(0.0pt, 284.52756pt, 0.0pt)
* \paperwidth=455.24408pt
* \paperheight=284.52756pt
* \textwidth=398.3386pt
* \textheight=256.07483pt
* \oddsidemargin=-43.81725pt
* \evensidemargin=-43.81725pt
* \topmargin=-72.26999pt
* \headheight=14.22636pt
* \headsep=0.0pt
* \topskip=11.0pt
* \footskip=14.22636pt
* \marginparwidth=56.9055pt
* \marginparsep=10.0pt
* \columnsep=10.0pt
* \skip\footins=10.0pt plus 4.0pt minus 2.0pt
* \hoffset=0.0pt
* \voffset=0.0pt
* \mag=1000
* \@twocolumnfalse
* \@twosidefalse
* \@mparswitchfalse
* \@reversemarginfalse
* (1in=72.27pt=25.4mm, 1cm=28.453pt)

(/usr/share/texlive/texmf-dist/tex/context/base/mkii/supp-pdf.mkii
[Loading MPS to PDF converter (version 2006.09.02).]
\scratchcounter=\count441
\scratchdimen=\dimen421
\scratchbox=\box122
\nofMPsegments=\count442
\nofMParguments=\count443
\everyMPshowfont=\toks77
\MPscratchCnt=\count444
\MPscratchDim=\dimen422
\MPnumerator=\count445
\makeMPintoPDFobject=\count446
\everyMPtoPDFconversion=\toks78
) (/usr/share/texlive/texmf-dist/tex/latex/epstopdf-pkg/epstopdf-base.sty
Package: epstopdf-base 2020-01-24 v2.11 Base part for package epstopdf
 (/usr/share/texlive/texmf-dist/tex/latex/grfext/grfext.sty
Package: grfext 2019/12/03 v1.3 Manage graphics extensions (HO)
)
Package epstopdf-base Info: Redefining graphics rule for `.eps' on input line 485.
Package grfext Info: Graphics extension search list:
(grfext)             [.pdf,.png,.jpg,.mps,.jpeg,.jbig2,.jb2,.PDF,.PNG,.JPG,.JPEG,.JBIG2,.JB2,.eps]
(grfext)             \AppendGraphicsExtensions on input line 504.
 (/usr/share/texlive/texmf-dist/tex/latex/latexconfig/epstopdf-sys.cfg
File: epstopdf-sys.cfg 2010/07/13 v1.3 Configuration of (r)epstopdf for TeX Live
))
Package hyperref Info: Link coloring OFF on input line 16.
 (./Folien.out) (./Folien.out)
\@outlinefile=\write8
\openout8 = `Folien.out'.

 (/usr/share/texlive/texmf-dist/tex/latex/translator/translator-basic-dictionary-English.dict
Dictionary: translator-basic-dictionary, Language: English 
) (/usr/share/texlive/texmf-dist/tex/latex/translator/translator-bibliography-dictionary-English.dict
Dictionary: translator-bibliography-dictionary, Language: English 
) (/usr/share/texlive/texmf-dist/tex/latex/translator/translator-environment-dictionary-English.dict
Dictionary: translator-environment-dictionary, Language: English 
) (/usr/share/texlive/texmf-dist/tex/latex/translator/translator-months-dictionary-English.dict
Dictionary: translator-months-dictionary, Language: English 
) (/usr/share/texlive/texmf-dist/tex/latex/translator/translator-numbers-dictionary-English.dict
Dictionary: translator-numbers-dictionary, Language: English 
) (/usr/share/texlive/texmf-dist/tex/latex/translator/translator-theorem-dictionary-English.dict
Dictionary: translator-theorem-dictionary, Language: English 
)
\symgns@font=\mathgroup11
LaTeX Font Info:    Overwriting symbol font `gns@font' in version `bold'
(Font)                  TS1/cmss/m/n --> TS1/cmss/b/n on input line 16.
Package gensymb Info: Math companion symbols declared on input line 16.
LaTeX Info: Redefining \degree on input line 16.
LaTeX Info: Redefining \celsius on input line 16.
Package gensymb Info: Using text companion symbols for \degree, \celsius and \perthousand on input line 16.
LaTeX Info: Redefining \ohm on input line 16.
Package gensymb Info: Using \textohm for \ohm on input line 16.
Package gensymb Info: Using \textmu for \micro on input line 16.
 (/usr/share/texlive/texmf-dist/tex/latex/translations/translations-basic-dictionary-german.trsl
File: translations-basic-dictionary-german.trsl (german translation file `translations-basic-dictionary')
)
Package translations Info: loading dictionary `translations-basic-dictionary' for `german'. on input line 16.
Package caption Info: Begin \AtBeginDocument code.
Package caption Info: float package is loaded.
Package caption Info: listings package is loaded.
Package caption Info: End \AtBeginDocument code.

Package pgfplots notification 'compat/show suggested version=true': document has been generated with the most recent feature set (\pgfplotsset{compat=1.18}).

\c@lstlisting=\count447
(./Folien.nav)
LaTeX Font Info:    Trying to load font information for U+msa on input line 16.
 (/usr/share/texlive/texmf-dist/tex/latex/amsfonts/umsa.fd
File: umsa.fd 2013/01/14 v3.01 AMS symbols A
)
LaTeX Font Info:    Trying to load font information for U+msb on input line 16.
 (/usr/share/texlive/texmf-dist/tex/latex/amsfonts/umsb.fd
File: umsb.fd 2013/01/14 v3.01 AMS symbols B
)
LaTeX Font Info:    Trying to load font information for U+esint on input line 16.
 (/usr/share/texlive/texmf-dist/tex/latex/esint/uesint.fd
File: uesint.fd 
)
LaTeX Font Info:    Trying to load font information for U+rsfs on input line 16.
 (/usr/share/texlive/texmf-dist/tex/latex/jknapltx/ursfs.fd
File: ursfs.fd 1998/03/24 rsfs font definition file (jk)
)
LaTeX Font Info:    Trying to load font information for TS1+cmss on input line 16.
 (/usr/share/texlive/texmf-dist/tex/latex/base/ts1cmss.fd
File: ts1cmss.fd 2023/04/13 v2.5m Standard LaTeX font definitions
) (../Templates/FolienTitle.tex
<Bilder/GETitDigital_Titel.png, id=59, 454.5283pt x 284.08018pt>
File: Bilder/GETitDigital_Titel.png Graphic file (type png)
<use Bilder/GETitDigital_Titel.png>
Package pdftex.def Info: Bilder/GETitDigital_Titel.png  used on input line 9.
(pdftex.def)             Requested size: 455.24408pt x 284.54329pt.
 [1

{/var/lib/texmf/fonts/map/pdftex/updmap/pdftex.map} <./Bilder/GETitDigital_Titel.png>]
<../Templates/Bilder/by.png, id=74, 97.0827pt x 33.9669pt>
File: ../Templates/Bilder/by.png Graphic file (type png)
<use ../Templates/Bilder/by.png>
Package pdftex.def Info: ../Templates/Bilder/by.png  used on input line 19.
(pdftex.def)             Requested size: 79.66649pt x 27.87428pt.
 [2

 <../Templates/Bilder/by.png>]) (./Inhalt.tex (./kap1.tex) (./kap1_slides.tex [3

]
<Bilder/kap1/AufnahmenHalbleiterWiki.png, id=96, 1580.90625pt x 379.4175pt>
File: Bilder/kap1/AufnahmenHalbleiterWiki.png Graphic file (type png)
<use Bilder/kap1/AufnahmenHalbleiterWiki.png>
Package pdftex.def Info: Bilder/kap1/AufnahmenHalbleiterWiki.png  used on input line 35.
(pdftex.def)             Requested size: 318.67209pt x 76.47845pt.
 [4

 <./Bilder/kap1/AufnahmenHalbleiterWiki.png>] [5

]
Package svg Info: Last page of `./svg-inkscape/ZusammenhangBohrscheAtommodellundBaendermodell_1_svg-tex.pdf' is 2 on input line 97.
 (./svg-inkscape/ZusammenhangBohrscheAtommodellundBaendermodell_1_svg-tex.pdf_tex
<./svg-inkscape/ZusammenhangBohrscheAtommodellundBaendermodell_1_svg-tex.pdf, id=112, page=1, 115.23077pt x 115.23282pt>
File: ./svg-inkscape/ZusammenhangBohrscheAtommodellundBaendermodell_1_svg-tex.pdf Graphic file (type pdf)
<use ./svg-inkscape/ZusammenhangBohrscheAtommodellundBaendermodell_1_svg-tex.pdf, page 1>
Package pdftex.def Info: ./svg-inkscape/ZusammenhangBohrscheAtommodellundBaendermodell_1_svg-tex.pdf , page1 used on input line 56.
(pdftex.def)             Requested size: 57.36082pt x 57.3613pt.
<./svg-inkscape/ZusammenhangBohrscheAtommodellundBaendermodell_1_svg-tex.pdf, id=113, page=2, 115.23077pt x 115.23282pt>
File: ./svg-inkscape/ZusammenhangBohrscheAtommodellundBaendermodell_1_svg-tex.pdf Graphic file (type pdf)
<use ./svg-inkscape/ZusammenhangBohrscheAtommodellundBaendermodell_1_svg-tex.pdf, page 2>
Package pdftex.def Info: ./svg-inkscape/ZusammenhangBohrscheAtommodellundBaendermodell_1_svg-tex.pdf , page2 used on input line 58.
(pdftex.def)             Requested size: 57.36082pt x 57.3613pt.
)
Package svg Info: Last page of `./svg-inkscape/ZusammenhangBohrscheAtommodellundBaendermodell_2_svg-tex.pdf' is 1 on input line 97.
 (./svg-inkscape/ZusammenhangBohrscheAtommodellundBaendermodell_2_svg-tex.pdf_tex
<./svg-inkscape/ZusammenhangBohrscheAtommodellundBaendermodell_2_svg-tex.pdf, id=115, page=1, 67.2776pt x 82.93768pt>
File: ./svg-inkscape/ZusammenhangBohrscheAtommodellundBaendermodell_2_svg-tex.pdf Graphic file (type pdf)
<use ./svg-inkscape/ZusammenhangBohrscheAtommodellundBaendermodell_2_svg-tex.pdf, page 1>
Package pdftex.def Info: ./svg-inkscape/ZusammenhangBohrscheAtommodellundBaendermodell_2_svg-tex.pdf , page1 used on input line 56.
(pdftex.def)             Requested size: 63.09724pt x 77.78424pt.
)
Overfull \hbox (5.73642pt too wide) in paragraph at lines 97--97
 [] 
 []

[6

 <./svg-inkscape/ZusammenhangBohrscheAtommodellundBaendermodell_1_svg-tex.pdf> <./svg-inkscape/ZusammenhangBohrscheAtommodellundBaendermodell_1_svg-tex.pdf

pdfTeX warning: pdflatex (file ./svg-inkscape/ZusammenhangBohrscheAtommodellundBaendermodell_1_svg-tex.pdf): PDF inclusion: multiple pdfs with page group included in a single page
> <./svg-inkscape/ZusammenhangBohrscheAtommodellundBaendermodell_2_svg-tex.pdf

pdfTeX warning: pdflatex (file ./svg-inkscape/ZusammenhangBohrscheAtommodellundBaendermodell_2_svg-tex.pdf): PDF inclusion: multiple pdfs with page group included in a single page
>]
Package svg Info: Last page of `./svg-inkscape/ZusammenhangBohrscheAtommodellundBaendermodell_1_svg-tex.pdf' is 2 on input line 97.
 (./svg-inkscape/ZusammenhangBohrscheAtommodellundBaendermodell_1_svg-tex.pdf_tex
File: ./svg-inkscape/ZusammenhangBohrscheAtommodellundBaendermodell_1_svg-tex.pdf Graphic file (type pdf)
<use ./svg-inkscape/ZusammenhangBohrscheAtommodellundBaendermodell_1_svg-tex.pdf, page 1>
Package pdftex.def Info: ./svg-inkscape/ZusammenhangBohrscheAtommodellundBaendermodell_1_svg-tex.pdf , page1 used on input line 56.
(pdftex.def)             Requested size: 57.36082pt x 57.3613pt.
File: ./svg-inkscape/ZusammenhangBohrscheAtommodellundBaendermodell_1_svg-tex.pdf Graphic file (type pdf)
<use ./svg-inkscape/ZusammenhangBohrscheAtommodellundBaendermodell_1_svg-tex.pdf, page 2>
Package pdftex.def Info: ./svg-inkscape/ZusammenhangBohrscheAtommodellundBaendermodell_1_svg-tex.pdf , page2 used on input line 58.
(pdftex.def)             Requested size: 57.36082pt x 57.3613pt.
)
Package svg Info: Last page of `./svg-inkscape/ZusammenhangBohrscheAtommodellundBaendermodell_2_svg-tex.pdf' is 1 on input line 97.
 (./svg-inkscape/ZusammenhangBohrscheAtommodellundBaendermodell_2_svg-tex.pdf_tex
File: ./svg-inkscape/ZusammenhangBohrscheAtommodellundBaendermodell_2_svg-tex.pdf Graphic file (type pdf)
<use ./svg-inkscape/ZusammenhangBohrscheAtommodellundBaendermodell_2_svg-tex.pdf, page 1>
Package pdftex.def Info: ./svg-inkscape/ZusammenhangBohrscheAtommodellundBaendermodell_2_svg-tex.pdf , page1 used on input line 56.
(pdftex.def)             Requested size: 63.09724pt x 77.78424pt.
)
Overfull \hbox (5.73642pt too wide) in paragraph at lines 97--97
 [] 
 []

[7

]
Package svg Info: Last page of `./svg-inkscape/ZusammenhangBohrscheAtommodellundBaendermodell_1_svg-tex.pdf' is 2 on input line 97.
 (./svg-inkscape/ZusammenhangBohrscheAtommodellundBaendermodell_1_svg-tex.pdf_tex
File: ./svg-inkscape/ZusammenhangBohrscheAtommodellundBaendermodell_1_svg-tex.pdf Graphic file (type pdf)
<use ./svg-inkscape/ZusammenhangBohrscheAtommodellundBaendermodell_1_svg-tex.pdf, page 1>
Package pdftex.def Info: ./svg-inkscape/ZusammenhangBohrscheAtommodellundBaendermodell_1_svg-tex.pdf , page1 used on input line 56.
(pdftex.def)             Requested size: 57.36082pt x 57.3613pt.
File: ./svg-inkscape/ZusammenhangBohrscheAtommodellundBaendermodell_1_svg-tex.pdf Graphic file (type pdf)
<use ./svg-inkscape/ZusammenhangBohrscheAtommodellundBaendermodell_1_svg-tex.pdf, page 2>
Package pdftex.def Info: ./svg-inkscape/ZusammenhangBohrscheAtommodellundBaendermodell_1_svg-tex.pdf , page2 used on input line 58.
(pdftex.def)             Requested size: 57.36082pt x 57.3613pt.
)
Package svg Info: Last page of `./svg-inkscape/ZusammenhangBohrscheAtommodellundBaendermodell_2_svg-tex.pdf' is 1 on input line 97.
 (./svg-inkscape/ZusammenhangBohrscheAtommodellundBaendermodell_2_svg-tex.pdf_tex
File: ./svg-inkscape/ZusammenhangBohrscheAtommodellundBaendermodell_2_svg-tex.pdf Graphic file (type pdf)
<use ./svg-inkscape/ZusammenhangBohrscheAtommodellundBaendermodell_2_svg-tex.pdf, page 1>
Package pdftex.def Info: ./svg-inkscape/ZusammenhangBohrscheAtommodellundBaendermodell_2_svg-tex.pdf , page1 used on input line 56.
(pdftex.def)             Requested size: 63.09724pt x 77.78424pt.
)
Overfull \hbox (5.73642pt too wide) in paragraph at lines 97--97
 [] 
 []

[8

]
Package svg Info: Last page of `./svg-inkscape/ZusammenhangBohrscheAtommodellundBaendermodell_1_svg-tex.pdf' is 2 on input line 97.
 (./svg-inkscape/ZusammenhangBohrscheAtommodellundBaendermodell_1_svg-tex.pdf_tex
File: ./svg-inkscape/ZusammenhangBohrscheAtommodellundBaendermodell_1_svg-tex.pdf Graphic file (type pdf)
<use ./svg-inkscape/ZusammenhangBohrscheAtommodellundBaendermodell_1_svg-tex.pdf, page 1>
Package pdftex.def Info: ./svg-inkscape/ZusammenhangBohrscheAtommodellundBaendermodell_1_svg-tex.pdf , page1 used on input line 56.
(pdftex.def)             Requested size: 57.36082pt x 57.3613pt.
File: ./svg-inkscape/ZusammenhangBohrscheAtommodellundBaendermodell_1_svg-tex.pdf Graphic file (type pdf)
<use ./svg-inkscape/ZusammenhangBohrscheAtommodellundBaendermodell_1_svg-tex.pdf, page 2>
Package pdftex.def Info: ./svg-inkscape/ZusammenhangBohrscheAtommodellundBaendermodell_1_svg-tex.pdf , page2 used on input line 58.
(pdftex.def)             Requested size: 57.36082pt x 57.3613pt.
)
Package svg Info: Last page of `./svg-inkscape/ZusammenhangBohrscheAtommodellundBaendermodell_2_svg-tex.pdf' is 1 on input line 97.
 (./svg-inkscape/ZusammenhangBohrscheAtommodellundBaendermodell_2_svg-tex.pdf_tex
File: ./svg-inkscape/ZusammenhangBohrscheAtommodellundBaendermodell_2_svg-tex.pdf Graphic file (type pdf)
<use ./svg-inkscape/ZusammenhangBohrscheAtommodellundBaendermodell_2_svg-tex.pdf, page 1>
Package pdftex.def Info: ./svg-inkscape/ZusammenhangBohrscheAtommodellundBaendermodell_2_svg-tex.pdf , page1 used on input line 56.
(pdftex.def)             Requested size: 63.09724pt x 77.78424pt.
)
Overfull \hbox (5.73642pt too wide) in paragraph at lines 97--97
 [] 
 []

[9

]
Package svg Info: Last page of `./svg-inkscape/UebergangVonEnergieniveausZuBaendern_svg-tex.pdf' is 3 on input line 119.
 (./svg-inkscape/UebergangVonEnergieniveausZuBaendern_svg-tex.pdf_tex
<./svg-inkscape/UebergangVonEnergieniveausZuBaendern_svg-tex.pdf, id=152, page=1, 282.3121pt x 87.89467pt>
File: ./svg-inkscape/UebergangVonEnergieniveausZuBaendern_svg-tex.pdf Graphic file (type pdf)
<use ./svg-inkscape/UebergangVonEnergieniveausZuBaendern_svg-tex.pdf, page 1>
Package pdftex.def Info: ./svg-inkscape/UebergangVonEnergieniveausZuBaendern_svg-tex.pdf , page1 used on input line 56.
(pdftex.def)             Requested size: 398.3386pt x 124.03072pt.
<./svg-inkscape/UebergangVonEnergieniveausZuBaendern_svg-tex.pdf, id=153, page=2, 282.3121pt x 87.89467pt>
File: ./svg-inkscape/UebergangVonEnergieniveausZuBaendern_svg-tex.pdf Graphic file (type pdf)
<use ./svg-inkscape/UebergangVonEnergieniveausZuBaendern_svg-tex.pdf, page 2>
Package pdftex.def Info: ./svg-inkscape/UebergangVonEnergieniveausZuBaendern_svg-tex.pdf , page2 used on input line 59.
(pdftex.def)             Requested size: 398.3386pt x 124.03072pt.
<./svg-inkscape/UebergangVonEnergieniveausZuBaendern_svg-tex.pdf, id=154, page=3, 282.3121pt x 87.89467pt>
File: ./svg-inkscape/UebergangVonEnergieniveausZuBaendern_svg-tex.pdf Graphic file (type pdf)
<use ./svg-inkscape/UebergangVonEnergieniveausZuBaendern_svg-tex.pdf, page 3>
Package pdftex.def Info: ./svg-inkscape/UebergangVonEnergieniveausZuBaendern_svg-tex.pdf , page3 used on input line 62.
(pdftex.def)             Requested size: 398.3386pt x 124.03072pt.
) [10

 <./svg-inkscape/UebergangVonEnergieniveausZuBaendern_svg-tex.pdf> <./svg-inkscape/UebergangVonEnergieniveausZuBaendern_svg-tex.pdf

pdfTeX warning: pdflatex (file ./svg-inkscape/UebergangVonEnergieniveausZuBaendern_svg-tex.pdf): PDF inclusion: multiple pdfs with page group included in a single page
> <./svg-inkscape/UebergangVonEnergieniveausZuBaendern_svg-tex.pdf

pdfTeX warning: pdflatex (file ./svg-inkscape/UebergangVonEnergieniveausZuBaendern_svg-tex.pdf): PDF inclusion: multiple pdfs with page group included in a single page
>]
Package svg Info: Last page of `./svg-inkscape/BaendermodelleinesMaterialsbei0K_svg-tex.pdf' is 4 on input line 138.
 (./svg-inkscape/BaendermodelleinesMaterialsbei0K_svg-tex.pdf_tex
<./svg-inkscape/BaendermodelleinesMaterialsbei0K_svg-tex.pdf, id=180, page=1, 362.98326pt x 157.57384pt>
File: ./svg-inkscape/BaendermodelleinesMaterialsbei0K_svg-tex.pdf Graphic file (type pdf)
<use ./svg-inkscape/BaendermodelleinesMaterialsbei0K_svg-tex.pdf, page 1>
Package pdftex.def Info: ./svg-inkscape/BaendermodelleinesMaterialsbei0K_svg-tex.pdf , page1 used on input line 56.
(pdftex.def)             Requested size: 398.3386pt x 172.9278pt.
<./svg-inkscape/BaendermodelleinesMaterialsbei0K_svg-tex.pdf, id=181, page=2, 362.98326pt x 157.57384pt>
File: ./svg-inkscape/BaendermodelleinesMaterialsbei0K_svg-tex.pdf Graphic file (type pdf)
<use ./svg-inkscape/BaendermodelleinesMaterialsbei0K_svg-tex.pdf, page 2>
Package pdftex.def Info: ./svg-inkscape/BaendermodelleinesMaterialsbei0K_svg-tex.pdf , page2 used on input line 58.
(pdftex.def)             Requested size: 398.3386pt x 172.9278pt.
<./svg-inkscape/BaendermodelleinesMaterialsbei0K_svg-tex.pdf, id=182, page=3, 362.98326pt x 157.57384pt>
File: ./svg-inkscape/BaendermodelleinesMaterialsbei0K_svg-tex.pdf Graphic file (type pdf)
<use ./svg-inkscape/BaendermodelleinesMaterialsbei0K_svg-tex.pdf, page 3>
Package pdftex.def Info: ./svg-inkscape/BaendermodelleinesMaterialsbei0K_svg-tex.pdf , page3 used on input line 63.
(pdftex.def)             Requested size: 398.3386pt x 172.9278pt.
<./svg-inkscape/BaendermodelleinesMaterialsbei0K_svg-tex.pdf, id=183, page=4, 362.98326pt x 157.57384pt>
File: ./svg-inkscape/BaendermodelleinesMaterialsbei0K_svg-tex.pdf Graphic file (type pdf)
<use ./svg-inkscape/BaendermodelleinesMaterialsbei0K_svg-tex.pdf, page 4>
Package pdftex.def Info: ./svg-inkscape/BaendermodelleinesMaterialsbei0K_svg-tex.pdf , page4 used on input line 66.
(pdftex.def)             Requested size: 398.3386pt x 172.9278pt.
) [11

 <./svg-inkscape/BaendermodelleinesMaterialsbei0K_svg-tex.pdf> <./svg-inkscape/BaendermodelleinesMaterialsbei0K_svg-tex.pdf

pdfTeX warning: pdflatex (file ./svg-inkscape/BaendermodelleinesMaterialsbei0K_svg-tex.pdf): PDF inclusion: multiple pdfs with page group included in a single page
> <./svg-inkscape/BaendermodelleinesMaterialsbei0K_svg-tex.pdf

pdfTeX warning: pdflatex (file ./svg-inkscape/BaendermodelleinesMaterialsbei0K_svg-tex.pdf): PDF inclusion: multiple pdfs with page group included in a single page
> <./svg-inkscape/BaendermodelleinesMaterialsbei0K_svg-tex.pdf

pdfTeX warning: pdflatex (file ./svg-inkscape/BaendermodelleinesMaterialsbei0K_svg-tex.pdf): PDF inclusion: multiple pdfs with page group included in a single page
>]
Package svg Info: Last page of `./svg-inkscape/BaendermodellverschiedenerMaterialien_svg-tex.pdf' is 9 on input line 159.
 (./svg-inkscape/BaendermodellverschiedenerMaterialien_svg-tex.pdf_tex
<./svg-inkscape/BaendermodellverschiedenerMaterialien_svg-tex.pdf, id=195, page=1, 499.30656pt x 85.94896pt>
File: ./svg-inkscape/BaendermodellverschiedenerMaterialien_svg-tex.pdf Graphic file (type pdf)
<use ./svg-inkscape/BaendermodellverschiedenerMaterialien_svg-tex.pdf, page 1>
Package pdftex.def Info: ./svg-inkscape/BaendermodellverschiedenerMaterialien_svg-tex.pdf , page1 used on input line 56.
(pdftex.def)             Requested size: 398.3386pt x 68.5717pt.
<./svg-inkscape/BaendermodellverschiedenerMaterialien_svg-tex.pdf, id=196, page=2, 499.30656pt x 85.94896pt>
File: ./svg-inkscape/BaendermodellverschiedenerMaterialien_svg-tex.pdf Graphic file (type pdf)
<use ./svg-inkscape/BaendermodellverschiedenerMaterialien_svg-tex.pdf, page 2>
Package pdftex.def Info: ./svg-inkscape/BaendermodellverschiedenerMaterialien_svg-tex.pdf , page2 used on input line 62.
(pdftex.def)             Requested size: 398.3386pt x 68.5717pt.
<./svg-inkscape/BaendermodellverschiedenerMaterialien_svg-tex.pdf, id=197, page=3, 499.30656pt x 85.94896pt>
File: ./svg-inkscape/BaendermodellverschiedenerMaterialien_svg-tex.pdf Graphic file (type pdf)
<use ./svg-inkscape/BaendermodellverschiedenerMaterialien_svg-tex.pdf, page 3>
Package pdftex.def Info: ./svg-inkscape/BaendermodellverschiedenerMaterialien_svg-tex.pdf , page3 used on input line 65.
(pdftex.def)             Requested size: 398.3386pt x 68.5717pt.
<./svg-inkscape/BaendermodellverschiedenerMaterialien_svg-tex.pdf, id=198, page=4, 499.30656pt x 85.94896pt>
File: ./svg-inkscape/BaendermodellverschiedenerMaterialien_svg-tex.pdf Graphic file (type pdf)
<use ./svg-inkscape/BaendermodellverschiedenerMaterialien_svg-tex.pdf, page 4>
Package pdftex.def Info: ./svg-inkscape/BaendermodellverschiedenerMaterialien_svg-tex.pdf , page4 used on input line 68.
(pdftex.def)             Requested size: 398.3386pt x 68.5717pt.
<./svg-inkscape/BaendermodellverschiedenerMaterialien_svg-tex.pdf, id=199, page=5, 499.30656pt x 85.94896pt>
File: ./svg-inkscape/BaendermodellverschiedenerMaterialien_svg-tex.pdf Graphic file (type pdf)
<use ./svg-inkscape/BaendermodellverschiedenerMaterialien_svg-tex.pdf, page 5>
Package pdftex.def Info: ./svg-inkscape/BaendermodellverschiedenerMaterialien_svg-tex.pdf , page5 used on input line 70.
(pdftex.def)             Requested size: 398.3386pt x 68.5717pt.
<./svg-inkscape/BaendermodellverschiedenerMaterialien_svg-tex.pdf, id=200, page=6, 499.30656pt x 85.94896pt>
File: ./svg-inkscape/BaendermodellverschiedenerMaterialien_svg-tex.pdf Graphic file (type pdf)
<use ./svg-inkscape/BaendermodellverschiedenerMaterialien_svg-tex.pdf, page 6>
Package pdftex.def Info: ./svg-inkscape/BaendermodellverschiedenerMaterialien_svg-tex.pdf , page6 used on input line 73.
(pdftex.def)             Requested size: 398.3386pt x 68.5717pt.
<./svg-inkscape/BaendermodellverschiedenerMaterialien_svg-tex.pdf, id=201, page=7, 499.30656pt x 85.94896pt>
File: ./svg-inkscape/BaendermodellverschiedenerMaterialien_svg-tex.pdf Graphic file (type pdf)
<use ./svg-inkscape/BaendermodellverschiedenerMaterialien_svg-tex.pdf, page 7>
Package pdftex.def Info: ./svg-inkscape/BaendermodellverschiedenerMaterialien_svg-tex.pdf , page7 used on input line 75.
(pdftex.def)             Requested size: 398.3386pt x 68.5717pt.
<./svg-inkscape/BaendermodellverschiedenerMaterialien_svg-tex.pdf, id=202, page=8, 499.30656pt x 85.94896pt>
File: ./svg-inkscape/BaendermodellverschiedenerMaterialien_svg-tex.pdf Graphic file (type pdf)
<use ./svg-inkscape/BaendermodellverschiedenerMaterialien_svg-tex.pdf, page 8>
Package pdftex.def Info: ./svg-inkscape/BaendermodellverschiedenerMaterialien_svg-tex.pdf , page8 used on input line 77.
(pdftex.def)             Requested size: 398.3386pt x 68.5717pt.
<./svg-inkscape/BaendermodellverschiedenerMaterialien_svg-tex.pdf, id=203, page=9, 499.30656pt x 85.94896pt>
File: ./svg-inkscape/BaendermodellverschiedenerMaterialien_svg-tex.pdf Graphic file (type pdf)
<use ./svg-inkscape/BaendermodellverschiedenerMaterialien_svg-tex.pdf, page 9>
Package pdftex.def Info: ./svg-inkscape/BaendermodellverschiedenerMaterialien_svg-tex.pdf , page9 used on input line 80.
(pdftex.def)             Requested size: 398.3386pt x 68.5717pt.
) [12

 <./svg-inkscape/BaendermodellverschiedenerMaterialien_svg-tex.pdf> <./svg-inkscape/BaendermodellverschiedenerMaterialien_svg-tex.pdf

pdfTeX warning: pdflatex (file ./svg-inkscape/BaendermodellverschiedenerMaterialien_svg-tex.pdf): PDF inclusion: multiple pdfs with page group included in a single page
> <./svg-inkscape/BaendermodellverschiedenerMaterialien_svg-tex.pdf

pdfTeX warning: pdflatex (file ./svg-inkscape/BaendermodellverschiedenerMaterialien_svg-tex.pdf): PDF inclusion: multiple pdfs with page group included in a single page
> <./svg-inkscape/BaendermodellverschiedenerMaterialien_svg-tex.pdf

pdfTeX warning: pdflatex (file ./svg-inkscape/BaendermodellverschiedenerMaterialien_svg-tex.pdf): PDF inclusion: multiple pdfs with page group included in a single page
> <./svg-inkscape/BaendermodellverschiedenerMaterialien_svg-tex.pdf

pdfTeX warning: pdflatex (file ./svg-inkscape/BaendermodellverschiedenerMaterialien_svg-tex.pdf): PDF inclusion: multiple pdfs with page group included in a single page
> <./svg-inkscape/BaendermodellverschiedenerMaterialien_svg-tex.pdf

pdfTeX warning: pdflatex (file ./svg-inkscape/BaendermodellverschiedenerMaterialien_svg-tex.pdf): PDF inclusion: multiple pdfs with page group included in a single page
> <./svg-inkscape/BaendermodellverschiedenerMaterialien_svg-tex.pdf

pdfTeX warning: pdflatex (file ./svg-inkscape/BaendermodellverschiedenerMaterialien_svg-tex.pdf): PDF inclusion: multiple pdfs with page group included in a single page
> <./svg-inkscape/BaendermodellverschiedenerMaterialien_svg-tex.pdf

pdfTeX warning: pdflatex (file ./svg-inkscape/BaendermodellverschiedenerMaterialien_svg-tex.pdf): PDF inclusion: multiple pdfs with page group included in a single page
> <./svg-inkscape/BaendermodellverschiedenerMaterialien_svg-tex.pdf

pdfTeX warning: pdflatex (file ./svg-inkscape/BaendermodellverschiedenerMaterialien_svg-tex.pdf): PDF inclusion: multiple pdfs with page group included in a single page
>] [13

] [14

] [15

]
Package svg Info: Last page of `./svg-inkscape/GitterSi_svg-tex.pdf' is 1 on input line 205.
 (./svg-inkscape/GitterSi_svg-tex.pdf_tex
<./svg-inkscape/GitterSi_svg-tex.pdf, id=237, page=1, 536.8969pt x 495.36095pt>
File: ./svg-inkscape/GitterSi_svg-tex.pdf Graphic file (type pdf)
<use ./svg-inkscape/GitterSi_svg-tex.pdf, page 1>
Package pdftex.def Info: ./svg-inkscape/GitterSi_svg-tex.pdf , page1 used on input line 56.
(pdftex.def)             Requested size: 159.333pt x 147.007pt.
) [16

 <./svg-inkscape/GitterSi_svg-tex.pdf>]
Package svg Info: Last page of `./svg-inkscape/GitterGaAs_1_svg-tex.pdf' is 1 on input line 232.
 (./svg-inkscape/GitterGaAs_1_svg-tex.pdf_tex
<./svg-inkscape/GitterGaAs_1_svg-tex.pdf, id=263, page=1, 664.82251pt x 583.4385pt>
File: ./svg-inkscape/GitterGaAs_1_svg-tex.pdf Graphic file (type pdf)
<use ./svg-inkscape/GitterGaAs_1_svg-tex.pdf, page 1>
Package pdftex.def Info: ./svg-inkscape/GitterGaAs_1_svg-tex.pdf , page1 used on input line 56.
(pdftex.def)             Requested size: 133.83998pt x 117.45125pt.
)
Package svg Info: Last page of `./svg-inkscape/GitterGaAs_2_svg-tex.pdf' is 1 on input line 232.
 (./svg-inkscape/GitterGaAs_2_svg-tex.pdf_tex
<./svg-inkscape/GitterGaAs_2_svg-tex.pdf, id=265, page=1, 548.27797pt x 501.05148pt>
File: ./svg-inkscape/GitterGaAs_2_svg-tex.pdf Graphic file (type pdf)
<use ./svg-inkscape/GitterGaAs_2_svg-tex.pdf, page 1>
Package pdftex.def Info: ./svg-inkscape/GitterGaAs_2_svg-tex.pdf , page1 used on input line 56.
(pdftex.def)             Requested size: 133.83998pt x 122.31143pt.
) [17

 <./svg-inkscape/GitterGaAs_1_svg-tex.pdf> <./svg-inkscape/GitterGaAs_2_svg-tex.pdf

pdfTeX warning: pdflatex (file ./svg-inkscape/GitterGaAs_2_svg-tex.pdf): PDF inclusion: multiple pdfs with page group included in a single page
>] [18

] [19

] [20

]
Underfull \hbox (badness 10000) in paragraph at lines 281--281
\OT1/cmss/m/n/10.95 Solar cells,
 []


Underfull \hbox (badness 10000) in paragraph at lines 281--281
[]|\OT1/cmss/m/n/10.95 High-
 []


Underfull \hbox (badness 10000) in paragraph at lines 281--281
\OT1/cmss/m/n/10.95 frequency
 []


Underfull \hbox (badness 10000) in paragraph at lines 281--281
\OT1/cmss/m/n/10.95 cir-cuits,
 []


Underfull \hbox (badness 10000) in paragraph at lines 281--281
\OT1/cmss/m/n/10.95 LEDs, la-ser
 []


Overfull \hbox (6.51302pt too wide) in paragraph at lines 281--281
 [] 
 []


Overfull \vbox (10.19652pt too high) detected at line 281
 []

[21

]
Overfull \hbox (8.77531pt too wide) in paragraph at lines 319--319
[]|\OT1/cmss/m/n/10.95 Optoelectronics, 
 []


Underfull \hbox (badness 10000) in paragraph at lines 319--319
\OT1/cmss/m/n/10.95 electronics,
 []


Underfull \hbox (badness 1314) in paragraph at lines 319--319
\OT1/cmss/m/n/10.95 LED ligh-ting,
 []


Underfull \hbox (badness 10000) in paragraph at lines 319--319
\OT1/cmss/m/n/10.95 high-
 []


Overfull \hbox (6.51302pt too wide) in paragraph at lines 319--319
 [] 
 []


Overfull \vbox (10.19652pt too high) detected at line 319
 []

[22

]
Package svg Info: Last page of `./svg-inkscape/GitterstrukturUndBaendermodellVonSi_1_svg-tex.pdf' is 7 on input line 354.
 (./svg-inkscape/GitterstrukturUndBaendermodellVonSi_1_svg-tex.pdf_tex
<./svg-inkscape/GitterstrukturUndBaendermodellVonSi_1_svg-tex.pdf, id=352, page=1, 230.15466pt x 108.1205pt>
File: ./svg-inkscape/GitterstrukturUndBaendermodellVonSi_1_svg-tex.pdf Graphic file (type pdf)
<use ./svg-inkscape/GitterstrukturUndBaendermodellVonSi_1_svg-tex.pdf, page 1>
Package pdftex.def Info: ./svg-inkscape/GitterstrukturUndBaendermodellVonSi_1_svg-tex.pdf , page1 used on input line 56.
(pdftex.def)             Requested size: 191.20082pt x 89.82576pt.
<./svg-inkscape/GitterstrukturUndBaendermodellVonSi_1_svg-tex.pdf, id=353, page=2, 230.15466pt x 108.1205pt>
File: ./svg-inkscape/GitterstrukturUndBaendermodellVonSi_1_svg-tex.pdf Graphic file (type pdf)
<use ./svg-inkscape/GitterstrukturUndBaendermodellVonSi_1_svg-tex.pdf, page 2>
Package pdftex.def Info: ./svg-inkscape/GitterstrukturUndBaendermodellVonSi_1_svg-tex.pdf , page2 used on input line 58.
(pdftex.def)             Requested size: 191.20082pt x 89.82576pt.
<./svg-inkscape/GitterstrukturUndBaendermodellVonSi_1_svg-tex.pdf, id=354, page=3, 230.15466pt x 108.1205pt>
File: ./svg-inkscape/GitterstrukturUndBaendermodellVonSi_1_svg-tex.pdf Graphic file (type pdf)
<use ./svg-inkscape/GitterstrukturUndBaendermodellVonSi_1_svg-tex.pdf, page 3>
Package pdftex.def Info: ./svg-inkscape/GitterstrukturUndBaendermodellVonSi_1_svg-tex.pdf , page3 used on input line 61.
(pdftex.def)             Requested size: 191.20082pt x 89.82576pt.
<./svg-inkscape/GitterstrukturUndBaendermodellVonSi_1_svg-tex.pdf, id=355, page=4, 230.15466pt x 108.1205pt>
File: ./svg-inkscape/GitterstrukturUndBaendermodellVonSi_1_svg-tex.pdf Graphic file (type pdf)
<use ./svg-inkscape/GitterstrukturUndBaendermodellVonSi_1_svg-tex.pdf, page 4>
Package pdftex.def Info: ./svg-inkscape/GitterstrukturUndBaendermodellVonSi_1_svg-tex.pdf , page4 used on input line 63.
(pdftex.def)             Requested size: 191.20082pt x 89.82576pt.
<./svg-inkscape/GitterstrukturUndBaendermodellVonSi_1_svg-tex.pdf, id=356, page=5, 230.15466pt x 108.1205pt>
File: ./svg-inkscape/GitterstrukturUndBaendermodellVonSi_1_svg-tex.pdf Graphic file (type pdf)
<use ./svg-inkscape/GitterstrukturUndBaendermodellVonSi_1_svg-tex.pdf, page 5>
Package pdftex.def Info: ./svg-inkscape/GitterstrukturUndBaendermodellVonSi_1_svg-tex.pdf , page5 used on input line 65.
(pdftex.def)             Requested size: 191.20082pt x 89.82576pt.
<./svg-inkscape/GitterstrukturUndBaendermodellVonSi_1_svg-tex.pdf, id=357, page=6, 230.15466pt x 108.1205pt>
File: ./svg-inkscape/GitterstrukturUndBaendermodellVonSi_1_svg-tex.pdf Graphic file (type pdf)
<use ./svg-inkscape/GitterstrukturUndBaendermodellVonSi_1_svg-tex.pdf, page 6>
Package pdftex.def Info: ./svg-inkscape/GitterstrukturUndBaendermodellVonSi_1_svg-tex.pdf , page6 used on input line 67.
(pdftex.def)             Requested size: 191.20082pt x 89.82576pt.
<./svg-inkscape/GitterstrukturUndBaendermodellVonSi_1_svg-tex.pdf, id=358, page=7, 230.15466pt x 108.1205pt>
File: ./svg-inkscape/GitterstrukturUndBaendermodellVonSi_1_svg-tex.pdf Graphic file (type pdf)
<use ./svg-inkscape/GitterstrukturUndBaendermodellVonSi_1_svg-tex.pdf, page 7>
Package pdftex.def Info: ./svg-inkscape/GitterstrukturUndBaendermodellVonSi_1_svg-tex.pdf , page7 used on input line 69.
(pdftex.def)             Requested size: 191.20082pt x 89.82576pt.
)
Package svg Info: Last page of `./svg-inkscape/GitterstrukturUndBaendermodellVonSi_2_svg-tex.pdf' is 7 on input line 354.
 (./svg-inkscape/GitterstrukturUndBaendermodellVonSi_2_svg-tex.pdf_tex
<./svg-inkscape/GitterstrukturUndBaendermodellVonSi_2_svg-tex.pdf, id=360, page=1, 214.97925pt x 108.1205pt>
File: ./svg-inkscape/GitterstrukturUndBaendermodellVonSi_2_svg-tex.pdf Graphic file (type pdf)
<use ./svg-inkscape/GitterstrukturUndBaendermodellVonSi_2_svg-tex.pdf, page 1>
Package pdftex.def Info: ./svg-inkscape/GitterstrukturUndBaendermodellVonSi_2_svg-tex.pdf , page1 used on input line 56.
(pdftex.def)             Requested size: 191.20082pt x 96.16588pt.
<./svg-inkscape/GitterstrukturUndBaendermodellVonSi_2_svg-tex.pdf, id=361, page=2, 214.97925pt x 108.1205pt>
File: ./svg-inkscape/GitterstrukturUndBaendermodellVonSi_2_svg-tex.pdf Graphic file (type pdf)
<use ./svg-inkscape/GitterstrukturUndBaendermodellVonSi_2_svg-tex.pdf, page 2>
Package pdftex.def Info: ./svg-inkscape/GitterstrukturUndBaendermodellVonSi_2_svg-tex.pdf , page2 used on input line 59.
(pdftex.def)             Requested size: 191.20082pt x 96.16588pt.
<./svg-inkscape/GitterstrukturUndBaendermodellVonSi_2_svg-tex.pdf, id=362, page=3, 214.97925pt x 108.1205pt>
File: ./svg-inkscape/GitterstrukturUndBaendermodellVonSi_2_svg-tex.pdf Graphic file (type pdf)
<use ./svg-inkscape/GitterstrukturUndBaendermodellVonSi_2_svg-tex.pdf, page 3>
Package pdftex.def Info: ./svg-inkscape/GitterstrukturUndBaendermodellVonSi_2_svg-tex.pdf , page3 used on input line 61.
(pdftex.def)             Requested size: 191.20082pt x 96.16588pt.
<./svg-inkscape/GitterstrukturUndBaendermodellVonSi_2_svg-tex.pdf, id=363, page=4, 214.97925pt x 108.1205pt>
File: ./svg-inkscape/GitterstrukturUndBaendermodellVonSi_2_svg-tex.pdf Graphic file (type pdf)
<use ./svg-inkscape/GitterstrukturUndBaendermodellVonSi_2_svg-tex.pdf, page 4>
Package pdftex.def Info: ./svg-inkscape/GitterstrukturUndBaendermodellVonSi_2_svg-tex.pdf , page4 used on input line 63.
(pdftex.def)             Requested size: 191.20082pt x 96.16588pt.
<./svg-inkscape/GitterstrukturUndBaendermodellVonSi_2_svg-tex.pdf, id=364, page=5, 214.97925pt x 108.1205pt>
File: ./svg-inkscape/GitterstrukturUndBaendermodellVonSi_2_svg-tex.pdf Graphic file (type pdf)
<use ./svg-inkscape/GitterstrukturUndBaendermodellVonSi_2_svg-tex.pdf, page 5>
Package pdftex.def Info: ./svg-inkscape/GitterstrukturUndBaendermodellVonSi_2_svg-tex.pdf , page5 used on input line 66.
(pdftex.def)             Requested size: 191.20082pt x 96.16588pt.
<./svg-inkscape/GitterstrukturUndBaendermodellVonSi_2_svg-tex.pdf, id=365, page=6, 214.97925pt x 108.1205pt>
File: ./svg-inkscape/GitterstrukturUndBaendermodellVonSi_2_svg-tex.pdf Graphic file (type pdf)
<use ./svg-inkscape/GitterstrukturUndBaendermodellVonSi_2_svg-tex.pdf, page 6>
Package pdftex.def Info: ./svg-inkscape/GitterstrukturUndBaendermodellVonSi_2_svg-tex.pdf , page6 used on input line 68.
(pdftex.def)             Requested size: 191.20082pt x 96.16588pt.
<./svg-inkscape/GitterstrukturUndBaendermodellVonSi_2_svg-tex.pdf, id=366, page=7, 214.97925pt x 108.1205pt>
File: ./svg-inkscape/GitterstrukturUndBaendermodellVonSi_2_svg-tex.pdf Graphic file (type pdf)
<use ./svg-inkscape/GitterstrukturUndBaendermodellVonSi_2_svg-tex.pdf, page 7>
Package pdftex.def Info: ./svg-inkscape/GitterstrukturUndBaendermodellVonSi_2_svg-tex.pdf , page7 used on input line 70.
(pdftex.def)             Requested size: 191.20082pt x 96.16588pt.
) [23

 <./svg-inkscape/GitterstrukturUndBaendermodellVonSi_1_svg-tex.pdf> <./svg-inkscape/GitterstrukturUndBaendermodellVonSi_1_svg-tex.pdf

pdfTeX warning: pdflatex (file ./svg-inkscape/GitterstrukturUndBaendermodellVonSi_1_svg-tex.pdf): PDF inclusion: multiple pdfs with page group included in a single page
> <./svg-inkscape/GitterstrukturUndBaendermodellVonSi_1_svg-tex.pdf

pdfTeX warning: pdflatex (file ./svg-inkscape/GitterstrukturUndBaendermodellVonSi_1_svg-tex.pdf): PDF inclusion: multiple pdfs with page group included in a single page
> <./svg-inkscape/GitterstrukturUndBaendermodellVonSi_1_svg-tex.pdf

pdfTeX warning: pdflatex (file ./svg-inkscape/GitterstrukturUndBaendermodellVonSi_1_svg-tex.pdf): PDF inclusion: multiple pdfs with page group included in a single page
> <./svg-inkscape/GitterstrukturUndBaendermodellVonSi_1_svg-tex.pdf

pdfTeX warning: pdflatex (file ./svg-inkscape/GitterstrukturUndBaendermodellVonSi_1_svg-tex.pdf): PDF inclusion: multiple pdfs with page group included in a single page
> <./svg-inkscape/GitterstrukturUndBaendermodellVonSi_1_svg-tex.pdf

pdfTeX warning: pdflatex (file ./svg-inkscape/GitterstrukturUndBaendermodellVonSi_1_svg-tex.pdf): PDF inclusion: multiple pdfs with page group included in a single page
> <./svg-inkscape/GitterstrukturUndBaendermodellVonSi_1_svg-tex.pdf

pdfTeX warning: pdflatex (file ./svg-inkscape/GitterstrukturUndBaendermodellVonSi_1_svg-tex.pdf): PDF inclusion: multiple pdfs with page group included in a single page
> <./svg-inkscape/GitterstrukturUndBaendermodellVonSi_2_svg-tex.pdf

pdfTeX warning: pdflatex (file ./svg-inkscape/GitterstrukturUndBaendermodellVonSi_2_svg-tex.pdf): PDF inclusion: multiple pdfs with page group included in a single page
> <./svg-inkscape/GitterstrukturUndBaendermodellVonSi_2_svg-tex.pdf

pdfTeX warning: pdflatex (file ./svg-inkscape/GitterstrukturUndBaendermodellVonSi_2_svg-tex.pdf): PDF inclusion: multiple pdfs with page group included in a single page
> <./svg-inkscape/GitterstrukturUndBaendermodellVonSi_2_svg-tex.pdf

pdfTeX warning: pdflatex (file ./svg-inkscape/GitterstrukturUndBaendermodellVonSi_2_svg-tex.pdf): PDF inclusion: multiple pdfs with page group included in a single page
> <./svg-inkscape/GitterstrukturUndBaendermodellVonSi_2_svg-tex.pdf

pdfTeX warning: pdflatex (file ./svg-inkscape/GitterstrukturUndBaendermodellVonSi_2_svg-tex.pdf): PDF inclusion: multiple pdfs with page group included in a single page
> <./svg-inkscape/GitterstrukturUndBaendermodellVonSi_2_svg-tex.pdf

pdfTeX warning: pdflatex (file ./svg-inkscape/GitterstrukturUndBaendermodellVonSi_2_svg-tex.pdf): PDF inclusion: multiple pdfs with page group included in a single page
> <./svg-inkscape/GitterstrukturUndBaendermodellVonSi_2_svg-tex.pdf

pdfTeX warning: pdflatex (file ./svg-inkscape/GitterstrukturUndBaendermodellVonSi_2_svg-tex.pdf): PDF inclusion: multiple pdfs with page group included in a single page
> <./svg-inkscape/GitterstrukturUndBaendermodellVonSi_2_svg-tex.pdf

pdfTeX warning: pdflatex (file ./svg-inkscape/GitterstrukturUndBaendermodellVonSi_2_svg-tex.pdf): PDF inclusion: multiple pdfs with page group included in a single page
>]
Package svg Info: Last page of `./svg-inkscape/GitterstrukturUndBaendermodellVonSi_1_svg-tex.pdf' is 7 on input line 354.
 (./svg-inkscape/GitterstrukturUndBaendermodellVonSi_1_svg-tex.pdf_tex
File: ./svg-inkscape/GitterstrukturUndBaendermodellVonSi_1_svg-tex.pdf Graphic file (type pdf)
<use ./svg-inkscape/GitterstrukturUndBaendermodellVonSi_1_svg-tex.pdf, page 1>
Package pdftex.def Info: ./svg-inkscape/GitterstrukturUndBaendermodellVonSi_1_svg-tex.pdf , page1 used on input line 56.
(pdftex.def)             Requested size: 191.20082pt x 89.82576pt.
File: ./svg-inkscape/GitterstrukturUndBaendermodellVonSi_1_svg-tex.pdf Graphic file (type pdf)
<use ./svg-inkscape/GitterstrukturUndBaendermodellVonSi_1_svg-tex.pdf, page 2>
Package pdftex.def Info: ./svg-inkscape/GitterstrukturUndBaendermodellVonSi_1_svg-tex.pdf , page2 used on input line 58.
(pdftex.def)             Requested size: 191.20082pt x 89.82576pt.
File: ./svg-inkscape/GitterstrukturUndBaendermodellVonSi_1_svg-tex.pdf Graphic file (type pdf)
<use ./svg-inkscape/GitterstrukturUndBaendermodellVonSi_1_svg-tex.pdf, page 3>
Package pdftex.def Info: ./svg-inkscape/GitterstrukturUndBaendermodellVonSi_1_svg-tex.pdf , page3 used on input line 61.
(pdftex.def)             Requested size: 191.20082pt x 89.82576pt.
File: ./svg-inkscape/GitterstrukturUndBaendermodellVonSi_1_svg-tex.pdf Graphic file (type pdf)
<use ./svg-inkscape/GitterstrukturUndBaendermodellVonSi_1_svg-tex.pdf, page 4>
Package pdftex.def Info: ./svg-inkscape/GitterstrukturUndBaendermodellVonSi_1_svg-tex.pdf , page4 used on input line 63.
(pdftex.def)             Requested size: 191.20082pt x 89.82576pt.
File: ./svg-inkscape/GitterstrukturUndBaendermodellVonSi_1_svg-tex.pdf Graphic file (type pdf)
<use ./svg-inkscape/GitterstrukturUndBaendermodellVonSi_1_svg-tex.pdf, page 5>
Package pdftex.def Info: ./svg-inkscape/GitterstrukturUndBaendermodellVonSi_1_svg-tex.pdf , page5 used on input line 65.
(pdftex.def)             Requested size: 191.20082pt x 89.82576pt.
File: ./svg-inkscape/GitterstrukturUndBaendermodellVonSi_1_svg-tex.pdf Graphic file (type pdf)
<use ./svg-inkscape/GitterstrukturUndBaendermodellVonSi_1_svg-tex.pdf, page 6>
Package pdftex.def Info: ./svg-inkscape/GitterstrukturUndBaendermodellVonSi_1_svg-tex.pdf , page6 used on input line 67.
(pdftex.def)             Requested size: 191.20082pt x 89.82576pt.
File: ./svg-inkscape/GitterstrukturUndBaendermodellVonSi_1_svg-tex.pdf Graphic file (type pdf)
<use ./svg-inkscape/GitterstrukturUndBaendermodellVonSi_1_svg-tex.pdf, page 7>
Package pdftex.def Info: ./svg-inkscape/GitterstrukturUndBaendermodellVonSi_1_svg-tex.pdf , page7 used on input line 69.
(pdftex.def)             Requested size: 191.20082pt x 89.82576pt.
)
Package svg Info: Last page of `./svg-inkscape/GitterstrukturUndBaendermodellVonSi_2_svg-tex.pdf' is 7 on input line 354.
 (./svg-inkscape/GitterstrukturUndBaendermodellVonSi_2_svg-tex.pdf_tex
File: ./svg-inkscape/GitterstrukturUndBaendermodellVonSi_2_svg-tex.pdf Graphic file (type pdf)
<use ./svg-inkscape/GitterstrukturUndBaendermodellVonSi_2_svg-tex.pdf, page 1>
Package pdftex.def Info: ./svg-inkscape/GitterstrukturUndBaendermodellVonSi_2_svg-tex.pdf , page1 used on input line 56.
(pdftex.def)             Requested size: 191.20082pt x 96.16588pt.
File: ./svg-inkscape/GitterstrukturUndBaendermodellVonSi_2_svg-tex.pdf Graphic file (type pdf)
<use ./svg-inkscape/GitterstrukturUndBaendermodellVonSi_2_svg-tex.pdf, page 2>
Package pdftex.def Info: ./svg-inkscape/GitterstrukturUndBaendermodellVonSi_2_svg-tex.pdf , page2 used on input line 59.
(pdftex.def)             Requested size: 191.20082pt x 96.16588pt.
File: ./svg-inkscape/GitterstrukturUndBaendermodellVonSi_2_svg-tex.pdf Graphic file (type pdf)
<use ./svg-inkscape/GitterstrukturUndBaendermodellVonSi_2_svg-tex.pdf, page 3>
Package pdftex.def Info: ./svg-inkscape/GitterstrukturUndBaendermodellVonSi_2_svg-tex.pdf , page3 used on input line 61.
(pdftex.def)             Requested size: 191.20082pt x 96.16588pt.
File: ./svg-inkscape/GitterstrukturUndBaendermodellVonSi_2_svg-tex.pdf Graphic file (type pdf)
<use ./svg-inkscape/GitterstrukturUndBaendermodellVonSi_2_svg-tex.pdf, page 4>
Package pdftex.def Info: ./svg-inkscape/GitterstrukturUndBaendermodellVonSi_2_svg-tex.pdf , page4 used on input line 63.
(pdftex.def)             Requested size: 191.20082pt x 96.16588pt.
File: ./svg-inkscape/GitterstrukturUndBaendermodellVonSi_2_svg-tex.pdf Graphic file (type pdf)
<use ./svg-inkscape/GitterstrukturUndBaendermodellVonSi_2_svg-tex.pdf, page 5>
Package pdftex.def Info: ./svg-inkscape/GitterstrukturUndBaendermodellVonSi_2_svg-tex.pdf , page5 used on input line 66.
(pdftex.def)             Requested size: 191.20082pt x 96.16588pt.
File: ./svg-inkscape/GitterstrukturUndBaendermodellVonSi_2_svg-tex.pdf Graphic file (type pdf)
<use ./svg-inkscape/GitterstrukturUndBaendermodellVonSi_2_svg-tex.pdf, page 6>
Package pdftex.def Info: ./svg-inkscape/GitterstrukturUndBaendermodellVonSi_2_svg-tex.pdf , page6 used on input line 68.
(pdftex.def)             Requested size: 191.20082pt x 96.16588pt.
File: ./svg-inkscape/GitterstrukturUndBaendermodellVonSi_2_svg-tex.pdf Graphic file (type pdf)
<use ./svg-inkscape/GitterstrukturUndBaendermodellVonSi_2_svg-tex.pdf, page 7>
Package pdftex.def Info: ./svg-inkscape/GitterstrukturUndBaendermodellVonSi_2_svg-tex.pdf , page7 used on input line 70.
(pdftex.def)             Requested size: 191.20082pt x 96.16588pt.
) [24

]
Package svg Info: Last page of `./svg-inkscape/GitterstrukturUndBaendermodellVonN-dotiertesSi_1_svg-tex.pdf' is 7 on input line 387.
 (./svg-inkscape/GitterstrukturUndBaendermodellVonN-dotiertesSi_1_svg-tex.pdf_tex
<./svg-inkscape/GitterstrukturUndBaendermodellVonN-dotiertesSi_1_svg-tex.pdf, id=389, page=1, 214.97925pt x 108.1205pt>
File: ./svg-inkscape/GitterstrukturUndBaendermodellVonN-dotiertesSi_1_svg-tex.pdf Graphic file (type pdf)
<use ./svg-inkscape/GitterstrukturUndBaendermodellVonN-dotiertesSi_1_svg-tex.pdf, page 1>
Package pdftex.def Info: ./svg-inkscape/GitterstrukturUndBaendermodellVonN-dotiertesSi_1_svg-tex.pdf , page1 used on input line 56.
(pdftex.def)             Requested size: 191.20082pt x 96.16588pt.
<./svg-inkscape/GitterstrukturUndBaendermodellVonN-dotiertesSi_1_svg-tex.pdf, id=390, page=2, 214.97925pt x 108.1205pt>
File: ./svg-inkscape/GitterstrukturUndBaendermodellVonN-dotiertesSi_1_svg-tex.pdf Graphic file (type pdf)
<use ./svg-inkscape/GitterstrukturUndBaendermodellVonN-dotiertesSi_1_svg-tex.pdf, page 2>
Package pdftex.def Info: ./svg-inkscape/GitterstrukturUndBaendermodellVonN-dotiertesSi_1_svg-tex.pdf , page2 used on input line 58.
(pdftex.def)             Requested size: 191.20082pt x 96.16588pt.
<./svg-inkscape/GitterstrukturUndBaendermodellVonN-dotiertesSi_1_svg-tex.pdf, id=391, page=3, 214.97925pt x 108.1205pt>
File: ./svg-inkscape/GitterstrukturUndBaendermodellVonN-dotiertesSi_1_svg-tex.pdf Graphic file (type pdf)
<use ./svg-inkscape/GitterstrukturUndBaendermodellVonN-dotiertesSi_1_svg-tex.pdf, page 3>
Package pdftex.def Info: ./svg-inkscape/GitterstrukturUndBaendermodellVonN-dotiertesSi_1_svg-tex.pdf , page3 used on input line 62.
(pdftex.def)             Requested size: 191.20082pt x 96.16588pt.
<./svg-inkscape/GitterstrukturUndBaendermodellVonN-dotiertesSi_1_svg-tex.pdf, id=392, page=4, 214.97925pt x 108.1205pt>
File: ./svg-inkscape/GitterstrukturUndBaendermodellVonN-dotiertesSi_1_svg-tex.pdf Graphic file (type pdf)
<use ./svg-inkscape/GitterstrukturUndBaendermodellVonN-dotiertesSi_1_svg-tex.pdf, page 4>
Package pdftex.def Info: ./svg-inkscape/GitterstrukturUndBaendermodellVonN-dotiertesSi_1_svg-tex.pdf , page4 used on input line 64.
(pdftex.def)             Requested size: 191.20082pt x 96.16588pt.
<./svg-inkscape/GitterstrukturUndBaendermodellVonN-dotiertesSi_1_svg-tex.pdf, id=393, page=5, 214.97925pt x 108.1205pt>
File: ./svg-inkscape/GitterstrukturUndBaendermodellVonN-dotiertesSi_1_svg-tex.pdf Graphic file (type pdf)
<use ./svg-inkscape/GitterstrukturUndBaendermodellVonN-dotiertesSi_1_svg-tex.pdf, page 5>
Package pdftex.def Info: ./svg-inkscape/GitterstrukturUndBaendermodellVonN-dotiertesSi_1_svg-tex.pdf , page5 used on input line 66.
(pdftex.def)             Requested size: 191.20082pt x 96.16588pt.
<./svg-inkscape/GitterstrukturUndBaendermodellVonN-dotiertesSi_1_svg-tex.pdf, id=394, page=6, 214.97925pt x 108.1205pt>
File: ./svg-inkscape/GitterstrukturUndBaendermodellVonN-dotiertesSi_1_svg-tex.pdf Graphic file (type pdf)
<use ./svg-inkscape/GitterstrukturUndBaendermodellVonN-dotiertesSi_1_svg-tex.pdf, page 6>
Package pdftex.def Info: ./svg-inkscape/GitterstrukturUndBaendermodellVonN-dotiertesSi_1_svg-tex.pdf , page6 used on input line 68.
(pdftex.def)             Requested size: 191.20082pt x 96.16588pt.
<./svg-inkscape/GitterstrukturUndBaendermodellVonN-dotiertesSi_1_svg-tex.pdf, id=395, page=7, 214.97925pt x 108.1205pt>
File: ./svg-inkscape/GitterstrukturUndBaendermodellVonN-dotiertesSi_1_svg-tex.pdf Graphic file (type pdf)
<use ./svg-inkscape/GitterstrukturUndBaendermodellVonN-dotiertesSi_1_svg-tex.pdf, page 7>
Package pdftex.def Info: ./svg-inkscape/GitterstrukturUndBaendermodellVonN-dotiertesSi_1_svg-tex.pdf , page7 used on input line 70.
(pdftex.def)             Requested size: 191.20082pt x 96.16588pt.
)
Package svg Info: Last page of `./svg-inkscape/GitterstrukturUndBaendermodellVonN-dotiertesSi_2_svg-tex.pdf' is 8 on input line 387.
 (./svg-inkscape/GitterstrukturUndBaendermodellVonN-dotiertesSi_2_svg-tex.pdf_tex
<./svg-inkscape/GitterstrukturUndBaendermodellVonN-dotiertesSi_2_svg-tex.pdf, id=397, page=1, 214.97925pt x 108.1205pt>
File: ./svg-inkscape/GitterstrukturUndBaendermodellVonN-dotiertesSi_2_svg-tex.pdf Graphic file (type pdf)
<use ./svg-inkscape/GitterstrukturUndBaendermodellVonN-dotiertesSi_2_svg-tex.pdf, page 1>
Package pdftex.def Info: ./svg-inkscape/GitterstrukturUndBaendermodellVonN-dotiertesSi_2_svg-tex.pdf , page1 used on input line 56.
(pdftex.def)             Requested size: 191.20082pt x 96.16588pt.
<./svg-inkscape/GitterstrukturUndBaendermodellVonN-dotiertesSi_2_svg-tex.pdf, id=398, page=2, 214.97925pt x 108.1205pt>
File: ./svg-inkscape/GitterstrukturUndBaendermodellVonN-dotiertesSi_2_svg-tex.pdf Graphic file (type pdf)
<use ./svg-inkscape/GitterstrukturUndBaendermodellVonN-dotiertesSi_2_svg-tex.pdf, page 2>
Package pdftex.def Info: ./svg-inkscape/GitterstrukturUndBaendermodellVonN-dotiertesSi_2_svg-tex.pdf , page2 used on input line 58.
(pdftex.def)             Requested size: 191.20082pt x 96.16588pt.
<./svg-inkscape/GitterstrukturUndBaendermodellVonN-dotiertesSi_2_svg-tex.pdf, id=399, page=3, 214.97925pt x 108.1205pt>
File: ./svg-inkscape/GitterstrukturUndBaendermodellVonN-dotiertesSi_2_svg-tex.pdf Graphic file (type pdf)
<use ./svg-inkscape/GitterstrukturUndBaendermodellVonN-dotiertesSi_2_svg-tex.pdf, page 3>
Package pdftex.def Info: ./svg-inkscape/GitterstrukturUndBaendermodellVonN-dotiertesSi_2_svg-tex.pdf , page3 used on input line 60.
(pdftex.def)             Requested size: 191.20082pt x 96.16588pt.
<./svg-inkscape/GitterstrukturUndBaendermodellVonN-dotiertesSi_2_svg-tex.pdf, id=400, page=4, 214.97925pt x 108.1205pt>
File: ./svg-inkscape/GitterstrukturUndBaendermodellVonN-dotiertesSi_2_svg-tex.pdf Graphic file (type pdf)
<use ./svg-inkscape/GitterstrukturUndBaendermodellVonN-dotiertesSi_2_svg-tex.pdf, page 4>
Package pdftex.def Info: ./svg-inkscape/GitterstrukturUndBaendermodellVonN-dotiertesSi_2_svg-tex.pdf , page4 used on input line 62.
(pdftex.def)             Requested size: 191.20082pt x 96.16588pt.
<./svg-inkscape/GitterstrukturUndBaendermodellVonN-dotiertesSi_2_svg-tex.pdf, id=401, page=5, 214.97925pt x 108.1205pt>
File: ./svg-inkscape/GitterstrukturUndBaendermodellVonN-dotiertesSi_2_svg-tex.pdf Graphic file (type pdf)
<use ./svg-inkscape/GitterstrukturUndBaendermodellVonN-dotiertesSi_2_svg-tex.pdf, page 5>
Package pdftex.def Info: ./svg-inkscape/GitterstrukturUndBaendermodellVonN-dotiertesSi_2_svg-tex.pdf , page5 used on input line 66.
(pdftex.def)             Requested size: 191.20082pt x 96.16588pt.
<./svg-inkscape/GitterstrukturUndBaendermodellVonN-dotiertesSi_2_svg-tex.pdf, id=402, page=6, 214.97925pt x 108.1205pt>
File: ./svg-inkscape/GitterstrukturUndBaendermodellVonN-dotiertesSi_2_svg-tex.pdf Graphic file (type pdf)
<use ./svg-inkscape/GitterstrukturUndBaendermodellVonN-dotiertesSi_2_svg-tex.pdf, page 6>
Package pdftex.def Info: ./svg-inkscape/GitterstrukturUndBaendermodellVonN-dotiertesSi_2_svg-tex.pdf , page6 used on input line 68.
(pdftex.def)             Requested size: 191.20082pt x 96.16588pt.
<./svg-inkscape/GitterstrukturUndBaendermodellVonN-dotiertesSi_2_svg-tex.pdf, id=403, page=7, 214.97925pt x 108.1205pt>
File: ./svg-inkscape/GitterstrukturUndBaendermodellVonN-dotiertesSi_2_svg-tex.pdf Graphic file (type pdf)
<use ./svg-inkscape/GitterstrukturUndBaendermodellVonN-dotiertesSi_2_svg-tex.pdf, page 7>
Package pdftex.def Info: ./svg-inkscape/GitterstrukturUndBaendermodellVonN-dotiertesSi_2_svg-tex.pdf , page7 used on input line 71.
(pdftex.def)             Requested size: 191.20082pt x 96.16588pt.
<./svg-inkscape/GitterstrukturUndBaendermodellVonN-dotiertesSi_2_svg-tex.pdf, id=404, page=8, 214.97925pt x 108.1205pt>
File: ./svg-inkscape/GitterstrukturUndBaendermodellVonN-dotiertesSi_2_svg-tex.pdf Graphic file (type pdf)
<use ./svg-inkscape/GitterstrukturUndBaendermodellVonN-dotiertesSi_2_svg-tex.pdf, page 8>
Package pdftex.def Info: ./svg-inkscape/GitterstrukturUndBaendermodellVonN-dotiertesSi_2_svg-tex.pdf , page8 used on input line 73.
(pdftex.def)             Requested size: 191.20082pt x 96.16588pt.
) [25

 <./svg-inkscape/GitterstrukturUndBaendermodellVonN-dotiertesSi_1_svg-tex.pdf> <./svg-inkscape/GitterstrukturUndBaendermodellVonN-dotiertesSi_1_svg-tex.pdf

pdfTeX warning: pdflatex (file ./svg-inkscape/GitterstrukturUndBaendermodellVonN-dotiertesSi_1_svg-tex.pdf): PDF inclusion: multiple pdfs with page group included in a single page
> <./svg-inkscape/GitterstrukturUndBaendermodellVonN-dotiertesSi_1_svg-tex.pdf

pdfTeX warning: pdflatex (file ./svg-inkscape/GitterstrukturUndBaendermodellVonN-dotiertesSi_1_svg-tex.pdf): PDF inclusion: multiple pdfs with page group included in a single page
> <./svg-inkscape/GitterstrukturUndBaendermodellVonN-dotiertesSi_1_svg-tex.pdf

pdfTeX warning: pdflatex (file ./svg-inkscape/GitterstrukturUndBaendermodellVonN-dotiertesSi_1_svg-tex.pdf): PDF inclusion: multiple pdfs with page group included in a single page
> <./svg-inkscape/GitterstrukturUndBaendermodellVonN-dotiertesSi_1_svg-tex.pdf

pdfTeX warning: pdflatex (file ./svg-inkscape/GitterstrukturUndBaendermodellVonN-dotiertesSi_1_svg-tex.pdf): PDF inclusion: multiple pdfs with page group included in a single page
> <./svg-inkscape/GitterstrukturUndBaendermodellVonN-dotiertesSi_1_svg-tex.pdf

pdfTeX warning: pdflatex (file ./svg-inkscape/GitterstrukturUndBaendermodellVonN-dotiertesSi_1_svg-tex.pdf): PDF inclusion: multiple pdfs with page group included in a single page
> <./svg-inkscape/GitterstrukturUndBaendermodellVonN-dotiertesSi_1_svg-tex.pdf

pdfTeX warning: pdflatex (file ./svg-inkscape/GitterstrukturUndBaendermodellVonN-dotiertesSi_1_svg-tex.pdf): PDF inclusion: multiple pdfs with page group included in a single page
> <./svg-inkscape/GitterstrukturUndBaendermodellVonN-dotiertesSi_2_svg-tex.pdf

pdfTeX warning: pdflatex (file ./svg-inkscape/GitterstrukturUndBaendermodellVonN-dotiertesSi_2_svg-tex.pdf): PDF inclusion: multiple pdfs with page group included in a single page
> <./svg-inkscape/GitterstrukturUndBaendermodellVonN-dotiertesSi_2_svg-tex.pdf

pdfTeX warning: pdflatex (file ./svg-inkscape/GitterstrukturUndBaendermodellVonN-dotiertesSi_2_svg-tex.pdf): PDF inclusion: multiple pdfs with page group included in a single page
> <./svg-inkscape/GitterstrukturUndBaendermodellVonN-dotiertesSi_2_svg-tex.pdf

pdfTeX warning: pdflatex (file ./svg-inkscape/GitterstrukturUndBaendermodellVonN-dotiertesSi_2_svg-tex.pdf): PDF inclusion: multiple pdfs with page group included in a single page
> <./svg-inkscape/GitterstrukturUndBaendermodellVonN-dotiertesSi_2_svg-tex.pdf

pdfTeX warning: pdflatex (file ./svg-inkscape/GitterstrukturUndBaendermodellVonN-dotiertesSi_2_svg-tex.pdf): PDF inclusion: multiple pdfs with page group included in a single page
> <./svg-inkscape/GitterstrukturUndBaendermodellVonN-dotiertesSi_2_svg-tex.pdf

pdfTeX warning: pdflatex (file ./svg-inkscape/GitterstrukturUndBaendermodellVonN-dotiertesSi_2_svg-tex.pdf): PDF inclusion: multiple pdfs with page group included in a single page
> <./svg-inkscape/GitterstrukturUndBaendermodellVonN-dotiertesSi_2_svg-tex.pdf

pdfTeX warning: pdflatex (file ./svg-inkscape/GitterstrukturUndBaendermodellVonN-dotiertesSi_2_svg-tex.pdf): PDF inclusion: multiple pdfs with page group included in a single page
> <./svg-inkscape/GitterstrukturUndBaendermodellVonN-dotiertesSi_2_svg-tex.pdf

pdfTeX warning: pdflatex (file ./svg-inkscape/GitterstrukturUndBaendermodellVonN-dotiertesSi_2_svg-tex.pdf): PDF inclusion: multiple pdfs with page group included in a single page
> <./svg-inkscape/GitterstrukturUndBaendermodellVonN-dotiertesSi_2_svg-tex.pdf

pdfTeX warning: pdflatex (file ./svg-inkscape/GitterstrukturUndBaendermodellVonN-dotiertesSi_2_svg-tex.pdf): PDF inclusion: multiple pdfs with page group included in a single page
>]
Package svg Info: Last page of `./svg-inkscape/GitterstrukturUndBaendermodellVonN-dotiertesSi_1_svg-tex.pdf' is 7 on input line 387.
 (./svg-inkscape/GitterstrukturUndBaendermodellVonN-dotiertesSi_1_svg-tex.pdf_tex
File: ./svg-inkscape/GitterstrukturUndBaendermodellVonN-dotiertesSi_1_svg-tex.pdf Graphic file (type pdf)
<use ./svg-inkscape/GitterstrukturUndBaendermodellVonN-dotiertesSi_1_svg-tex.pdf, page 1>
Package pdftex.def Info: ./svg-inkscape/GitterstrukturUndBaendermodellVonN-dotiertesSi_1_svg-tex.pdf , page1 used on input line 56.
(pdftex.def)             Requested size: 191.20082pt x 96.16588pt.
File: ./svg-inkscape/GitterstrukturUndBaendermodellVonN-dotiertesSi_1_svg-tex.pdf Graphic file (type pdf)
<use ./svg-inkscape/GitterstrukturUndBaendermodellVonN-dotiertesSi_1_svg-tex.pdf, page 2>
Package pdftex.def Info: ./svg-inkscape/GitterstrukturUndBaendermodellVonN-dotiertesSi_1_svg-tex.pdf , page2 used on input line 58.
(pdftex.def)             Requested size: 191.20082pt x 96.16588pt.
File: ./svg-inkscape/GitterstrukturUndBaendermodellVonN-dotiertesSi_1_svg-tex.pdf Graphic file (type pdf)
<use ./svg-inkscape/GitterstrukturUndBaendermodellVonN-dotiertesSi_1_svg-tex.pdf, page 3>
Package pdftex.def Info: ./svg-inkscape/GitterstrukturUndBaendermodellVonN-dotiertesSi_1_svg-tex.pdf , page3 used on input line 62.
(pdftex.def)             Requested size: 191.20082pt x 96.16588pt.
File: ./svg-inkscape/GitterstrukturUndBaendermodellVonN-dotiertesSi_1_svg-tex.pdf Graphic file (type pdf)
<use ./svg-inkscape/GitterstrukturUndBaendermodellVonN-dotiertesSi_1_svg-tex.pdf, page 4>
Package pdftex.def Info: ./svg-inkscape/GitterstrukturUndBaendermodellVonN-dotiertesSi_1_svg-tex.pdf , page4 used on input line 64.
(pdftex.def)             Requested size: 191.20082pt x 96.16588pt.
File: ./svg-inkscape/GitterstrukturUndBaendermodellVonN-dotiertesSi_1_svg-tex.pdf Graphic file (type pdf)
<use ./svg-inkscape/GitterstrukturUndBaendermodellVonN-dotiertesSi_1_svg-tex.pdf, page 5>
Package pdftex.def Info: ./svg-inkscape/GitterstrukturUndBaendermodellVonN-dotiertesSi_1_svg-tex.pdf , page5 used on input line 66.
(pdftex.def)             Requested size: 191.20082pt x 96.16588pt.
File: ./svg-inkscape/GitterstrukturUndBaendermodellVonN-dotiertesSi_1_svg-tex.pdf Graphic file (type pdf)
<use ./svg-inkscape/GitterstrukturUndBaendermodellVonN-dotiertesSi_1_svg-tex.pdf, page 6>
Package pdftex.def Info: ./svg-inkscape/GitterstrukturUndBaendermodellVonN-dotiertesSi_1_svg-tex.pdf , page6 used on input line 68.
(pdftex.def)             Requested size: 191.20082pt x 96.16588pt.
File: ./svg-inkscape/GitterstrukturUndBaendermodellVonN-dotiertesSi_1_svg-tex.pdf Graphic file (type pdf)
<use ./svg-inkscape/GitterstrukturUndBaendermodellVonN-dotiertesSi_1_svg-tex.pdf, page 7>
Package pdftex.def Info: ./svg-inkscape/GitterstrukturUndBaendermodellVonN-dotiertesSi_1_svg-tex.pdf , page7 used on input line 70.
(pdftex.def)             Requested size: 191.20082pt x 96.16588pt.
)
Package svg Info: Last page of `./svg-inkscape/GitterstrukturUndBaendermodellVonN-dotiertesSi_2_svg-tex.pdf' is 8 on input line 387.
 (./svg-inkscape/GitterstrukturUndBaendermodellVonN-dotiertesSi_2_svg-tex.pdf_tex
File: ./svg-inkscape/GitterstrukturUndBaendermodellVonN-dotiertesSi_2_svg-tex.pdf Graphic file (type pdf)
<use ./svg-inkscape/GitterstrukturUndBaendermodellVonN-dotiertesSi_2_svg-tex.pdf, page 1>
Package pdftex.def Info: ./svg-inkscape/GitterstrukturUndBaendermodellVonN-dotiertesSi_2_svg-tex.pdf , page1 used on input line 56.
(pdftex.def)             Requested size: 191.20082pt x 96.16588pt.
File: ./svg-inkscape/GitterstrukturUndBaendermodellVonN-dotiertesSi_2_svg-tex.pdf Graphic file (type pdf)
<use ./svg-inkscape/GitterstrukturUndBaendermodellVonN-dotiertesSi_2_svg-tex.pdf, page 2>
Package pdftex.def Info: ./svg-inkscape/GitterstrukturUndBaendermodellVonN-dotiertesSi_2_svg-tex.pdf , page2 used on input line 58.
(pdftex.def)             Requested size: 191.20082pt x 96.16588pt.
File: ./svg-inkscape/GitterstrukturUndBaendermodellVonN-dotiertesSi_2_svg-tex.pdf Graphic file (type pdf)
<use ./svg-inkscape/GitterstrukturUndBaendermodellVonN-dotiertesSi_2_svg-tex.pdf, page 3>
Package pdftex.def Info: ./svg-inkscape/GitterstrukturUndBaendermodellVonN-dotiertesSi_2_svg-tex.pdf , page3 used on input line 60.
(pdftex.def)             Requested size: 191.20082pt x 96.16588pt.
File: ./svg-inkscape/GitterstrukturUndBaendermodellVonN-dotiertesSi_2_svg-tex.pdf Graphic file (type pdf)
<use ./svg-inkscape/GitterstrukturUndBaendermodellVonN-dotiertesSi_2_svg-tex.pdf, page 4>
Package pdftex.def Info: ./svg-inkscape/GitterstrukturUndBaendermodellVonN-dotiertesSi_2_svg-tex.pdf , page4 used on input line 62.
(pdftex.def)             Requested size: 191.20082pt x 96.16588pt.
File: ./svg-inkscape/GitterstrukturUndBaendermodellVonN-dotiertesSi_2_svg-tex.pdf Graphic file (type pdf)
<use ./svg-inkscape/GitterstrukturUndBaendermodellVonN-dotiertesSi_2_svg-tex.pdf, page 5>
Package pdftex.def Info: ./svg-inkscape/GitterstrukturUndBaendermodellVonN-dotiertesSi_2_svg-tex.pdf , page5 used on input line 66.
(pdftex.def)             Requested size: 191.20082pt x 96.16588pt.
File: ./svg-inkscape/GitterstrukturUndBaendermodellVonN-dotiertesSi_2_svg-tex.pdf Graphic file (type pdf)
<use ./svg-inkscape/GitterstrukturUndBaendermodellVonN-dotiertesSi_2_svg-tex.pdf, page 6>
Package pdftex.def Info: ./svg-inkscape/GitterstrukturUndBaendermodellVonN-dotiertesSi_2_svg-tex.pdf , page6 used on input line 68.
(pdftex.def)             Requested size: 191.20082pt x 96.16588pt.
File: ./svg-inkscape/GitterstrukturUndBaendermodellVonN-dotiertesSi_2_svg-tex.pdf Graphic file (type pdf)
<use ./svg-inkscape/GitterstrukturUndBaendermodellVonN-dotiertesSi_2_svg-tex.pdf, page 7>
Package pdftex.def Info: ./svg-inkscape/GitterstrukturUndBaendermodellVonN-dotiertesSi_2_svg-tex.pdf , page7 used on input line 71.
(pdftex.def)             Requested size: 191.20082pt x 96.16588pt.
File: ./svg-inkscape/GitterstrukturUndBaendermodellVonN-dotiertesSi_2_svg-tex.pdf Graphic file (type pdf)
<use ./svg-inkscape/GitterstrukturUndBaendermodellVonN-dotiertesSi_2_svg-tex.pdf, page 8>
Package pdftex.def Info: ./svg-inkscape/GitterstrukturUndBaendermodellVonN-dotiertesSi_2_svg-tex.pdf , page8 used on input line 73.
(pdftex.def)             Requested size: 191.20082pt x 96.16588pt.
) [26

]
Package svg Info: Last page of `./svg-inkscape/GitterstrukturUndBaendermodellVonP-dotiertesSi_1_svg-tex.pdf' is 7 on input line 420.
 (./svg-inkscape/GitterstrukturUndBaendermodellVonP-dotiertesSi_1_svg-tex.pdf_tex
<./svg-inkscape/GitterstrukturUndBaendermodellVonP-dotiertesSi_1_svg-tex.pdf, id=427, page=1, 214.97926pt x 108.1205pt>
File: ./svg-inkscape/GitterstrukturUndBaendermodellVonP-dotiertesSi_1_svg-tex.pdf Graphic file (type pdf)
<use ./svg-inkscape/GitterstrukturUndBaendermodellVonP-dotiertesSi_1_svg-tex.pdf, page 1>
Package pdftex.def Info: ./svg-inkscape/GitterstrukturUndBaendermodellVonP-dotiertesSi_1_svg-tex.pdf , page1 used on input line 56.
(pdftex.def)             Requested size: 191.20082pt x 96.16588pt.
<./svg-inkscape/GitterstrukturUndBaendermodellVonP-dotiertesSi_1_svg-tex.pdf, id=428, page=2, 214.97926pt x 108.1205pt>
File: ./svg-inkscape/GitterstrukturUndBaendermodellVonP-dotiertesSi_1_svg-tex.pdf Graphic file (type pdf)
<use ./svg-inkscape/GitterstrukturUndBaendermodellVonP-dotiertesSi_1_svg-tex.pdf, page 2>
Package pdftex.def Info: ./svg-inkscape/GitterstrukturUndBaendermodellVonP-dotiertesSi_1_svg-tex.pdf , page2 used on input line 58.
(pdftex.def)             Requested size: 191.20082pt x 96.16588pt.
<./svg-inkscape/GitterstrukturUndBaendermodellVonP-dotiertesSi_1_svg-tex.pdf, id=429, page=3, 214.97926pt x 108.1205pt>
File: ./svg-inkscape/GitterstrukturUndBaendermodellVonP-dotiertesSi_1_svg-tex.pdf Graphic file (type pdf)
<use ./svg-inkscape/GitterstrukturUndBaendermodellVonP-dotiertesSi_1_svg-tex.pdf, page 3>
Package pdftex.def Info: ./svg-inkscape/GitterstrukturUndBaendermodellVonP-dotiertesSi_1_svg-tex.pdf , page3 used on input line 60.
(pdftex.def)             Requested size: 191.20082pt x 96.16588pt.
<./svg-inkscape/GitterstrukturUndBaendermodellVonP-dotiertesSi_1_svg-tex.pdf, id=430, page=4, 214.97926pt x 108.1205pt>
File: ./svg-inkscape/GitterstrukturUndBaendermodellVonP-dotiertesSi_1_svg-tex.pdf Graphic file (type pdf)
<use ./svg-inkscape/GitterstrukturUndBaendermodellVonP-dotiertesSi_1_svg-tex.pdf, page 4>
Package pdftex.def Info: ./svg-inkscape/GitterstrukturUndBaendermodellVonP-dotiertesSi_1_svg-tex.pdf , page4 used on input line 64.
(pdftex.def)             Requested size: 191.20082pt x 96.16588pt.
<./svg-inkscape/GitterstrukturUndBaendermodellVonP-dotiertesSi_1_svg-tex.pdf, id=431, page=5, 214.97926pt x 108.1205pt>
File: ./svg-inkscape/GitterstrukturUndBaendermodellVonP-dotiertesSi_1_svg-tex.pdf Graphic file (type pdf)
<use ./svg-inkscape/GitterstrukturUndBaendermodellVonP-dotiertesSi_1_svg-tex.pdf, page 5>
Package pdftex.def Info: ./svg-inkscape/GitterstrukturUndBaendermodellVonP-dotiertesSi_1_svg-tex.pdf , page5 used on input line 66.
(pdftex.def)             Requested size: 191.20082pt x 96.16588pt.
<./svg-inkscape/GitterstrukturUndBaendermodellVonP-dotiertesSi_1_svg-tex.pdf, id=432, page=6, 214.97926pt x 108.1205pt>
File: ./svg-inkscape/GitterstrukturUndBaendermodellVonP-dotiertesSi_1_svg-tex.pdf Graphic file (type pdf)
<use ./svg-inkscape/GitterstrukturUndBaendermodellVonP-dotiertesSi_1_svg-tex.pdf, page 6>
Package pdftex.def Info: ./svg-inkscape/GitterstrukturUndBaendermodellVonP-dotiertesSi_1_svg-tex.pdf , page6 used on input line 68.
(pdftex.def)             Requested size: 191.20082pt x 96.16588pt.
<./svg-inkscape/GitterstrukturUndBaendermodellVonP-dotiertesSi_1_svg-tex.pdf, id=433, page=7, 214.97926pt x 108.1205pt>
File: ./svg-inkscape/GitterstrukturUndBaendermodellVonP-dotiertesSi_1_svg-tex.pdf Graphic file (type pdf)
<use ./svg-inkscape/GitterstrukturUndBaendermodellVonP-dotiertesSi_1_svg-tex.pdf, page 7>
Package pdftex.def Info: ./svg-inkscape/GitterstrukturUndBaendermodellVonP-dotiertesSi_1_svg-tex.pdf , page7 used on input line 70.
(pdftex.def)             Requested size: 191.20082pt x 96.16588pt.
)
Package svg Info: Last page of `./svg-inkscape/GitterstrukturUndBaendermodellVonP-dotiertesSi_2_svg-tex.pdf' is 7 on input line 420.
 (./svg-inkscape/GitterstrukturUndBaendermodellVonP-dotiertesSi_2_svg-tex.pdf_tex
<./svg-inkscape/GitterstrukturUndBaendermodellVonP-dotiertesSi_2_svg-tex.pdf, id=435, page=1, 214.97926pt x 108.1205pt>
File: ./svg-inkscape/GitterstrukturUndBaendermodellVonP-dotiertesSi_2_svg-tex.pdf Graphic file (type pdf)
<use ./svg-inkscape/GitterstrukturUndBaendermodellVonP-dotiertesSi_2_svg-tex.pdf, page 1>
Package pdftex.def Info: ./svg-inkscape/GitterstrukturUndBaendermodellVonP-dotiertesSi_2_svg-tex.pdf , page1 used on input line 56.
(pdftex.def)             Requested size: 191.20082pt x 96.16588pt.
<./svg-inkscape/GitterstrukturUndBaendermodellVonP-dotiertesSi_2_svg-tex.pdf, id=436, page=2, 214.97926pt x 108.1205pt>
File: ./svg-inkscape/GitterstrukturUndBaendermodellVonP-dotiertesSi_2_svg-tex.pdf Graphic file (type pdf)
<use ./svg-inkscape/GitterstrukturUndBaendermodellVonP-dotiertesSi_2_svg-tex.pdf, page 2>
Package pdftex.def Info: ./svg-inkscape/GitterstrukturUndBaendermodellVonP-dotiertesSi_2_svg-tex.pdf , page2 used on input line 58.
(pdftex.def)             Requested size: 191.20082pt x 96.16588pt.
<./svg-inkscape/GitterstrukturUndBaendermodellVonP-dotiertesSi_2_svg-tex.pdf, id=437, page=3, 214.97926pt x 108.1205pt>
File: ./svg-inkscape/GitterstrukturUndBaendermodellVonP-dotiertesSi_2_svg-tex.pdf Graphic file (type pdf)
<use ./svg-inkscape/GitterstrukturUndBaendermodellVonP-dotiertesSi_2_svg-tex.pdf, page 3>
Package pdftex.def Info: ./svg-inkscape/GitterstrukturUndBaendermodellVonP-dotiertesSi_2_svg-tex.pdf , page3 used on input line 60.
(pdftex.def)             Requested size: 191.20082pt x 96.16588pt.
<./svg-inkscape/GitterstrukturUndBaendermodellVonP-dotiertesSi_2_svg-tex.pdf, id=438, page=4, 214.97926pt x 108.1205pt>
File: ./svg-inkscape/GitterstrukturUndBaendermodellVonP-dotiertesSi_2_svg-tex.pdf Graphic file (type pdf)
<use ./svg-inkscape/GitterstrukturUndBaendermodellVonP-dotiertesSi_2_svg-tex.pdf, page 4>
Package pdftex.def Info: ./svg-inkscape/GitterstrukturUndBaendermodellVonP-dotiertesSi_2_svg-tex.pdf , page4 used on input line 64.
(pdftex.def)             Requested size: 191.20082pt x 96.16588pt.
<./svg-inkscape/GitterstrukturUndBaendermodellVonP-dotiertesSi_2_svg-tex.pdf, id=439, page=5, 214.97926pt x 108.1205pt>
File: ./svg-inkscape/GitterstrukturUndBaendermodellVonP-dotiertesSi_2_svg-tex.pdf Graphic file (type pdf)
<use ./svg-inkscape/GitterstrukturUndBaendermodellVonP-dotiertesSi_2_svg-tex.pdf, page 5>
Package pdftex.def Info: ./svg-inkscape/GitterstrukturUndBaendermodellVonP-dotiertesSi_2_svg-tex.pdf , page5 used on input line 66.
(pdftex.def)             Requested size: 191.20082pt x 96.16588pt.
<./svg-inkscape/GitterstrukturUndBaendermodellVonP-dotiertesSi_2_svg-tex.pdf, id=440, page=6, 214.97926pt x 108.1205pt>
File: ./svg-inkscape/GitterstrukturUndBaendermodellVonP-dotiertesSi_2_svg-tex.pdf Graphic file (type pdf)
<use ./svg-inkscape/GitterstrukturUndBaendermodellVonP-dotiertesSi_2_svg-tex.pdf, page 6>
Package pdftex.def Info: ./svg-inkscape/GitterstrukturUndBaendermodellVonP-dotiertesSi_2_svg-tex.pdf , page6 used on input line 69.
(pdftex.def)             Requested size: 191.20082pt x 96.16588pt.
<./svg-inkscape/GitterstrukturUndBaendermodellVonP-dotiertesSi_2_svg-tex.pdf, id=441, page=7, 214.97926pt x 108.1205pt>
File: ./svg-inkscape/GitterstrukturUndBaendermodellVonP-dotiertesSi_2_svg-tex.pdf Graphic file (type pdf)
<use ./svg-inkscape/GitterstrukturUndBaendermodellVonP-dotiertesSi_2_svg-tex.pdf, page 7>
Package pdftex.def Info: ./svg-inkscape/GitterstrukturUndBaendermodellVonP-dotiertesSi_2_svg-tex.pdf , page7 used on input line 71.
(pdftex.def)             Requested size: 191.20082pt x 96.16588pt.
) [27

 <./svg-inkscape/GitterstrukturUndBaendermodellVonP-dotiertesSi_1_svg-tex.pdf> <./svg-inkscape/GitterstrukturUndBaendermodellVonP-dotiertesSi_1_svg-tex.pdf

pdfTeX warning: pdflatex (file ./svg-inkscape/GitterstrukturUndBaendermodellVonP-dotiertesSi_1_svg-tex.pdf): PDF inclusion: multiple pdfs with page group included in a single page
> <./svg-inkscape/GitterstrukturUndBaendermodellVonP-dotiertesSi_1_svg-tex.pdf

pdfTeX warning: pdflatex (file ./svg-inkscape/GitterstrukturUndBaendermodellVonP-dotiertesSi_1_svg-tex.pdf): PDF inclusion: multiple pdfs with page group included in a single page
> <./svg-inkscape/GitterstrukturUndBaendermodellVonP-dotiertesSi_1_svg-tex.pdf

pdfTeX warning: pdflatex (file ./svg-inkscape/GitterstrukturUndBaendermodellVonP-dotiertesSi_1_svg-tex.pdf): PDF inclusion: multiple pdfs with page group included in a single page
> <./svg-inkscape/GitterstrukturUndBaendermodellVonP-dotiertesSi_1_svg-tex.pdf

pdfTeX warning: pdflatex (file ./svg-inkscape/GitterstrukturUndBaendermodellVonP-dotiertesSi_1_svg-tex.pdf): PDF inclusion: multiple pdfs with page group included in a single page
> <./svg-inkscape/GitterstrukturUndBaendermodellVonP-dotiertesSi_1_svg-tex.pdf

pdfTeX warning: pdflatex (file ./svg-inkscape/GitterstrukturUndBaendermodellVonP-dotiertesSi_1_svg-tex.pdf): PDF inclusion: multiple pdfs with page group included in a single page
> <./svg-inkscape/GitterstrukturUndBaendermodellVonP-dotiertesSi_1_svg-tex.pdf

pdfTeX warning: pdflatex (file ./svg-inkscape/GitterstrukturUndBaendermodellVonP-dotiertesSi_1_svg-tex.pdf): PDF inclusion: multiple pdfs with page group included in a single page
> <./svg-inkscape/GitterstrukturUndBaendermodellVonP-dotiertesSi_2_svg-tex.pdf

pdfTeX warning: pdflatex (file ./svg-inkscape/GitterstrukturUndBaendermodellVonP-dotiertesSi_2_svg-tex.pdf): PDF inclusion: multiple pdfs with page group included in a single page
> <./svg-inkscape/GitterstrukturUndBaendermodellVonP-dotiertesSi_2_svg-tex.pdf

pdfTeX warning: pdflatex (file ./svg-inkscape/GitterstrukturUndBaendermodellVonP-dotiertesSi_2_svg-tex.pdf): PDF inclusion: multiple pdfs with page group included in a single page
> <./svg-inkscape/GitterstrukturUndBaendermodellVonP-dotiertesSi_2_svg-tex.pdf

pdfTeX warning: pdflatex (file ./svg-inkscape/GitterstrukturUndBaendermodellVonP-dotiertesSi_2_svg-tex.pdf): PDF inclusion: multiple pdfs with page group included in a single page
> <./svg-inkscape/GitterstrukturUndBaendermodellVonP-dotiertesSi_2_svg-tex.pdf

pdfTeX warning: pdflatex (file ./svg-inkscape/GitterstrukturUndBaendermodellVonP-dotiertesSi_2_svg-tex.pdf): PDF inclusion: multiple pdfs with page group included in a single page
> <./svg-inkscape/GitterstrukturUndBaendermodellVonP-dotiertesSi_2_svg-tex.pdf

pdfTeX warning: pdflatex (file ./svg-inkscape/GitterstrukturUndBaendermodellVonP-dotiertesSi_2_svg-tex.pdf): PDF inclusion: multiple pdfs with page group included in a single page
> <./svg-inkscape/GitterstrukturUndBaendermodellVonP-dotiertesSi_2_svg-tex.pdf

pdfTeX warning: pdflatex (file ./svg-inkscape/GitterstrukturUndBaendermodellVonP-dotiertesSi_2_svg-tex.pdf): PDF inclusion: multiple pdfs with page group included in a single page
> <./svg-inkscape/GitterstrukturUndBaendermodellVonP-dotiertesSi_2_svg-tex.pdf

pdfTeX warning: pdflatex (file ./svg-inkscape/GitterstrukturUndBaendermodellVonP-dotiertesSi_2_svg-tex.pdf): PDF inclusion: multiple pdfs with page group included in a single page
>]
Package svg Info: Last page of `./svg-inkscape/GitterstrukturUndBaendermodellVonP-dotiertesSi_1_svg-tex.pdf' is 7 on input line 420.
 (./svg-inkscape/GitterstrukturUndBaendermodellVonP-dotiertesSi_1_svg-tex.pdf_tex
File: ./svg-inkscape/GitterstrukturUndBaendermodellVonP-dotiertesSi_1_svg-tex.pdf Graphic file (type pdf)
<use ./svg-inkscape/GitterstrukturUndBaendermodellVonP-dotiertesSi_1_svg-tex.pdf, page 1>
Package pdftex.def Info: ./svg-inkscape/GitterstrukturUndBaendermodellVonP-dotiertesSi_1_svg-tex.pdf , page1 used on input line 56.
(pdftex.def)             Requested size: 191.20082pt x 96.16588pt.
File: ./svg-inkscape/GitterstrukturUndBaendermodellVonP-dotiertesSi_1_svg-tex.pdf Graphic file (type pdf)
<use ./svg-inkscape/GitterstrukturUndBaendermodellVonP-dotiertesSi_1_svg-tex.pdf, page 2>
Package pdftex.def Info: ./svg-inkscape/GitterstrukturUndBaendermodellVonP-dotiertesSi_1_svg-tex.pdf , page2 used on input line 58.
(pdftex.def)             Requested size: 191.20082pt x 96.16588pt.
File: ./svg-inkscape/GitterstrukturUndBaendermodellVonP-dotiertesSi_1_svg-tex.pdf Graphic file (type pdf)
<use ./svg-inkscape/GitterstrukturUndBaendermodellVonP-dotiertesSi_1_svg-tex.pdf, page 3>
Package pdftex.def Info: ./svg-inkscape/GitterstrukturUndBaendermodellVonP-dotiertesSi_1_svg-tex.pdf , page3 used on input line 60.
(pdftex.def)             Requested size: 191.20082pt x 96.16588pt.
File: ./svg-inkscape/GitterstrukturUndBaendermodellVonP-dotiertesSi_1_svg-tex.pdf Graphic file (type pdf)
<use ./svg-inkscape/GitterstrukturUndBaendermodellVonP-dotiertesSi_1_svg-tex.pdf, page 4>
Package pdftex.def Info: ./svg-inkscape/GitterstrukturUndBaendermodellVonP-dotiertesSi_1_svg-tex.pdf , page4 used on input line 64.
(pdftex.def)             Requested size: 191.20082pt x 96.16588pt.
File: ./svg-inkscape/GitterstrukturUndBaendermodellVonP-dotiertesSi_1_svg-tex.pdf Graphic file (type pdf)
<use ./svg-inkscape/GitterstrukturUndBaendermodellVonP-dotiertesSi_1_svg-tex.pdf, page 5>
Package pdftex.def Info: ./svg-inkscape/GitterstrukturUndBaendermodellVonP-dotiertesSi_1_svg-tex.pdf , page5 used on input line 66.
(pdftex.def)             Requested size: 191.20082pt x 96.16588pt.
File: ./svg-inkscape/GitterstrukturUndBaendermodellVonP-dotiertesSi_1_svg-tex.pdf Graphic file (type pdf)
<use ./svg-inkscape/GitterstrukturUndBaendermodellVonP-dotiertesSi_1_svg-tex.pdf, page 6>
Package pdftex.def Info: ./svg-inkscape/GitterstrukturUndBaendermodellVonP-dotiertesSi_1_svg-tex.pdf , page6 used on input line 68.
(pdftex.def)             Requested size: 191.20082pt x 96.16588pt.
File: ./svg-inkscape/GitterstrukturUndBaendermodellVonP-dotiertesSi_1_svg-tex.pdf Graphic file (type pdf)
<use ./svg-inkscape/GitterstrukturUndBaendermodellVonP-dotiertesSi_1_svg-tex.pdf, page 7>
Package pdftex.def Info: ./svg-inkscape/GitterstrukturUndBaendermodellVonP-dotiertesSi_1_svg-tex.pdf , page7 used on input line 70.
(pdftex.def)             Requested size: 191.20082pt x 96.16588pt.
)
Package svg Info: Last page of `./svg-inkscape/GitterstrukturUndBaendermodellVonP-dotiertesSi_2_svg-tex.pdf' is 7 on input line 420.
 (./svg-inkscape/GitterstrukturUndBaendermodellVonP-dotiertesSi_2_svg-tex.pdf_tex
File: ./svg-inkscape/GitterstrukturUndBaendermodellVonP-dotiertesSi_2_svg-tex.pdf Graphic file (type pdf)
<use ./svg-inkscape/GitterstrukturUndBaendermodellVonP-dotiertesSi_2_svg-tex.pdf, page 1>
Package pdftex.def Info: ./svg-inkscape/GitterstrukturUndBaendermodellVonP-dotiertesSi_2_svg-tex.pdf , page1 used on input line 56.
(pdftex.def)             Requested size: 191.20082pt x 96.16588pt.
File: ./svg-inkscape/GitterstrukturUndBaendermodellVonP-dotiertesSi_2_svg-tex.pdf Graphic file (type pdf)
<use ./svg-inkscape/GitterstrukturUndBaendermodellVonP-dotiertesSi_2_svg-tex.pdf, page 2>
Package pdftex.def Info: ./svg-inkscape/GitterstrukturUndBaendermodellVonP-dotiertesSi_2_svg-tex.pdf , page2 used on input line 58.
(pdftex.def)             Requested size: 191.20082pt x 96.16588pt.
File: ./svg-inkscape/GitterstrukturUndBaendermodellVonP-dotiertesSi_2_svg-tex.pdf Graphic file (type pdf)
<use ./svg-inkscape/GitterstrukturUndBaendermodellVonP-dotiertesSi_2_svg-tex.pdf, page 3>
Package pdftex.def Info: ./svg-inkscape/GitterstrukturUndBaendermodellVonP-dotiertesSi_2_svg-tex.pdf , page3 used on input line 60.
(pdftex.def)             Requested size: 191.20082pt x 96.16588pt.
File: ./svg-inkscape/GitterstrukturUndBaendermodellVonP-dotiertesSi_2_svg-tex.pdf Graphic file (type pdf)
<use ./svg-inkscape/GitterstrukturUndBaendermodellVonP-dotiertesSi_2_svg-tex.pdf, page 4>
Package pdftex.def Info: ./svg-inkscape/GitterstrukturUndBaendermodellVonP-dotiertesSi_2_svg-tex.pdf , page4 used on input line 64.
(pdftex.def)             Requested size: 191.20082pt x 96.16588pt.
File: ./svg-inkscape/GitterstrukturUndBaendermodellVonP-dotiertesSi_2_svg-tex.pdf Graphic file (type pdf)
<use ./svg-inkscape/GitterstrukturUndBaendermodellVonP-dotiertesSi_2_svg-tex.pdf, page 5>
Package pdftex.def Info: ./svg-inkscape/GitterstrukturUndBaendermodellVonP-dotiertesSi_2_svg-tex.pdf , page5 used on input line 66.
(pdftex.def)             Requested size: 191.20082pt x 96.16588pt.
File: ./svg-inkscape/GitterstrukturUndBaendermodellVonP-dotiertesSi_2_svg-tex.pdf Graphic file (type pdf)
<use ./svg-inkscape/GitterstrukturUndBaendermodellVonP-dotiertesSi_2_svg-tex.pdf, page 6>
Package pdftex.def Info: ./svg-inkscape/GitterstrukturUndBaendermodellVonP-dotiertesSi_2_svg-tex.pdf , page6 used on input line 69.
(pdftex.def)             Requested size: 191.20082pt x 96.16588pt.
File: ./svg-inkscape/GitterstrukturUndBaendermodellVonP-dotiertesSi_2_svg-tex.pdf Graphic file (type pdf)
<use ./svg-inkscape/GitterstrukturUndBaendermodellVonP-dotiertesSi_2_svg-tex.pdf, page 7>
Package pdftex.def Info: ./svg-inkscape/GitterstrukturUndBaendermodellVonP-dotiertesSi_2_svg-tex.pdf , page7 used on input line 71.
(pdftex.def)             Requested size: 191.20082pt x 96.16588pt.
) [28

] [29

] [30

] [31

]
Package svg Info: Last page of `./svg-inkscape/DriftstromInnerhalbEinesHalbleiters_svg-tex.pdf' is 2 on input line 464.
 (./svg-inkscape/DriftstromInnerhalbEinesHalbleiters_svg-tex.pdf_tex
<./svg-inkscape/DriftstromInnerhalbEinesHalbleiters_svg-tex.pdf, id=483, page=1, 499.64085pt x 213.49661pt>
File: ./svg-inkscape/DriftstromInnerhalbEinesHalbleiters_svg-tex.pdf Graphic file (type pdf)
<use ./svg-inkscape/DriftstromInnerhalbEinesHalbleiters_svg-tex.pdf, page 1>
Package pdftex.def Info: ./svg-inkscape/DriftstromInnerhalbEinesHalbleiters_svg-tex.pdf , page1 used on input line 56.
(pdftex.def)             Requested size: 199.1693pt x 85.1072pt.
<./svg-inkscape/DriftstromInnerhalbEinesHalbleiters_svg-tex.pdf, id=484, page=2, 499.64085pt x 213.49661pt>
File: ./svg-inkscape/DriftstromInnerhalbEinesHalbleiters_svg-tex.pdf Graphic file (type pdf)
<use ./svg-inkscape/DriftstromInnerhalbEinesHalbleiters_svg-tex.pdf, page 2>
Package pdftex.def Info: ./svg-inkscape/DriftstromInnerhalbEinesHalbleiters_svg-tex.pdf , page2 used on input line 59.
(pdftex.def)             Requested size: 199.1693pt x 85.1072pt.
) [32

 <./svg-inkscape/DriftstromInnerhalbEinesHalbleiters_svg-tex.pdf> <./svg-inkscape/DriftstromInnerhalbEinesHalbleiters_svg-tex.pdf

pdfTeX warning: pdflatex (file ./svg-inkscape/DriftstromInnerhalbEinesHalbleiters_svg-tex.pdf): PDF inclusion: multiple pdfs with page group included in a single page
>]
Package svg Info: Last page of `./svg-inkscape/DiffusionsstromInnerhalbEinesHalbleiters_svg-tex.pdf' is 3 on input line 483.
 (./svg-inkscape/DiffusionsstromInnerhalbEinesHalbleiters_svg-tex.pdf_tex
<./svg-inkscape/DiffusionsstromInnerhalbEinesHalbleiters_svg-tex.pdf, id=495, page=1, 557.69383pt x 250.32588pt>
File: ./svg-inkscape/DiffusionsstromInnerhalbEinesHalbleiters_svg-tex.pdf Graphic file (type pdf)
<use ./svg-inkscape/DiffusionsstromInnerhalbEinesHalbleiters_svg-tex.pdf, page 1>
Package pdftex.def Info: ./svg-inkscape/DiffusionsstromInnerhalbEinesHalbleiters_svg-tex.pdf , page1 used on input line 56.
(pdftex.def)             Requested size: 318.67209pt x 143.03864pt.
<./svg-inkscape/DiffusionsstromInnerhalbEinesHalbleiters_svg-tex.pdf, id=496, page=2, 557.69383pt x 250.32588pt>
File: ./svg-inkscape/DiffusionsstromInnerhalbEinesHalbleiters_svg-tex.pdf Graphic file (type pdf)
<use ./svg-inkscape/DiffusionsstromInnerhalbEinesHalbleiters_svg-tex.pdf, page 2>
Package pdftex.def Info: ./svg-inkscape/DiffusionsstromInnerhalbEinesHalbleiters_svg-tex.pdf , page2 used on input line 66.
(pdftex.def)             Requested size: 318.67209pt x 143.03864pt.
<./svg-inkscape/DiffusionsstromInnerhalbEinesHalbleiters_svg-tex.pdf, id=497, page=3, 557.69383pt x 250.32588pt>
File: ./svg-inkscape/DiffusionsstromInnerhalbEinesHalbleiters_svg-tex.pdf Graphic file (type pdf)
<use ./svg-inkscape/DiffusionsstromInnerhalbEinesHalbleiters_svg-tex.pdf, page 3>
Package pdftex.def Info: ./svg-inkscape/DiffusionsstromInnerhalbEinesHalbleiters_svg-tex.pdf , page3 used on input line 70.
(pdftex.def)             Requested size: 318.67209pt x 143.03864pt.
) [33

 <./svg-inkscape/DiffusionsstromInnerhalbEinesHalbleiters_svg-tex.pdf> <./svg-inkscape/DiffusionsstromInnerhalbEinesHalbleiters_svg-tex.pdf

pdfTeX warning: pdflatex (file ./svg-inkscape/DiffusionsstromInnerhalbEinesHalbleiters_svg-tex.pdf): PDF inclusion: multiple pdfs with page group included in a single page
> <./svg-inkscape/DiffusionsstromInnerhalbEinesHalbleiters_svg-tex.pdf

pdfTeX warning: pdflatex (file ./svg-inkscape/DiffusionsstromInnerhalbEinesHalbleiters_svg-tex.pdf): PDF inclusion: multiple pdfs with page group included in a single page
>]
Package svg Info: Last page of `./svg-inkscape/EinflussvonSpannungenaufHalbleiter_svg-tex.pdf' is 3 on input line 503.
 (./svg-inkscape/EinflussvonSpannungenaufHalbleiter_svg-tex.pdf_tex
<./svg-inkscape/EinflussvonSpannungenaufHalbleiter_svg-tex.pdf, id=508, page=1, 538.95035pt x 334.88786pt>
File: ./svg-inkscape/EinflussvonSpannungenaufHalbleiter_svg-tex.pdf Graphic file (type pdf)
<use ./svg-inkscape/EinflussvonSpannungenaufHalbleiter_svg-tex.pdf, page 1>
Package pdftex.def Info: ./svg-inkscape/EinflussvonSpannungenaufHalbleiter_svg-tex.pdf , page1 used on input line 56.
(pdftex.def)             Requested size: 318.67209pt x 198.01646pt.
<./svg-inkscape/EinflussvonSpannungenaufHalbleiter_svg-tex.pdf, id=509, page=2, 538.95035pt x 334.88786pt>
File: ./svg-inkscape/EinflussvonSpannungenaufHalbleiter_svg-tex.pdf Graphic file (type pdf)
<use ./svg-inkscape/EinflussvonSpannungenaufHalbleiter_svg-tex.pdf, page 2>
Package pdftex.def Info: ./svg-inkscape/EinflussvonSpannungenaufHalbleiter_svg-tex.pdf , page2 used on input line 60.
(pdftex.def)             Requested size: 318.67209pt x 198.01646pt.
<./svg-inkscape/EinflussvonSpannungenaufHalbleiter_svg-tex.pdf, id=510, page=3, 538.95035pt x 334.88786pt>
File: ./svg-inkscape/EinflussvonSpannungenaufHalbleiter_svg-tex.pdf Graphic file (type pdf)
<use ./svg-inkscape/EinflussvonSpannungenaufHalbleiter_svg-tex.pdf, page 3>
Package pdftex.def Info: ./svg-inkscape/EinflussvonSpannungenaufHalbleiter_svg-tex.pdf , page3 used on input line 65.
(pdftex.def)             Requested size: 318.67209pt x 198.01646pt.
) [34

 <./svg-inkscape/EinflussvonSpannungenaufHalbleiter_svg-tex.pdf> <./svg-inkscape/EinflussvonSpannungenaufHalbleiter_svg-tex.pdf

pdfTeX warning: pdflatex (file ./svg-inkscape/EinflussvonSpannungenaufHalbleiter_svg-tex.pdf): PDF inclusion: multiple pdfs with page group included in a single page
> <./svg-inkscape/EinflussvonSpannungenaufHalbleiter_svg-tex.pdf

pdfTeX warning: pdflatex (file ./svg-inkscape/EinflussvonSpannungenaufHalbleiter_svg-tex.pdf): PDF inclusion: multiple pdfs with page group included in a single page
>] [35

] [36

] [37

] [38

]
Package svg Info: Last page of `./svg-inkscape/FolienVorgaengeInnerhalbeinesPNUebergangs1_svg-tex.pdf' is 3 on input line 546.
 (./svg-inkscape/FolienVorgaengeInnerhalbeinesPNUebergangs1_svg-tex.pdf_tex
<./svg-inkscape/FolienVorgaengeInnerhalbeinesPNUebergangs1_svg-tex.pdf, id=549, page=1, 540.60239pt x 191.92445pt>
File: ./svg-inkscape/FolienVorgaengeInnerhalbeinesPNUebergangs1_svg-tex.pdf Graphic file (type pdf)
<use ./svg-inkscape/FolienVorgaengeInnerhalbeinesPNUebergangs1_svg-tex.pdf, page 1>
Package pdftex.def Info: ./svg-inkscape/FolienVorgaengeInnerhalbeinesPNUebergangs1_svg-tex.pdf , page1 used on input line 56.
(pdftex.def)             Requested size: 398.3386pt x 141.4186pt.
<./svg-inkscape/FolienVorgaengeInnerhalbeinesPNUebergangs1_svg-tex.pdf, id=550, page=2, 540.60239pt x 191.92445pt>
File: ./svg-inkscape/FolienVorgaengeInnerhalbeinesPNUebergangs1_svg-tex.pdf Graphic file (type pdf)
<use ./svg-inkscape/FolienVorgaengeInnerhalbeinesPNUebergangs1_svg-tex.pdf, page 2>
Package pdftex.def Info: ./svg-inkscape/FolienVorgaengeInnerhalbeinesPNUebergangs1_svg-tex.pdf , page2 used on input line 59.
(pdftex.def)             Requested size: 398.3386pt x 141.4186pt.
<./svg-inkscape/FolienVorgaengeInnerhalbeinesPNUebergangs1_svg-tex.pdf, id=551, page=3, 540.60239pt x 191.92445pt>
File: ./svg-inkscape/FolienVorgaengeInnerhalbeinesPNUebergangs1_svg-tex.pdf Graphic file (type pdf)
<use ./svg-inkscape/FolienVorgaengeInnerhalbeinesPNUebergangs1_svg-tex.pdf, page 3>
Package pdftex.def Info: ./svg-inkscape/FolienVorgaengeInnerhalbeinesPNUebergangs1_svg-tex.pdf , page3 used on input line 61.
(pdftex.def)             Requested size: 398.3386pt x 141.4186pt.
) [39

 <./svg-inkscape/FolienVorgaengeInnerhalbeinesPNUebergangs1_svg-tex.pdf> <./svg-inkscape/FolienVorgaengeInnerhalbeinesPNUebergangs1_svg-tex.pdf

pdfTeX warning: pdflatex (file ./svg-inkscape/FolienVorgaengeInnerhalbeinesPNUebergangs1_svg-tex.pdf): PDF inclusion: multiple pdfs with page group included in a single page
> <./svg-inkscape/FolienVorgaengeInnerhalbeinesPNUebergangs1_svg-tex.pdf

pdfTeX warning: pdflatex (file ./svg-inkscape/FolienVorgaengeInnerhalbeinesPNUebergangs1_svg-tex.pdf): PDF inclusion: multiple pdfs with page group included in a single page
>]
Package svg Info: Last page of `./svg-inkscape/FolienVorgaengeInnerhalbeinesPNUebergangs2_svg-tex.pdf' is 4 on input line 572.
 (./svg-inkscape/FolienVorgaengeInnerhalbeinesPNUebergangs2_svg-tex.pdf_tex
<./svg-inkscape/FolienVorgaengeInnerhalbeinesPNUebergangs2_svg-tex.pdf, id=562, page=1, 540.60239pt x 245.46875pt>
File: ./svg-inkscape/FolienVorgaengeInnerhalbeinesPNUebergangs2_svg-tex.pdf Graphic file (type pdf)
<use ./svg-inkscape/FolienVorgaengeInnerhalbeinesPNUebergangs2_svg-tex.pdf, page 1>
Package pdftex.def Info: ./svg-inkscape/FolienVorgaengeInnerhalbeinesPNUebergangs2_svg-tex.pdf , page1 used on input line 56.
(pdftex.def)             Requested size: 239.00558pt x 108.52345pt.
<./svg-inkscape/FolienVorgaengeInnerhalbeinesPNUebergangs2_svg-tex.pdf, id=563, page=2, 540.60239pt x 245.46875pt>
File: ./svg-inkscape/FolienVorgaengeInnerhalbeinesPNUebergangs2_svg-tex.pdf Graphic file (type pdf)
<use ./svg-inkscape/FolienVorgaengeInnerhalbeinesPNUebergangs2_svg-tex.pdf, page 2>
Package pdftex.def Info: ./svg-inkscape/FolienVorgaengeInnerhalbeinesPNUebergangs2_svg-tex.pdf , page2 used on input line 59.
(pdftex.def)             Requested size: 239.00558pt x 108.52345pt.
<./svg-inkscape/FolienVorgaengeInnerhalbeinesPNUebergangs2_svg-tex.pdf, id=564, page=3, 540.60239pt x 245.46875pt>
File: ./svg-inkscape/FolienVorgaengeInnerhalbeinesPNUebergangs2_svg-tex.pdf Graphic file (type pdf)
<use ./svg-inkscape/FolienVorgaengeInnerhalbeinesPNUebergangs2_svg-tex.pdf, page 3>
Package pdftex.def Info: ./svg-inkscape/FolienVorgaengeInnerhalbeinesPNUebergangs2_svg-tex.pdf , page3 used on input line 61.
(pdftex.def)             Requested size: 239.00558pt x 108.52345pt.
<./svg-inkscape/FolienVorgaengeInnerhalbeinesPNUebergangs2_svg-tex.pdf, id=565, page=4, 540.60239pt x 245.46875pt>
File: ./svg-inkscape/FolienVorgaengeInnerhalbeinesPNUebergangs2_svg-tex.pdf Graphic file (type pdf)
<use ./svg-inkscape/FolienVorgaengeInnerhalbeinesPNUebergangs2_svg-tex.pdf, page 4>
Package pdftex.def Info: ./svg-inkscape/FolienVorgaengeInnerhalbeinesPNUebergangs2_svg-tex.pdf , page4 used on input line 64.
(pdftex.def)             Requested size: 239.00558pt x 108.52345pt.
) [40

 <./svg-inkscape/FolienVorgaengeInnerhalbeinesPNUebergangs2_svg-tex.pdf> <./svg-inkscape/FolienVorgaengeInnerhalbeinesPNUebergangs2_svg-tex.pdf

pdfTeX warning: pdflatex (file ./svg-inkscape/FolienVorgaengeInnerhalbeinesPNUebergangs2_svg-tex.pdf): PDF inclusion: multiple pdfs with page group included in a single page
> <./svg-inkscape/FolienVorgaengeInnerhalbeinesPNUebergangs2_svg-tex.pdf

pdfTeX warning: pdflatex (file ./svg-inkscape/FolienVorgaengeInnerhalbeinesPNUebergangs2_svg-tex.pdf): PDF inclusion: multiple pdfs with page group included in a single page
> <./svg-inkscape/FolienVorgaengeInnerhalbeinesPNUebergangs2_svg-tex.pdf

pdfTeX warning: pdflatex (file ./svg-inkscape/FolienVorgaengeInnerhalbeinesPNUebergangs2_svg-tex.pdf): PDF inclusion: multiple pdfs with page group included in a single page
>]
Package svg Info: Last page of `./svg-inkscape/FolienVorgaengeInnerhalbeinesPNUebergangs2_svg-tex.pdf' is 4 on input line 572.
 (./svg-inkscape/FolienVorgaengeInnerhalbeinesPNUebergangs2_svg-tex.pdf_tex
File: ./svg-inkscape/FolienVorgaengeInnerhalbeinesPNUebergangs2_svg-tex.pdf Graphic file (type pdf)
<use ./svg-inkscape/FolienVorgaengeInnerhalbeinesPNUebergangs2_svg-tex.pdf, page 1>
Package pdftex.def Info: ./svg-inkscape/FolienVorgaengeInnerhalbeinesPNUebergangs2_svg-tex.pdf , page1 used on input line 56.
(pdftex.def)             Requested size: 239.00558pt x 108.52345pt.
File: ./svg-inkscape/FolienVorgaengeInnerhalbeinesPNUebergangs2_svg-tex.pdf Graphic file (type pdf)
<use ./svg-inkscape/FolienVorgaengeInnerhalbeinesPNUebergangs2_svg-tex.pdf, page 2>
Package pdftex.def Info: ./svg-inkscape/FolienVorgaengeInnerhalbeinesPNUebergangs2_svg-tex.pdf , page2 used on input line 59.
(pdftex.def)             Requested size: 239.00558pt x 108.52345pt.
File: ./svg-inkscape/FolienVorgaengeInnerhalbeinesPNUebergangs2_svg-tex.pdf Graphic file (type pdf)
<use ./svg-inkscape/FolienVorgaengeInnerhalbeinesPNUebergangs2_svg-tex.pdf, page 3>
Package pdftex.def Info: ./svg-inkscape/FolienVorgaengeInnerhalbeinesPNUebergangs2_svg-tex.pdf , page3 used on input line 61.
(pdftex.def)             Requested size: 239.00558pt x 108.52345pt.
File: ./svg-inkscape/FolienVorgaengeInnerhalbeinesPNUebergangs2_svg-tex.pdf Graphic file (type pdf)
<use ./svg-inkscape/FolienVorgaengeInnerhalbeinesPNUebergangs2_svg-tex.pdf, page 4>
Package pdftex.def Info: ./svg-inkscape/FolienVorgaengeInnerhalbeinesPNUebergangs2_svg-tex.pdf , page4 used on input line 64.
(pdftex.def)             Requested size: 239.00558pt x 108.52345pt.
) [41

]
Package svg Info: Last page of `./svg-inkscape/FolienVorgaengeInnerhalbeinesPNUebergangs2_svg-tex.pdf' is 4 on input line 572.
 (./svg-inkscape/FolienVorgaengeInnerhalbeinesPNUebergangs2_svg-tex.pdf_tex
File: ./svg-inkscape/FolienVorgaengeInnerhalbeinesPNUebergangs2_svg-tex.pdf Graphic file (type pdf)
<use ./svg-inkscape/FolienVorgaengeInnerhalbeinesPNUebergangs2_svg-tex.pdf, page 1>
Package pdftex.def Info: ./svg-inkscape/FolienVorgaengeInnerhalbeinesPNUebergangs2_svg-tex.pdf , page1 used on input line 56.
(pdftex.def)             Requested size: 239.00558pt x 108.52345pt.
File: ./svg-inkscape/FolienVorgaengeInnerhalbeinesPNUebergangs2_svg-tex.pdf Graphic file (type pdf)
<use ./svg-inkscape/FolienVorgaengeInnerhalbeinesPNUebergangs2_svg-tex.pdf, page 2>
Package pdftex.def Info: ./svg-inkscape/FolienVorgaengeInnerhalbeinesPNUebergangs2_svg-tex.pdf , page2 used on input line 59.
(pdftex.def)             Requested size: 239.00558pt x 108.52345pt.
File: ./svg-inkscape/FolienVorgaengeInnerhalbeinesPNUebergangs2_svg-tex.pdf Graphic file (type pdf)
<use ./svg-inkscape/FolienVorgaengeInnerhalbeinesPNUebergangs2_svg-tex.pdf, page 3>
Package pdftex.def Info: ./svg-inkscape/FolienVorgaengeInnerhalbeinesPNUebergangs2_svg-tex.pdf , page3 used on input line 61.
(pdftex.def)             Requested size: 239.00558pt x 108.52345pt.
File: ./svg-inkscape/FolienVorgaengeInnerhalbeinesPNUebergangs2_svg-tex.pdf Graphic file (type pdf)
<use ./svg-inkscape/FolienVorgaengeInnerhalbeinesPNUebergangs2_svg-tex.pdf, page 4>
Package pdftex.def Info: ./svg-inkscape/FolienVorgaengeInnerhalbeinesPNUebergangs2_svg-tex.pdf , page4 used on input line 64.
(pdftex.def)             Requested size: 239.00558pt x 108.52345pt.
) [42

]
Package svg Info: Last page of `./svg-inkscape/VorgaengeInnerhalbDesPN-Uebergangs_svg-tex.pdf' is 6 on input line 591.
 (./svg-inkscape/VorgaengeInnerhalbDesPN-Uebergangs_svg-tex.pdf_tex
<./svg-inkscape/VorgaengeInnerhalbDesPN-Uebergangs_svg-tex.pdf, id=590, page=1, 540.60239pt x 240.5495pt>
File: ./svg-inkscape/VorgaengeInnerhalbDesPN-Uebergangs_svg-tex.pdf Graphic file (type pdf)
<use ./svg-inkscape/VorgaengeInnerhalbDesPN-Uebergangs_svg-tex.pdf, page 1>
Package pdftex.def Info: ./svg-inkscape/VorgaengeInnerhalbDesPN-Uebergangs_svg-tex.pdf , page1 used on input line 56.
(pdftex.def)             Requested size: 398.3386pt x 177.24771pt.
<./svg-inkscape/VorgaengeInnerhalbDesPN-Uebergangs_svg-tex.pdf, id=591, page=2, 540.60239pt x 240.5495pt>
File: ./svg-inkscape/VorgaengeInnerhalbDesPN-Uebergangs_svg-tex.pdf Graphic file (type pdf)
<use ./svg-inkscape/VorgaengeInnerhalbDesPN-Uebergangs_svg-tex.pdf, page 2>
Package pdftex.def Info: ./svg-inkscape/VorgaengeInnerhalbDesPN-Uebergangs_svg-tex.pdf , page2 used on input line 59.
(pdftex.def)             Requested size: 398.3386pt x 177.24771pt.
<./svg-inkscape/VorgaengeInnerhalbDesPN-Uebergangs_svg-tex.pdf, id=592, page=3, 540.60239pt x 240.5495pt>
File: ./svg-inkscape/VorgaengeInnerhalbDesPN-Uebergangs_svg-tex.pdf Graphic file (type pdf)
<use ./svg-inkscape/VorgaengeInnerhalbDesPN-Uebergangs_svg-tex.pdf, page 3>
Package pdftex.def Info: ./svg-inkscape/VorgaengeInnerhalbDesPN-Uebergangs_svg-tex.pdf , page3 used on input line 65.
(pdftex.def)             Requested size: 398.3386pt x 177.24771pt.
<./svg-inkscape/VorgaengeInnerhalbDesPN-Uebergangs_svg-tex.pdf, id=593, page=4, 540.60239pt x 240.5495pt>
File: ./svg-inkscape/VorgaengeInnerhalbDesPN-Uebergangs_svg-tex.pdf Graphic file (type pdf)
<use ./svg-inkscape/VorgaengeInnerhalbDesPN-Uebergangs_svg-tex.pdf, page 4>
Package pdftex.def Info: ./svg-inkscape/VorgaengeInnerhalbDesPN-Uebergangs_svg-tex.pdf , page4 used on input line 67.
(pdftex.def)             Requested size: 398.3386pt x 177.24771pt.
<./svg-inkscape/VorgaengeInnerhalbDesPN-Uebergangs_svg-tex.pdf, id=594, page=5, 540.60239pt x 240.5495pt>
File: ./svg-inkscape/VorgaengeInnerhalbDesPN-Uebergangs_svg-tex.pdf Graphic file (type pdf)
<use ./svg-inkscape/VorgaengeInnerhalbDesPN-Uebergangs_svg-tex.pdf, page 5>
Package pdftex.def Info: ./svg-inkscape/VorgaengeInnerhalbDesPN-Uebergangs_svg-tex.pdf , page5 used on input line 69.
(pdftex.def)             Requested size: 398.3386pt x 177.24771pt.
<./svg-inkscape/VorgaengeInnerhalbDesPN-Uebergangs_svg-tex.pdf, id=595, page=6, 540.60239pt x 240.5495pt>
File: ./svg-inkscape/VorgaengeInnerhalbDesPN-Uebergangs_svg-tex.pdf Graphic file (type pdf)
<use ./svg-inkscape/VorgaengeInnerhalbDesPN-Uebergangs_svg-tex.pdf, page 6>
Package pdftex.def Info: ./svg-inkscape/VorgaengeInnerhalbDesPN-Uebergangs_svg-tex.pdf , page6 used on input line 71.
(pdftex.def)             Requested size: 398.3386pt x 177.24771pt.
) [43

 <./svg-inkscape/VorgaengeInnerhalbDesPN-Uebergangs_svg-tex.pdf> <./svg-inkscape/VorgaengeInnerhalbDesPN-Uebergangs_svg-tex.pdf

pdfTeX warning: pdflatex (file ./svg-inkscape/VorgaengeInnerhalbDesPN-Uebergangs_svg-tex.pdf): PDF inclusion: multiple pdfs with page group included in a single page
> <./svg-inkscape/VorgaengeInnerhalbDesPN-Uebergangs_svg-tex.pdf

pdfTeX warning: pdflatex (file ./svg-inkscape/VorgaengeInnerhalbDesPN-Uebergangs_svg-tex.pdf): PDF inclusion: multiple pdfs with page group included in a single page
> <./svg-inkscape/VorgaengeInnerhalbDesPN-Uebergangs_svg-tex.pdf

pdfTeX warning: pdflatex (file ./svg-inkscape/VorgaengeInnerhalbDesPN-Uebergangs_svg-tex.pdf): PDF inclusion: multiple pdfs with page group included in a single page
> <./svg-inkscape/VorgaengeInnerhalbDesPN-Uebergangs_svg-tex.pdf

pdfTeX warning: pdflatex (file ./svg-inkscape/VorgaengeInnerhalbDesPN-Uebergangs_svg-tex.pdf): PDF inclusion: multiple pdfs with page group included in a single page
> <./svg-inkscape/VorgaengeInnerhalbDesPN-Uebergangs_svg-tex.pdf

pdfTeX warning: pdflatex (file ./svg-inkscape/VorgaengeInnerhalbDesPN-Uebergangs_svg-tex.pdf): PDF inclusion: multiple pdfs with page group included in a single page
>]
Package svg Info: Last page of `./svg-inkscape/EinflussvonSpannungenaufpn-Uebergang_svg-tex.pdf' is 3 on input line 610.
 (./svg-inkscape/EinflussvonSpannungenaufpn-Uebergang_svg-tex.pdf_tex
<./svg-inkscape/EinflussvonSpannungenaufpn-Uebergang_svg-tex.pdf, id=607, page=1, 539.2536pt x 366.84149pt>
File: ./svg-inkscape/EinflussvonSpannungenaufpn-Uebergang_svg-tex.pdf Graphic file (type pdf)
<use ./svg-inkscape/EinflussvonSpannungenaufpn-Uebergang_svg-tex.pdf, page 1>
Package pdftex.def Info: ./svg-inkscape/EinflussvonSpannungenaufpn-Uebergang_svg-tex.pdf , page1 used on input line 56.
(pdftex.def)             Requested size: 278.83578pt x 189.68393pt.
<./svg-inkscape/EinflussvonSpannungenaufpn-Uebergang_svg-tex.pdf, id=608, page=2, 539.2536pt x 366.84149pt>
File: ./svg-inkscape/EinflussvonSpannungenaufpn-Uebergang_svg-tex.pdf Graphic file (type pdf)
<use ./svg-inkscape/EinflussvonSpannungenaufpn-Uebergang_svg-tex.pdf, page 2>
Package pdftex.def Info: ./svg-inkscape/EinflussvonSpannungenaufpn-Uebergang_svg-tex.pdf , page2 used on input line 59.
(pdftex.def)             Requested size: 278.83578pt x 189.68393pt.
<./svg-inkscape/EinflussvonSpannungenaufpn-Uebergang_svg-tex.pdf, id=609, page=3, 539.2536pt x 366.84149pt>
File: ./svg-inkscape/EinflussvonSpannungenaufpn-Uebergang_svg-tex.pdf Graphic file (type pdf)
<use ./svg-inkscape/EinflussvonSpannungenaufpn-Uebergang_svg-tex.pdf, page 3>
Package pdftex.def Info: ./svg-inkscape/EinflussvonSpannungenaufpn-Uebergang_svg-tex.pdf , page3 used on input line 67.
(pdftex.def)             Requested size: 278.83578pt x 189.68393pt.
)
Overfull \vbox (4.28363pt too high) detected at line 610
 []

[44

 <./svg-inkscape/EinflussvonSpannungenaufpn-Uebergang_svg-tex.pdf> <./svg-inkscape/EinflussvonSpannungenaufpn-Uebergang_svg-tex.pdf

pdfTeX warning: pdflatex (file ./svg-inkscape/EinflussvonSpannungenaufpn-Uebergang_svg-tex.pdf): PDF inclusion: multiple pdfs with page group included in a single page
> <./svg-inkscape/EinflussvonSpannungenaufpn-Uebergang_svg-tex.pdf

pdfTeX warning: pdflatex (file ./svg-inkscape/EinflussvonSpannungenaufpn-Uebergang_svg-tex.pdf): PDF inclusion: multiple pdfs with page group included in a single page
>] [45

] [46

] [47

]) (./kap2.tex
Package svg Info: Last page of `./svg-inkscape/SchichtaufbauVonDioden1_svg-tex.pdf' is 4 on input line 378.
 (./svg-inkscape/SchichtaufbauVonDioden1_svg-tex.pdf_tex
<./svg-inkscape/SchichtaufbauVonDioden1_svg-tex.pdf, id=638, page=1, 291.20023pt x 343.84488pt>
File: ./svg-inkscape/SchichtaufbauVonDioden1_svg-tex.pdf Graphic file (type pdf)
<use ./svg-inkscape/SchichtaufbauVonDioden1_svg-tex.pdf, page 1>
Package pdftex.def Info: ./svg-inkscape/SchichtaufbauVonDioden1_svg-tex.pdf , page1 used on input line 56.
(pdftex.def)             Requested size: 174.72191pt x 206.31377pt.
<./svg-inkscape/SchichtaufbauVonDioden1_svg-tex.pdf, id=639, page=2, 291.20023pt x 343.84488pt>
File: ./svg-inkscape/SchichtaufbauVonDioden1_svg-tex.pdf Graphic file (type pdf)
<use ./svg-inkscape/SchichtaufbauVonDioden1_svg-tex.pdf, page 2>
Package pdftex.def Info: ./svg-inkscape/SchichtaufbauVonDioden1_svg-tex.pdf , page2 used on input line 59.
(pdftex.def)             Requested size: 174.72191pt x 206.31377pt.
<./svg-inkscape/SchichtaufbauVonDioden1_svg-tex.pdf, id=640, page=3, 291.20023pt x 343.84488pt>
File: ./svg-inkscape/SchichtaufbauVonDioden1_svg-tex.pdf Graphic file (type pdf)
<use ./svg-inkscape/SchichtaufbauVonDioden1_svg-tex.pdf, page 3>
Package pdftex.def Info: ./svg-inkscape/SchichtaufbauVonDioden1_svg-tex.pdf , page3 used on input line 65.
(pdftex.def)             Requested size: 174.72191pt x 206.31377pt.
<./svg-inkscape/SchichtaufbauVonDioden1_svg-tex.pdf, id=641, page=4, 291.20023pt x 343.84488pt>
File: ./svg-inkscape/SchichtaufbauVonDioden1_svg-tex.pdf Graphic file (type pdf)
<use ./svg-inkscape/SchichtaufbauVonDioden1_svg-tex.pdf, page 4>
Package pdftex.def Info: ./svg-inkscape/SchichtaufbauVonDioden1_svg-tex.pdf , page4 used on input line 67.
(pdftex.def)             Requested size: 174.72191pt x 206.31377pt.
)
Package svg Info: Last page of `./svg-inkscape/SchichtaufbauVonDioden2_svg-tex.pdf' is 5 on input line 382.
 (./svg-inkscape/SchichtaufbauVonDioden2_svg-tex.pdf_tex
<./svg-inkscape/SchichtaufbauVonDioden2_svg-tex.pdf, id=643, page=1, 374.40582pt x 343.84485pt>
File: ./svg-inkscape/SchichtaufbauVonDioden2_svg-tex.pdf Graphic file (type pdf)
<use ./svg-inkscape/SchichtaufbauVonDioden2_svg-tex.pdf, page 1>
Package pdftex.def Info: ./svg-inkscape/SchichtaufbauVonDioden2_svg-tex.pdf , page1 used on input line 56.
(pdftex.def)             Requested size: 224.64577pt x 206.31374pt.
<./svg-inkscape/SchichtaufbauVonDioden2_svg-tex.pdf, id=644, page=2, 374.40582pt x 343.84485pt>
File: ./svg-inkscape/SchichtaufbauVonDioden2_svg-tex.pdf Graphic file (type pdf)
<use ./svg-inkscape/SchichtaufbauVonDioden2_svg-tex.pdf, page 2>
Package pdftex.def Info: ./svg-inkscape/SchichtaufbauVonDioden2_svg-tex.pdf , page2 used on input line 58.
(pdftex.def)             Requested size: 224.64577pt x 206.31374pt.
<./svg-inkscape/SchichtaufbauVonDioden2_svg-tex.pdf, id=645, page=3, 374.40582pt x 343.84485pt>
File: ./svg-inkscape/SchichtaufbauVonDioden2_svg-tex.pdf Graphic file (type pdf)
<use ./svg-inkscape/SchichtaufbauVonDioden2_svg-tex.pdf, page 3>
Package pdftex.def Info: ./svg-inkscape/SchichtaufbauVonDioden2_svg-tex.pdf , page3 used on input line 64.
(pdftex.def)             Requested size: 224.64577pt x 206.31374pt.
<./svg-inkscape/SchichtaufbauVonDioden2_svg-tex.pdf, id=646, page=4, 374.40582pt x 343.84485pt>
File: ./svg-inkscape/SchichtaufbauVonDioden2_svg-tex.pdf Graphic file (type pdf)
<use ./svg-inkscape/SchichtaufbauVonDioden2_svg-tex.pdf, page 4>
Package pdftex.def Info: ./svg-inkscape/SchichtaufbauVonDioden2_svg-tex.pdf , page4 used on input line 66.
(pdftex.def)             Requested size: 224.64577pt x 206.31374pt.
<./svg-inkscape/SchichtaufbauVonDioden2_svg-tex.pdf, id=647, page=5, 374.40582pt x 343.84485pt>
File: ./svg-inkscape/SchichtaufbauVonDioden2_svg-tex.pdf Graphic file (type pdf)
<use ./svg-inkscape/SchichtaufbauVonDioden2_svg-tex.pdf, page 5>
Package pdftex.def Info: ./svg-inkscape/SchichtaufbauVonDioden2_svg-tex.pdf , page5 used on input line 69.
(pdftex.def)             Requested size: 224.64577pt x 206.31374pt.
)
Overfull \hbox (29.45767pt too wide) in paragraph at lines 382--383
 [][] 
 []

) (./kap2_slides.tex
Underfull \vbox (badness 10000) has occurred while \output is active []

 [48

 <./svg-inkscape/SchichtaufbauVonDioden1_svg-tex.pdf> <./svg-inkscape/SchichtaufbauVonDioden1_svg-tex.pdf

pdfTeX warning: pdflatex (file ./svg-inkscape/SchichtaufbauVonDioden1_svg-tex.pdf): PDF inclusion: multiple pdfs with page group included in a single page
> <./svg-inkscape/SchichtaufbauVonDioden1_svg-tex.pdf

pdfTeX warning: pdflatex (file ./svg-inkscape/SchichtaufbauVonDioden1_svg-tex.pdf): PDF inclusion: multiple pdfs with page group included in a single page
> <./svg-inkscape/SchichtaufbauVonDioden1_svg-tex.pdf

pdfTeX warning: pdflatex (file ./svg-inkscape/SchichtaufbauVonDioden1_svg-tex.pdf): PDF inclusion: multiple pdfs with page group included in a single page
> <./svg-inkscape/SchichtaufbauVonDioden2_svg-tex.pdf

pdfTeX warning: pdflatex (file ./svg-inkscape/SchichtaufbauVonDioden2_svg-tex.pdf): PDF inclusion: multiple pdfs with page group included in a single page
> <./svg-inkscape/SchichtaufbauVonDioden2_svg-tex.pdf

pdfTeX warning: pdflatex (file ./svg-inkscape/SchichtaufbauVonDioden2_svg-tex.pdf): PDF inclusion: multiple pdfs with page group included in a single page
> <./svg-inkscape/SchichtaufbauVonDioden2_svg-tex.pdf

pdfTeX warning: pdflatex (file ./svg-inkscape/SchichtaufbauVonDioden2_svg-tex.pdf): PDF inclusion: multiple pdfs with page group included in a single page
> <./svg-inkscape/SchichtaufbauVonDioden2_svg-tex.pdf

pdfTeX warning: pdflatex (file ./svg-inkscape/SchichtaufbauVonDioden2_svg-tex.pdf): PDF inclusion: multiple pdfs with page group included in a single page
> <./svg-inkscape/SchichtaufbauVonDioden2_svg-tex.pdf

pdfTeX warning: pdflatex (file ./svg-inkscape/SchichtaufbauVonDioden2_svg-tex.pdf): PDF inclusion: multiple pdfs with page group included in a single page
>] [49]
\absvshift=\dimen423
Package svg Info: Last page of `./svg-inkscape/SiliziumDiode2_svg-tex.pdf' is 1 on input line 58.
 (./svg-inkscape/SiliziumDiode2_svg-tex.pdf_tex
<./svg-inkscape/SiliziumDiode2_svg-tex.pdf, id=669, page=1, 60.86946pt x 380.41043pt>
File: ./svg-inkscape/SiliziumDiode2_svg-tex.pdf Graphic file (type pdf)
<use ./svg-inkscape/SiliziumDiode2_svg-tex.pdf, page 1>
Package pdftex.def Info: ./svg-inkscape/SiliziumDiode2_svg-tex.pdf , page1 used on input line 56.
(pdftex.def)             Requested size: 17.92468pt x 112.01694pt.
)
Package svg Info: Last page of `./svg-inkscape/SiliziumDiode3_svg-tex.pdf' is 2 on input line 58.
 (./svg-inkscape/SiliziumDiode3_svg-tex.pdf_tex
<./svg-inkscape/SiliziumDiode3_svg-tex.pdf, id=671, page=1, 162.95503pt x 248.8511pt>
File: ./svg-inkscape/SiliziumDiode3_svg-tex.pdf Graphic file (type pdf)
<use ./svg-inkscape/SiliziumDiode3_svg-tex.pdf, page 1>
Package pdftex.def Info: ./svg-inkscape/SiliziumDiode3_svg-tex.pdf , page1 used on input line 56.
(pdftex.def)             Requested size: 79.66801pt x 121.6609pt.
<./svg-inkscape/SiliziumDiode3_svg-tex.pdf, id=672, page=2, 162.95503pt x 248.8511pt>
File: ./svg-inkscape/SiliziumDiode3_svg-tex.pdf Graphic file (type pdf)
<use ./svg-inkscape/SiliziumDiode3_svg-tex.pdf, page 2>
Package pdftex.def Info: ./svg-inkscape/SiliziumDiode3_svg-tex.pdf , page2 used on input line 59.
(pdftex.def)             Requested size: 79.66801pt x 121.6609pt.
) [50

 <./svg-inkscape/SiliziumDiode2_svg-tex.pdf> <./svg-inkscape/SiliziumDiode3_svg-tex.pdf

pdfTeX warning: pdflatex (file ./svg-inkscape/SiliziumDiode3_svg-tex.pdf): PDF inclusion: multiple pdfs with page group included in a single page
> <./svg-inkscape/SiliziumDiode3_svg-tex.pdf

pdfTeX warning: pdflatex (file ./svg-inkscape/SiliziumDiode3_svg-tex.pdf): PDF inclusion: multiple pdfs with page group included in a single page
>]
\absvshift=\dimen424
Package svg Info: Last page of `./svg-inkscape/SiliziumDiode2_svg-tex.pdf' is 1 on input line 58.
 (./svg-inkscape/SiliziumDiode2_svg-tex.pdf_tex
File: ./svg-inkscape/SiliziumDiode2_svg-tex.pdf Graphic file (type pdf)
<use ./svg-inkscape/SiliziumDiode2_svg-tex.pdf, page 1>
Package pdftex.def Info: ./svg-inkscape/SiliziumDiode2_svg-tex.pdf , page1 used on input line 56.
(pdftex.def)             Requested size: 17.92468pt x 112.01694pt.
)
Package svg Info: Last page of `./svg-inkscape/SiliziumDiode3_svg-tex.pdf' is 2 on input line 58.
 (./svg-inkscape/SiliziumDiode3_svg-tex.pdf_tex
File: ./svg-inkscape/SiliziumDiode3_svg-tex.pdf Graphic file (type pdf)
<use ./svg-inkscape/SiliziumDiode3_svg-tex.pdf, page 1>
Package pdftex.def Info: ./svg-inkscape/SiliziumDiode3_svg-tex.pdf , page1 used on input line 56.
(pdftex.def)             Requested size: 79.66801pt x 121.6609pt.
File: ./svg-inkscape/SiliziumDiode3_svg-tex.pdf Graphic file (type pdf)
<use ./svg-inkscape/SiliziumDiode3_svg-tex.pdf, page 2>
Package pdftex.def Info: ./svg-inkscape/SiliziumDiode3_svg-tex.pdf , page2 used on input line 59.
(pdftex.def)             Requested size: 79.66801pt x 121.6609pt.
) [51

]
\absvshift=\dimen425
Package svg Info: Last page of `./svg-inkscape/SiliziumDiode2_svg-tex.pdf' is 1 on input line 58.
 (./svg-inkscape/SiliziumDiode2_svg-tex.pdf_tex
File: ./svg-inkscape/SiliziumDiode2_svg-tex.pdf Graphic file (type pdf)
<use ./svg-inkscape/SiliziumDiode2_svg-tex.pdf, page 1>
Package pdftex.def Info: ./svg-inkscape/SiliziumDiode2_svg-tex.pdf , page1 used on input line 56.
(pdftex.def)             Requested size: 17.92468pt x 112.01694pt.
)
Package svg Info: Last page of `./svg-inkscape/SiliziumDiode3_svg-tex.pdf' is 2 on input line 58.
 (./svg-inkscape/SiliziumDiode3_svg-tex.pdf_tex
File: ./svg-inkscape/SiliziumDiode3_svg-tex.pdf Graphic file (type pdf)
<use ./svg-inkscape/SiliziumDiode3_svg-tex.pdf, page 1>
Package pdftex.def Info: ./svg-inkscape/SiliziumDiode3_svg-tex.pdf , page1 used on input line 56.
(pdftex.def)             Requested size: 79.66801pt x 121.6609pt.
File: ./svg-inkscape/SiliziumDiode3_svg-tex.pdf Graphic file (type pdf)
<use ./svg-inkscape/SiliziumDiode3_svg-tex.pdf, page 2>
Package pdftex.def Info: ./svg-inkscape/SiliziumDiode3_svg-tex.pdf , page2 used on input line 59.
(pdftex.def)             Requested size: 79.66801pt x 121.6609pt.
) [52

]
Package svg Info: Last page of `./svg-inkscape/FolienDiodenkennlinieUrsprungpA_svg-tex.pdf' is 2 on input line 76.
 (./svg-inkscape/FolienDiodenkennlinieUrsprungpA_svg-tex.pdf_tex
<./svg-inkscape/FolienDiodenkennlinieUrsprungpA_svg-tex.pdf, id=700, page=1, 556.71692pt x 408.0125pt>
File: ./svg-inkscape/FolienDiodenkennlinieUrsprungpA_svg-tex.pdf Graphic file (type pdf)
<use ./svg-inkscape/FolienDiodenkennlinieUrsprungpA_svg-tex.pdf, page 1>
Package pdftex.def Info: ./svg-inkscape/FolienDiodenkennlinieUrsprungpA_svg-tex.pdf , page1 used on input line 56.
(pdftex.def)             Requested size: 191.20518pt x 140.12943pt.
<./svg-inkscape/FolienDiodenkennlinieUrsprungpA_svg-tex.pdf, id=701, page=2, 556.71692pt x 408.0125pt>
File: ./svg-inkscape/FolienDiodenkennlinieUrsprungpA_svg-tex.pdf Graphic file (type pdf)
<use ./svg-inkscape/FolienDiodenkennlinieUrsprungpA_svg-tex.pdf, page 2>
Package pdftex.def Info: ./svg-inkscape/FolienDiodenkennlinieUrsprungpA_svg-tex.pdf , page2 used on input line 62.
(pdftex.def)             Requested size: 191.20518pt x 140.12943pt.
)
Overfull \hbox (20.63051pt too wide) in paragraph at lines 76--76
[][]  
 []

[53

 <./svg-inkscape/FolienDiodenkennlinieUrsprungpA_svg-tex.pdf> <./svg-inkscape/FolienDiodenkennlinieUrsprungpA_svg-tex.pdf

pdfTeX warning: pdflatex (file ./svg-inkscape/FolienDiodenkennlinieUrsprungpA_svg-tex.pdf): PDF inclusion: multiple pdfs with page group included in a single page
>]
Package svg Info: Last page of `./svg-inkscape/FolienTemperaturverhaltenDioden_svg-tex.pdf' is 2 on input line 104.
 (./svg-inkscape/FolienTemperaturverhaltenDioden_svg-tex.pdf_tex
<./svg-inkscape/FolienTemperaturverhaltenDioden_svg-tex.pdf, id=716, page=1, 591.41429pt x 407.30118pt>
File: ./svg-inkscape/FolienTemperaturverhaltenDioden_svg-tex.pdf Graphic file (type pdf)
<use ./svg-inkscape/FolienTemperaturverhaltenDioden_svg-tex.pdf, page 1>
Package pdftex.def Info: ./svg-inkscape/FolienTemperaturverhaltenDioden_svg-tex.pdf , page1 used on input line 56.
(pdftex.def)             Requested size: 191.20518pt x 131.68146pt.
<./svg-inkscape/FolienTemperaturverhaltenDioden_svg-tex.pdf, id=717, page=2, 591.41429pt x 407.30118pt>
File: ./svg-inkscape/FolienTemperaturverhaltenDioden_svg-tex.pdf Graphic file (type pdf)
<use ./svg-inkscape/FolienTemperaturverhaltenDioden_svg-tex.pdf, page 2>
Package pdftex.def Info: ./svg-inkscape/FolienTemperaturverhaltenDioden_svg-tex.pdf , page2 used on input line 59.
(pdftex.def)             Requested size: 191.20518pt x 131.68146pt.
)
Overfull \hbox (12.17833pt too wide) in paragraph at lines 104--104
[][]  
 []

[54

 <./svg-inkscape/FolienTemperaturverhaltenDioden_svg-tex.pdf> <./svg-inkscape/FolienTemperaturverhaltenDioden_svg-tex.pdf

pdfTeX warning: pdflatex (file ./svg-inkscape/FolienTemperaturverhaltenDioden_svg-tex.pdf): PDF inclusion: multiple pdfs with page group included in a single page
>]
Package svg Info: Last page of `./svg-inkscape/FolienTemperaturverhaltenDioden_svg-tex.pdf' is 2 on input line 104.
 (./svg-inkscape/FolienTemperaturverhaltenDioden_svg-tex.pdf_tex
File: ./svg-inkscape/FolienTemperaturverhaltenDioden_svg-tex.pdf Graphic file (type pdf)
<use ./svg-inkscape/FolienTemperaturverhaltenDioden_svg-tex.pdf, page 1>
Package pdftex.def Info: ./svg-inkscape/FolienTemperaturverhaltenDioden_svg-tex.pdf , page1 used on input line 56.
(pdftex.def)             Requested size: 191.20518pt x 131.68146pt.
File: ./svg-inkscape/FolienTemperaturverhaltenDioden_svg-tex.pdf Graphic file (type pdf)
<use ./svg-inkscape/FolienTemperaturverhaltenDioden_svg-tex.pdf, page 2>
Package pdftex.def Info: ./svg-inkscape/FolienTemperaturverhaltenDioden_svg-tex.pdf , page2 used on input line 59.
(pdftex.def)             Requested size: 191.20518pt x 131.68146pt.
)
Overfull \hbox (12.17833pt too wide) in paragraph at lines 104--104
[][]  
 []

[55

]
Package svg Info: Last page of `./svg-inkscape/FolienTemperaturverhaltenDioden_svg-tex.pdf' is 2 on input line 104.
 (./svg-inkscape/FolienTemperaturverhaltenDioden_svg-tex.pdf_tex
File: ./svg-inkscape/FolienTemperaturverhaltenDioden_svg-tex.pdf Graphic file (type pdf)
<use ./svg-inkscape/FolienTemperaturverhaltenDioden_svg-tex.pdf, page 1>
Package pdftex.def Info: ./svg-inkscape/FolienTemperaturverhaltenDioden_svg-tex.pdf , page1 used on input line 56.
(pdftex.def)             Requested size: 191.20518pt x 131.68146pt.
File: ./svg-inkscape/FolienTemperaturverhaltenDioden_svg-tex.pdf Graphic file (type pdf)
<use ./svg-inkscape/FolienTemperaturverhaltenDioden_svg-tex.pdf, page 2>
Package pdftex.def Info: ./svg-inkscape/FolienTemperaturverhaltenDioden_svg-tex.pdf , page2 used on input line 59.
(pdftex.def)             Requested size: 191.20518pt x 131.68146pt.
)
Overfull \hbox (12.17833pt too wide) in paragraph at lines 104--104
[][]  
 []

[56

]
Package svg Info: Last page of `./svg-inkscape/FolienTemperaturverhaltenDioden_svg-tex.pdf' is 2 on input line 104.
 (./svg-inkscape/FolienTemperaturverhaltenDioden_svg-tex.pdf_tex
File: ./svg-inkscape/FolienTemperaturverhaltenDioden_svg-tex.pdf Graphic file (type pdf)
<use ./svg-inkscape/FolienTemperaturverhaltenDioden_svg-tex.pdf, page 1>
Package pdftex.def Info: ./svg-inkscape/FolienTemperaturverhaltenDioden_svg-tex.pdf , page1 used on input line 56.
(pdftex.def)             Requested size: 191.20518pt x 131.68146pt.
File: ./svg-inkscape/FolienTemperaturverhaltenDioden_svg-tex.pdf Graphic file (type pdf)
<use ./svg-inkscape/FolienTemperaturverhaltenDioden_svg-tex.pdf, page 2>
Package pdftex.def Info: ./svg-inkscape/FolienTemperaturverhaltenDioden_svg-tex.pdf , page2 used on input line 59.
(pdftex.def)             Requested size: 191.20518pt x 131.68146pt.
)
Overfull \hbox (12.17833pt too wide) in paragraph at lines 104--104
[][]  
 []

[57

]
Package svg Info: Last page of `./svg-inkscape/DiodeBelastungsgrenzen_svg-tex.pdf' is 3 on input line 127.
 (./svg-inkscape/DiodeBelastungsgrenzen_svg-tex.pdf_tex
<./svg-inkscape/DiodeBelastungsgrenzen_svg-tex.pdf, id=751, page=1, 625.18266pt x 390.22957pt>
File: ./svg-inkscape/DiodeBelastungsgrenzen_svg-tex.pdf Graphic file (type pdf)
<use ./svg-inkscape/DiodeBelastungsgrenzen_svg-tex.pdf, page 1>
Package pdftex.def Info: ./svg-inkscape/DiodeBelastungsgrenzen_svg-tex.pdf , page1 used on input line 56.
(pdftex.def)             Requested size: 191.20518pt x 119.34435pt.
<./svg-inkscape/DiodeBelastungsgrenzen_svg-tex.pdf, id=752, page=2, 625.18266pt x 390.22957pt>
File: ./svg-inkscape/DiodeBelastungsgrenzen_svg-tex.pdf Graphic file (type pdf)
<use ./svg-inkscape/DiodeBelastungsgrenzen_svg-tex.pdf, page 2>
Package pdftex.def Info: ./svg-inkscape/DiodeBelastungsgrenzen_svg-tex.pdf , page2 used on input line 59.
(pdftex.def)             Requested size: 191.20518pt x 119.34435pt.
<./svg-inkscape/DiodeBelastungsgrenzen_svg-tex.pdf, id=753, page=3, 625.18266pt x 390.22957pt>
File: ./svg-inkscape/DiodeBelastungsgrenzen_svg-tex.pdf Graphic file (type pdf)
<use ./svg-inkscape/DiodeBelastungsgrenzen_svg-tex.pdf, page 3>
Package pdftex.def Info: ./svg-inkscape/DiodeBelastungsgrenzen_svg-tex.pdf , page3 used on input line 62.
(pdftex.def)             Requested size: 191.20518pt x 119.34435pt.
) [58

 <./svg-inkscape/DiodeBelastungsgrenzen_svg-tex.pdf> <./svg-inkscape/DiodeBelastungsgrenzen_svg-tex.pdf

pdfTeX warning: pdflatex (file ./svg-inkscape/DiodeBelastungsgrenzen_svg-tex.pdf): PDF inclusion: multiple pdfs with page group included in a single page
> <./svg-inkscape/DiodeBelastungsgrenzen_svg-tex.pdf

pdfTeX warning: pdflatex (file ./svg-inkscape/DiodeBelastungsgrenzen_svg-tex.pdf): PDF inclusion: multiple pdfs with page group included in a single page
>]
Package svg Info: Last page of `./svg-inkscape/DiodeBelastungsgrenzen_svg-tex.pdf' is 3 on input line 127.
 (./svg-inkscape/DiodeBelastungsgrenzen_svg-tex.pdf_tex
File: ./svg-inkscape/DiodeBelastungsgrenzen_svg-tex.pdf Graphic file (type pdf)
<use ./svg-inkscape/DiodeBelastungsgrenzen_svg-tex.pdf, page 1>
Package pdftex.def Info: ./svg-inkscape/DiodeBelastungsgrenzen_svg-tex.pdf , page1 used on input line 56.
(pdftex.def)             Requested size: 191.20518pt x 119.34435pt.
File: ./svg-inkscape/DiodeBelastungsgrenzen_svg-tex.pdf Graphic file (type pdf)
<use ./svg-inkscape/DiodeBelastungsgrenzen_svg-tex.pdf, page 2>
Package pdftex.def Info: ./svg-inkscape/DiodeBelastungsgrenzen_svg-tex.pdf , page2 used on input line 59.
(pdftex.def)             Requested size: 191.20518pt x 119.34435pt.
File: ./svg-inkscape/DiodeBelastungsgrenzen_svg-tex.pdf Graphic file (type pdf)
<use ./svg-inkscape/DiodeBelastungsgrenzen_svg-tex.pdf, page 3>
Package pdftex.def Info: ./svg-inkscape/DiodeBelastungsgrenzen_svg-tex.pdf , page3 used on input line 62.
(pdftex.def)             Requested size: 191.20518pt x 119.34435pt.
) [59

]
Package svg Info: Last page of `./svg-inkscape/DiodeBelastungsgrenzen_svg-tex.pdf' is 3 on input line 127.
 (./svg-inkscape/DiodeBelastungsgrenzen_svg-tex.pdf_tex
File: ./svg-inkscape/DiodeBelastungsgrenzen_svg-tex.pdf Graphic file (type pdf)
<use ./svg-inkscape/DiodeBelastungsgrenzen_svg-tex.pdf, page 1>
Package pdftex.def Info: ./svg-inkscape/DiodeBelastungsgrenzen_svg-tex.pdf , page1 used on input line 56.
(pdftex.def)             Requested size: 191.20518pt x 119.34435pt.
File: ./svg-inkscape/DiodeBelastungsgrenzen_svg-tex.pdf Graphic file (type pdf)
<use ./svg-inkscape/DiodeBelastungsgrenzen_svg-tex.pdf, page 2>
Package pdftex.def Info: ./svg-inkscape/DiodeBelastungsgrenzen_svg-tex.pdf , page2 used on input line 59.
(pdftex.def)             Requested size: 191.20518pt x 119.34435pt.
File: ./svg-inkscape/DiodeBelastungsgrenzen_svg-tex.pdf Graphic file (type pdf)
<use ./svg-inkscape/DiodeBelastungsgrenzen_svg-tex.pdf, page 3>
Package pdftex.def Info: ./svg-inkscape/DiodeBelastungsgrenzen_svg-tex.pdf , page3 used on input line 62.
(pdftex.def)             Requested size: 191.20518pt x 119.34435pt.
) [60

]
Package svg Info: Last page of `./svg-inkscape/Diodenkennlinie_svg-tex.pdf' is 2 on input line 143.
 (./svg-inkscape/Diodenkennlinie_svg-tex.pdf_tex
<./svg-inkscape/Diodenkennlinie_svg-tex.pdf, id=778, page=1, 557.14784pt x 421.10078pt>
File: ./svg-inkscape/Diodenkennlinie_svg-tex.pdf Graphic file (type pdf)
<use ./svg-inkscape/Diodenkennlinie_svg-tex.pdf, page 1>
Package pdftex.def Info: ./svg-inkscape/Diodenkennlinie_svg-tex.pdf , page1 used on input line 56.
(pdftex.def)             Requested size: 278.83578pt x 210.75548pt.
<./svg-inkscape/Diodenkennlinie_svg-tex.pdf, id=779, page=2, 557.14784pt x 421.10078pt>
File: ./svg-inkscape/Diodenkennlinie_svg-tex.pdf Graphic file (type pdf)
<use ./svg-inkscape/Diodenkennlinie_svg-tex.pdf, page 2>
Package pdftex.def Info: ./svg-inkscape/Diodenkennlinie_svg-tex.pdf , page2 used on input line 63.
(pdftex.def)             Requested size: 278.83578pt x 210.75548pt.
)
Overfull \vbox (13.34438pt too high) detected at line 143
 []

[61

 <./svg-inkscape/Diodenkennlinie_svg-tex.pdf> <./svg-inkscape/Diodenkennlinie_svg-tex.pdf

pdfTeX warning: pdflatex (file ./svg-inkscape/Diodenkennlinie_svg-tex.pdf): PDF inclusion: multiple pdfs with page group included in a single page
>]
Package svg Info: Last page of `./svg-inkscape/DiodenkennlinieUndErsatzschaltbild1_svg-tex.pdf' is 2 on input line 174.
 (./svg-inkscape/DiodenkennlinieUndErsatzschaltbild1_svg-tex.pdf_tex
<./svg-inkscape/DiodenkennlinieUndErsatzschaltbild1_svg-tex.pdf, id=791, page=1, 458.79097pt x 350.19275pt>
File: ./svg-inkscape/DiodenkennlinieUndErsatzschaltbild1_svg-tex.pdf Graphic file (type pdf)
<use ./svg-inkscape/DiodenkennlinieUndErsatzschaltbild1_svg-tex.pdf, page 1>
Package pdftex.def Info: ./svg-inkscape/DiodenkennlinieUndErsatzschaltbild1_svg-tex.pdf , page1 used on input line 56.
(pdftex.def)             Requested size: 199.1693pt x 152.02267pt.
<./svg-inkscape/DiodenkennlinieUndErsatzschaltbild1_svg-tex.pdf, id=792, page=2, 458.79097pt x 350.19275pt>
File: ./svg-inkscape/DiodenkennlinieUndErsatzschaltbild1_svg-tex.pdf Graphic file (type pdf)
<use ./svg-inkscape/DiodenkennlinieUndErsatzschaltbild1_svg-tex.pdf, page 2>
Package pdftex.def Info: ./svg-inkscape/DiodenkennlinieUndErsatzschaltbild1_svg-tex.pdf , page2 used on input line 58.
(pdftex.def)             Requested size: 199.1693pt x 152.02267pt.
) (./Tikz/src/DiodenkennlinieUndErsatzschaltbild2.tex
\absvshift=\dimen426
)
Overfull \hbox (53.4571pt too wide) in paragraph at lines 174--174
 [][] 
 []

[62

 <./svg-inkscape/DiodenkennlinieUndErsatzschaltbild1_svg-tex.pdf> <./svg-inkscape/DiodenkennlinieUndErsatzschaltbild1_svg-tex.pdf

pdfTeX warning: pdflatex (file ./svg-inkscape/DiodenkennlinieUndErsatzschaltbild1_svg-tex.pdf): PDF inclusion: multiple pdfs with page group included in a single page
>]
Package svg Info: Last page of `./svg-inkscape/DiodenkennlinieUndErsatzschaltbild1_svg-tex.pdf' is 2 on input line 174.
 (./svg-inkscape/DiodenkennlinieUndErsatzschaltbild1_svg-tex.pdf_tex
File: ./svg-inkscape/DiodenkennlinieUndErsatzschaltbild1_svg-tex.pdf Graphic file (type pdf)
<use ./svg-inkscape/DiodenkennlinieUndErsatzschaltbild1_svg-tex.pdf, page 1>
Package pdftex.def Info: ./svg-inkscape/DiodenkennlinieUndErsatzschaltbild1_svg-tex.pdf , page1 used on input line 56.
(pdftex.def)             Requested size: 199.1693pt x 152.02267pt.
File: ./svg-inkscape/DiodenkennlinieUndErsatzschaltbild1_svg-tex.pdf Graphic file (type pdf)
<use ./svg-inkscape/DiodenkennlinieUndErsatzschaltbild1_svg-tex.pdf, page 2>
Package pdftex.def Info: ./svg-inkscape/DiodenkennlinieUndErsatzschaltbild1_svg-tex.pdf , page2 used on input line 58.
(pdftex.def)             Requested size: 199.1693pt x 152.02267pt.
) (./Tikz/src/DiodenkennlinieUndErsatzschaltbild2.tex
\absvshift=\dimen427
)
Overfull \hbox (53.4571pt too wide) in paragraph at lines 174--174
 [][] 
 []

[63

]
Package svg Info: Last page of `./svg-inkscape/GrafischeBestimmungArbeitspunkt1_svg-tex.pdf' is 1 on input line 199.
 (./svg-inkscape/GrafischeBestimmungArbeitspunkt1_svg-tex.pdf_tex
<./svg-inkscape/GrafischeBestimmungArbeitspunkt1_svg-tex.pdf, id=810, page=1, 332.81664pt x 216.98688pt>
File: ./svg-inkscape/GrafischeBestimmungArbeitspunkt1_svg-tex.pdf Graphic file (type pdf)
<use ./svg-inkscape/GrafischeBestimmungArbeitspunkt1_svg-tex.pdf, page 1>
Package pdftex.def Info: ./svg-inkscape/GrafischeBestimmungArbeitspunkt1_svg-tex.pdf , page1 used on input line 56.
(pdftex.def)             Requested size: 199.1693pt x 129.8521pt.
) (./Tikz/src/GrafischeBestimmungArbeitspunkt2.tex
\absvshift=\dimen428
)
Overfull \hbox (48.20059pt too wide) in paragraph at lines 10--199
 [][] 
 []

[64

 <./svg-inkscape/GrafischeBestimmungArbeitspunkt1_svg-tex.pdf>]
Package svg Info: Last page of `./svg-inkscape/GrafischeBestimmungArbeitspunkt1_svg-tex.pdf' is 1 on input line 199.
 (./svg-inkscape/GrafischeBestimmungArbeitspunkt1_svg-tex.pdf_tex
File: ./svg-inkscape/GrafischeBestimmungArbeitspunkt1_svg-tex.pdf Graphic file (type pdf)
<use ./svg-inkscape/GrafischeBestimmungArbeitspunkt1_svg-tex.pdf, page 1>
Package pdftex.def Info: ./svg-inkscape/GrafischeBestimmungArbeitspunkt1_svg-tex.pdf , page1 used on input line 56.
(pdftex.def)             Requested size: 199.1693pt x 129.8521pt.
) (./Tikz/src/GrafischeBestimmungArbeitspunkt2.tex
\absvshift=\dimen429
)
Overfull \hbox (48.20059pt too wide) in paragraph at lines 10--199
 [][] 
 []

[65

] [66

] [67

] [68

]
Package svg Info: Last page of `./svg-inkscape/SchichtaufbauVonDioden1_svg-tex.pdf' is 4 on input line 246.
 (./svg-inkscape/SchichtaufbauVonDioden1_svg-tex.pdf_tex
File: ./svg-inkscape/SchichtaufbauVonDioden1_svg-tex.pdf Graphic file (type pdf)
<use ./svg-inkscape/SchichtaufbauVonDioden1_svg-tex.pdf, page 1>
Package pdftex.def Info: ./svg-inkscape/SchichtaufbauVonDioden1_svg-tex.pdf , page1 used on input line 56.
(pdftex.def)             Requested size: 174.72191pt x 206.31377pt.
File: ./svg-inkscape/SchichtaufbauVonDioden1_svg-tex.pdf Graphic file (type pdf)
<use ./svg-inkscape/SchichtaufbauVonDioden1_svg-tex.pdf, page 2>
Package pdftex.def Info: ./svg-inkscape/SchichtaufbauVonDioden1_svg-tex.pdf , page2 used on input line 59.
(pdftex.def)             Requested size: 174.72191pt x 206.31377pt.
File: ./svg-inkscape/SchichtaufbauVonDioden1_svg-tex.pdf Graphic file (type pdf)
<use ./svg-inkscape/SchichtaufbauVonDioden1_svg-tex.pdf, page 3>
Package pdftex.def Info: ./svg-inkscape/SchichtaufbauVonDioden1_svg-tex.pdf , page3 used on input line 65.
(pdftex.def)             Requested size: 174.72191pt x 206.31377pt.
File: ./svg-inkscape/SchichtaufbauVonDioden1_svg-tex.pdf Graphic file (type pdf)
<use ./svg-inkscape/SchichtaufbauVonDioden1_svg-tex.pdf, page 4>
Package pdftex.def Info: ./svg-inkscape/SchichtaufbauVonDioden1_svg-tex.pdf , page4 used on input line 67.
(pdftex.def)             Requested size: 174.72191pt x 206.31377pt.
)
Package svg Info: Last page of `./svg-inkscape/SchichtaufbauVonDioden2_svg-tex.pdf' is 5 on input line 246.
 (./svg-inkscape/SchichtaufbauVonDioden2_svg-tex.pdf_tex
File: ./svg-inkscape/SchichtaufbauVonDioden2_svg-tex.pdf Graphic file (type pdf)
<use ./svg-inkscape/SchichtaufbauVonDioden2_svg-tex.pdf, page 1>
Package pdftex.def Info: ./svg-inkscape/SchichtaufbauVonDioden2_svg-tex.pdf , page1 used on input line 56.
(pdftex.def)             Requested size: 224.64577pt x 206.31374pt.
File: ./svg-inkscape/SchichtaufbauVonDioden2_svg-tex.pdf Graphic file (type pdf)
<use ./svg-inkscape/SchichtaufbauVonDioden2_svg-tex.pdf, page 2>
Package pdftex.def Info: ./svg-inkscape/SchichtaufbauVonDioden2_svg-tex.pdf , page2 used on input line 58.
(pdftex.def)             Requested size: 224.64577pt x 206.31374pt.
File: ./svg-inkscape/SchichtaufbauVonDioden2_svg-tex.pdf Graphic file (type pdf)
<use ./svg-inkscape/SchichtaufbauVonDioden2_svg-tex.pdf, page 3>
Package pdftex.def Info: ./svg-inkscape/SchichtaufbauVonDioden2_svg-tex.pdf , page3 used on input line 64.
(pdftex.def)             Requested size: 224.64577pt x 206.31374pt.
File: ./svg-inkscape/SchichtaufbauVonDioden2_svg-tex.pdf Graphic file (type pdf)
<use ./svg-inkscape/SchichtaufbauVonDioden2_svg-tex.pdf, page 4>
Package pdftex.def Info: ./svg-inkscape/SchichtaufbauVonDioden2_svg-tex.pdf , page4 used on input line 66.
(pdftex.def)             Requested size: 224.64577pt x 206.31374pt.
File: ./svg-inkscape/SchichtaufbauVonDioden2_svg-tex.pdf Graphic file (type pdf)
<use ./svg-inkscape/SchichtaufbauVonDioden2_svg-tex.pdf, page 5>
Package pdftex.def Info: ./svg-inkscape/SchichtaufbauVonDioden2_svg-tex.pdf , page5 used on input line 69.
(pdftex.def)             Requested size: 224.64577pt x 206.31374pt.
)
Overfull \hbox (45.39462pt too wide) in paragraph at lines 246--246
 [][]
 []


Overfull \vbox (8.90685pt too high) detected at line 246
 []

[69

]
Package svg Info: Last page of `./svg-inkscape/SchichtaufbauVonDioden1_svg-tex.pdf' is 4 on input line 246.
 (./svg-inkscape/SchichtaufbauVonDioden1_svg-tex.pdf_tex
File: ./svg-inkscape/SchichtaufbauVonDioden1_svg-tex.pdf Graphic file (type pdf)
<use ./svg-inkscape/SchichtaufbauVonDioden1_svg-tex.pdf, page 1>
Package pdftex.def Info: ./svg-inkscape/SchichtaufbauVonDioden1_svg-tex.pdf , page1 used on input line 56.
(pdftex.def)             Requested size: 174.72191pt x 206.31377pt.
File: ./svg-inkscape/SchichtaufbauVonDioden1_svg-tex.pdf Graphic file (type pdf)
<use ./svg-inkscape/SchichtaufbauVonDioden1_svg-tex.pdf, page 2>
Package pdftex.def Info: ./svg-inkscape/SchichtaufbauVonDioden1_svg-tex.pdf , page2 used on input line 59.
(pdftex.def)             Requested size: 174.72191pt x 206.31377pt.
File: ./svg-inkscape/SchichtaufbauVonDioden1_svg-tex.pdf Graphic file (type pdf)
<use ./svg-inkscape/SchichtaufbauVonDioden1_svg-tex.pdf, page 3>
Package pdftex.def Info: ./svg-inkscape/SchichtaufbauVonDioden1_svg-tex.pdf , page3 used on input line 65.
(pdftex.def)             Requested size: 174.72191pt x 206.31377pt.
File: ./svg-inkscape/SchichtaufbauVonDioden1_svg-tex.pdf Graphic file (type pdf)
<use ./svg-inkscape/SchichtaufbauVonDioden1_svg-tex.pdf, page 4>
Package pdftex.def Info: ./svg-inkscape/SchichtaufbauVonDioden1_svg-tex.pdf , page4 used on input line 67.
(pdftex.def)             Requested size: 174.72191pt x 206.31377pt.
)
Package svg Info: Last page of `./svg-inkscape/SchichtaufbauVonDioden2_svg-tex.pdf' is 5 on input line 246.
 (./svg-inkscape/SchichtaufbauVonDioden2_svg-tex.pdf_tex
File: ./svg-inkscape/SchichtaufbauVonDioden2_svg-tex.pdf Graphic file (type pdf)
<use ./svg-inkscape/SchichtaufbauVonDioden2_svg-tex.pdf, page 1>
Package pdftex.def Info: ./svg-inkscape/SchichtaufbauVonDioden2_svg-tex.pdf , page1 used on input line 56.
(pdftex.def)             Requested size: 224.64577pt x 206.31374pt.
File: ./svg-inkscape/SchichtaufbauVonDioden2_svg-tex.pdf Graphic file (type pdf)
<use ./svg-inkscape/SchichtaufbauVonDioden2_svg-tex.pdf, page 2>
Package pdftex.def Info: ./svg-inkscape/SchichtaufbauVonDioden2_svg-tex.pdf , page2 used on input line 58.
(pdftex.def)             Requested size: 224.64577pt x 206.31374pt.
File: ./svg-inkscape/SchichtaufbauVonDioden2_svg-tex.pdf Graphic file (type pdf)
<use ./svg-inkscape/SchichtaufbauVonDioden2_svg-tex.pdf, page 3>
Package pdftex.def Info: ./svg-inkscape/SchichtaufbauVonDioden2_svg-tex.pdf , page3 used on input line 64.
(pdftex.def)             Requested size: 224.64577pt x 206.31374pt.
File: ./svg-inkscape/SchichtaufbauVonDioden2_svg-tex.pdf Graphic file (type pdf)
<use ./svg-inkscape/SchichtaufbauVonDioden2_svg-tex.pdf, page 4>
Package pdftex.def Info: ./svg-inkscape/SchichtaufbauVonDioden2_svg-tex.pdf , page4 used on input line 66.
(pdftex.def)             Requested size: 224.64577pt x 206.31374pt.
File: ./svg-inkscape/SchichtaufbauVonDioden2_svg-tex.pdf Graphic file (type pdf)
<use ./svg-inkscape/SchichtaufbauVonDioden2_svg-tex.pdf, page 5>
Package pdftex.def Info: ./svg-inkscape/SchichtaufbauVonDioden2_svg-tex.pdf , page5 used on input line 69.
(pdftex.def)             Requested size: 224.64577pt x 206.31374pt.
)
Overfull \hbox (45.39462pt too wide) in paragraph at lines 246--246
 [][]
 []


Overfull \vbox (8.90685pt too high) detected at line 246
 []

[70

]
Package svg Info: Last page of `./svg-inkscape/FolienZDiodeKennlinien_svg-tex.pdf' is 5 on input line 268.
 (./svg-inkscape/FolienZDiodeKennlinien_svg-tex.pdf_tex
<./svg-inkscape/FolienZDiodeKennlinien_svg-tex.pdf, id=865, page=1, 563.83163pt x 408.34546pt>
File: ./svg-inkscape/FolienZDiodeKennlinien_svg-tex.pdf Graphic file (type pdf)
<use ./svg-inkscape/FolienZDiodeKennlinien_svg-tex.pdf, page 1>
Package pdftex.def Info: ./svg-inkscape/FolienZDiodeKennlinien_svg-tex.pdf , page1 used on input line 56.
(pdftex.def)             Requested size: 215.10538pt x 155.7835pt.
<./svg-inkscape/FolienZDiodeKennlinien_svg-tex.pdf, id=866, page=2, 563.83163pt x 408.34546pt>
File: ./svg-inkscape/FolienZDiodeKennlinien_svg-tex.pdf Graphic file (type pdf)
<use ./svg-inkscape/FolienZDiodeKennlinien_svg-tex.pdf, page 2>
Package pdftex.def Info: ./svg-inkscape/FolienZDiodeKennlinien_svg-tex.pdf , page2 used on input line 59.
(pdftex.def)             Requested size: 215.10538pt x 155.7835pt.
<./svg-inkscape/FolienZDiodeKennlinien_svg-tex.pdf, id=867, page=3, 563.83163pt x 408.34546pt>
File: ./svg-inkscape/FolienZDiodeKennlinien_svg-tex.pdf Graphic file (type pdf)
<use ./svg-inkscape/FolienZDiodeKennlinien_svg-tex.pdf, page 3>
Package pdftex.def Info: ./svg-inkscape/FolienZDiodeKennlinien_svg-tex.pdf , page3 used on input line 64.
(pdftex.def)             Requested size: 215.10538pt x 155.7835pt.
<./svg-inkscape/FolienZDiodeKennlinien_svg-tex.pdf, id=868, page=4, 563.83163pt x 408.34546pt>
File: ./svg-inkscape/FolienZDiodeKennlinien_svg-tex.pdf Graphic file (type pdf)
<use ./svg-inkscape/FolienZDiodeKennlinien_svg-tex.pdf, page 4>
Package pdftex.def Info: ./svg-inkscape/FolienZDiodeKennlinien_svg-tex.pdf , page4 used on input line 66.
(pdftex.def)             Requested size: 215.10538pt x 155.7835pt.
<./svg-inkscape/FolienZDiodeKennlinien_svg-tex.pdf, id=869, page=5, 563.83163pt x 408.34546pt>
File: ./svg-inkscape/FolienZDiodeKennlinien_svg-tex.pdf Graphic file (type pdf)
<use ./svg-inkscape/FolienZDiodeKennlinien_svg-tex.pdf, page 5>
Package pdftex.def Info: ./svg-inkscape/FolienZDiodeKennlinien_svg-tex.pdf , page5 used on input line 68.
(pdftex.def)             Requested size: 215.10538pt x 155.7835pt.
)
Overfull \hbox (36.28908pt too wide) in paragraph at lines 268--268
[][]  
 []

[71

 <./svg-inkscape/FolienZDiodeKennlinien_svg-tex.pdf> <./svg-inkscape/FolienZDiodeKennlinien_svg-tex.pdf

pdfTeX warning: pdflatex (file ./svg-inkscape/FolienZDiodeKennlinien_svg-tex.pdf): PDF inclusion: multiple pdfs with page group included in a single page
> <./svg-inkscape/FolienZDiodeKennlinien_svg-tex.pdf

pdfTeX warning: pdflatex (file ./svg-inkscape/FolienZDiodeKennlinien_svg-tex.pdf): PDF inclusion: multiple pdfs with page group included in a single page
> <./svg-inkscape/FolienZDiodeKennlinien_svg-tex.pdf

pdfTeX warning: pdflatex (file ./svg-inkscape/FolienZDiodeKennlinien_svg-tex.pdf): PDF inclusion: multiple pdfs with page group included in a single page
> <./svg-inkscape/FolienZDiodeKennlinien_svg-tex.pdf

pdfTeX warning: pdflatex (file ./svg-inkscape/FolienZDiodeKennlinien_svg-tex.pdf): PDF inclusion: multiple pdfs with page group included in a single page
>]
Package svg Info: Last page of `./svg-inkscape/FolienZDiodeKennlinien_svg-tex.pdf' is 5 on input line 268.
 (./svg-inkscape/FolienZDiodeKennlinien_svg-tex.pdf_tex
File: ./svg-inkscape/FolienZDiodeKennlinien_svg-tex.pdf Graphic file (type pdf)
<use ./svg-inkscape/FolienZDiodeKennlinien_svg-tex.pdf, page 1>
Package pdftex.def Info: ./svg-inkscape/FolienZDiodeKennlinien_svg-tex.pdf , page1 used on input line 56.
(pdftex.def)             Requested size: 215.10538pt x 155.7835pt.
File: ./svg-inkscape/FolienZDiodeKennlinien_svg-tex.pdf Graphic file (type pdf)
<use ./svg-inkscape/FolienZDiodeKennlinien_svg-tex.pdf, page 2>
Package pdftex.def Info: ./svg-inkscape/FolienZDiodeKennlinien_svg-tex.pdf , page2 used on input line 59.
(pdftex.def)             Requested size: 215.10538pt x 155.7835pt.
File: ./svg-inkscape/FolienZDiodeKennlinien_svg-tex.pdf Graphic file (type pdf)
<use ./svg-inkscape/FolienZDiodeKennlinien_svg-tex.pdf, page 3>
Package pdftex.def Info: ./svg-inkscape/FolienZDiodeKennlinien_svg-tex.pdf , page3 used on input line 64.
(pdftex.def)             Requested size: 215.10538pt x 155.7835pt.
File: ./svg-inkscape/FolienZDiodeKennlinien_svg-tex.pdf Graphic file (type pdf)
<use ./svg-inkscape/FolienZDiodeKennlinien_svg-tex.pdf, page 4>
Package pdftex.def Info: ./svg-inkscape/FolienZDiodeKennlinien_svg-tex.pdf , page4 used on input line 66.
(pdftex.def)             Requested size: 215.10538pt x 155.7835pt.
File: ./svg-inkscape/FolienZDiodeKennlinien_svg-tex.pdf Graphic file (type pdf)
<use ./svg-inkscape/FolienZDiodeKennlinien_svg-tex.pdf, page 5>
Package pdftex.def Info: ./svg-inkscape/FolienZDiodeKennlinien_svg-tex.pdf , page5 used on input line 68.
(pdftex.def)             Requested size: 215.10538pt x 155.7835pt.
)
Overfull \hbox (36.28908pt too wide) in paragraph at lines 268--268
[][]  
 []

[72

]
Package svg Info: Last page of `./svg-inkscape/FolienZDiodeKennlinien_svg-tex.pdf' is 5 on input line 268.
 (./svg-inkscape/FolienZDiodeKennlinien_svg-tex.pdf_tex
File: ./svg-inkscape/FolienZDiodeKennlinien_svg-tex.pdf Graphic file (type pdf)
<use ./svg-inkscape/FolienZDiodeKennlinien_svg-tex.pdf, page 1>
Package pdftex.def Info: ./svg-inkscape/FolienZDiodeKennlinien_svg-tex.pdf , page1 used on input line 56.
(pdftex.def)             Requested size: 215.10538pt x 155.7835pt.
File: ./svg-inkscape/FolienZDiodeKennlinien_svg-tex.pdf Graphic file (type pdf)
<use ./svg-inkscape/FolienZDiodeKennlinien_svg-tex.pdf, page 2>
Package pdftex.def Info: ./svg-inkscape/FolienZDiodeKennlinien_svg-tex.pdf , page2 used on input line 59.
(pdftex.def)             Requested size: 215.10538pt x 155.7835pt.
File: ./svg-inkscape/FolienZDiodeKennlinien_svg-tex.pdf Graphic file (type pdf)
<use ./svg-inkscape/FolienZDiodeKennlinien_svg-tex.pdf, page 3>
Package pdftex.def Info: ./svg-inkscape/FolienZDiodeKennlinien_svg-tex.pdf , page3 used on input line 64.
(pdftex.def)             Requested size: 215.10538pt x 155.7835pt.
File: ./svg-inkscape/FolienZDiodeKennlinien_svg-tex.pdf Graphic file (type pdf)
<use ./svg-inkscape/FolienZDiodeKennlinien_svg-tex.pdf, page 4>
Package pdftex.def Info: ./svg-inkscape/FolienZDiodeKennlinien_svg-tex.pdf , page4 used on input line 66.
(pdftex.def)             Requested size: 215.10538pt x 155.7835pt.
File: ./svg-inkscape/FolienZDiodeKennlinien_svg-tex.pdf Graphic file (type pdf)
<use ./svg-inkscape/FolienZDiodeKennlinien_svg-tex.pdf, page 5>
Package pdftex.def Info: ./svg-inkscape/FolienZDiodeKennlinien_svg-tex.pdf , page5 used on input line 68.
(pdftex.def)             Requested size: 215.10538pt x 155.7835pt.
)
Overfull \hbox (36.28908pt too wide) in paragraph at lines 268--268
[][]  
 []

[73

] [74

] [75

]
Underfull \hbox (badness 10000) in paragraph at lines 330--330
[]|\OT1/cmss/m/n/10.95 Rectifier-
 []

(./Tikz/src/Diode.tex)
Package svg Info: Last page of `./svg-inkscape/KennlinieGleichrichterdiode_svg-tex.pdf' is 1 on input line 330.
 (./svg-inkscape/KennlinieGleichrichterdiode_svg-tex.pdf_tex
<./svg-inkscape/KennlinieGleichrichterdiode_svg-tex.pdf, id=909, page=1, 610.18805pt x 433.67232pt>
File: ./svg-inkscape/KennlinieGleichrichterdiode_svg-tex.pdf Graphic file (type pdf)
<use ./svg-inkscape/KennlinieGleichrichterdiode_svg-tex.pdf, page 1>
Package pdftex.def Info: ./svg-inkscape/KennlinieGleichrichterdiode_svg-tex.pdf , page1 used on input line 56.
(pdftex.def)             Requested size: 84.50418pt x 60.0586pt.
)
Overfull \hbox (2.84546pt too wide) in paragraph at lines 330--330
[]|[]| 
 []


Underfull \hbox (badness 10000) in paragraph at lines 330--330
[]|\OT1/cmss/m/n/10.95 Switching-
 []

(./Tikz/src/Diode.tex)
Package svg Info: Last page of `./svg-inkscape/KennlinieSchaltdiode_svg-tex.pdf' is 2 on input line 330.
 (./svg-inkscape/KennlinieSchaltdiode_svg-tex.pdf_tex
<./svg-inkscape/KennlinieSchaltdiode_svg-tex.pdf, id=911, page=1, 610.18805pt x 433.67229pt>
File: ./svg-inkscape/KennlinieSchaltdiode_svg-tex.pdf Graphic file (type pdf)
<use ./svg-inkscape/KennlinieSchaltdiode_svg-tex.pdf, page 1>
Package pdftex.def Info: ./svg-inkscape/KennlinieSchaltdiode_svg-tex.pdf , page1 used on input line 56.
(pdftex.def)             Requested size: 84.50418pt x 60.05858pt.
<./svg-inkscape/KennlinieSchaltdiode_svg-tex.pdf, id=912, page=2, 610.18805pt x 433.67229pt>
File: ./svg-inkscape/KennlinieSchaltdiode_svg-tex.pdf Graphic file (type pdf)
<use ./svg-inkscape/KennlinieSchaltdiode_svg-tex.pdf, page 2>
Package pdftex.def Info: ./svg-inkscape/KennlinieSchaltdiode_svg-tex.pdf , page2 used on input line 59.
(pdftex.def)             Requested size: 84.50418pt x 60.05858pt.
)
Overfull \hbox (2.84546pt too wide) in paragraph at lines 330--330
[]|[]| 
 []


Underfull \hbox (badness 10000) in paragraph at lines 330--330
[]|\OT1/cmss/m/n/10.95 Low break-down
 []


Underfull \hbox (badness 1152) in paragraph at lines 330--330
[]|\OT1/cmss/m/n/10.95 high re-ver-se re-si-
 []


Overfull \hbox (19.72078pt too wide) in paragraph at lines 330--330
 [] 
 []

[76

 <./svg-inkscape/KennlinieGleichrichterdiode_svg-tex.pdf> <./svg-inkscape/KennlinieSchaltdiode_svg-tex.pdf

pdfTeX warning: pdflatex (file ./svg-inkscape/KennlinieSchaltdiode_svg-tex.pdf): PDF inclusion: multiple pdfs with page group included in a single page
> <./svg-inkscape/KennlinieSchaltdiode_svg-tex.pdf

pdfTeX warning: pdflatex (file ./svg-inkscape/KennlinieSchaltdiode_svg-tex.pdf): PDF inclusion: multiple pdfs with page group included in a single page
>]
Underfull \hbox (badness 10000) in paragraph at lines 375--375
[]|\OT1/cmss/m/n/10.95 Schottky-
 []

(./Tikz/src/Schottkydiode.tex)
Package svg Info: Last page of `./svg-inkscape/KennlinieSchottkydiode_svg-tex.pdf' is 2 on input line 375.
 (./svg-inkscape/KennlinieSchottkydiode_svg-tex.pdf_tex
<./svg-inkscape/KennlinieSchottkydiode_svg-tex.pdf, id=924, page=1, 610.18805pt x 433.67229pt>
File: ./svg-inkscape/KennlinieSchottkydiode_svg-tex.pdf Graphic file (type pdf)
<use ./svg-inkscape/KennlinieSchottkydiode_svg-tex.pdf, page 1>
Package pdftex.def Info: ./svg-inkscape/KennlinieSchottkydiode_svg-tex.pdf , page1 used on input line 56.
(pdftex.def)             Requested size: 84.50418pt x 60.05858pt.
<./svg-inkscape/KennlinieSchottkydiode_svg-tex.pdf, id=925, page=2, 610.18805pt x 433.67229pt>
File: ./svg-inkscape/KennlinieSchottkydiode_svg-tex.pdf Graphic file (type pdf)
<use ./svg-inkscape/KennlinieSchottkydiode_svg-tex.pdf, page 2>
Package pdftex.def Info: ./svg-inkscape/KennlinieSchottkydiode_svg-tex.pdf , page2 used on input line 59.
(pdftex.def)             Requested size: 84.50418pt x 60.05858pt.
)
Overfull \hbox (2.84546pt too wide) in paragraph at lines 375--375
[]|[]| 
 []


Underfull \hbox (badness 10000) in paragraph at lines 375--375
\OT1/cmss/m/n/10.95 high-frequency
 []


Underfull \hbox (badness 10000) in paragraph at lines 375--375
\OT1/cmss/m/n/10.95 free-wheeling di-
 []


Underfull \hbox (badness 10000) in paragraph at lines 375--375
\OT1/cmss/m/n/10.95 switching power
 []

(./Tikz/src/ZDiode.tex)
Package svg Info: Last page of `./svg-inkscape/KennlinieZ-Diode_svg-tex.pdf' is 1 on input line 375.
 (./svg-inkscape/KennlinieZ-Diode_svg-tex.pdf_tex
<./svg-inkscape/KennlinieZ-Diode_svg-tex.pdf, id=927, page=1, 610.18805pt x 433.67232pt>
File: ./svg-inkscape/KennlinieZ-Diode_svg-tex.pdf Graphic file (type pdf)
<use ./svg-inkscape/KennlinieZ-Diode_svg-tex.pdf, page 1>
Package pdftex.def Info: ./svg-inkscape/KennlinieZ-Diode_svg-tex.pdf , page1 used on input line 56.
(pdftex.def)             Requested size: 84.50418pt x 60.0586pt.
)
Overfull \hbox (2.84546pt too wide) in paragraph at lines 375--375
[]|[]| 
 []


Underfull \hbox (badness 10000) in paragraph at lines 375--375
[]|\OT1/cmss/m/n/10.95 defined break-
 []


Overfull \hbox (19.72078pt too wide) in paragraph at lines 375--375
 [] 
 []


Overfull \vbox (11.6938pt too high) detected at line 375
 []

[77

 <./svg-inkscape/KennlinieSchottkydiode_svg-tex.pdf> <./svg-inkscape/KennlinieSchottkydiode_svg-tex.pdf

pdfTeX warning: pdflatex (file ./svg-inkscape/KennlinieSchottkydiode_svg-tex.pdf): PDF inclusion: multiple pdfs with page group included in a single page
> <./svg-inkscape/KennlinieZ-Diode_svg-tex.pdf

pdfTeX warning: pdflatex (file ./svg-inkscape/KennlinieZ-Diode_svg-tex.pdf): PDF inclusion: multiple pdfs with page group included in a single page
>] (./Tikz/src/Tunneldiode.tex)
Package svg Info: Last page of `./svg-inkscape/KennlinieTunneldiode_svg-tex.pdf' is 2 on input line 420.
 (./svg-inkscape/KennlinieTunneldiode_svg-tex.pdf_tex
<./svg-inkscape/KennlinieTunneldiode_svg-tex.pdf, id=939, page=1, 610.18805pt x 439.44786pt>
File: ./svg-inkscape/KennlinieTunneldiode_svg-tex.pdf Graphic file (type pdf)
<use ./svg-inkscape/KennlinieTunneldiode_svg-tex.pdf, page 1>
Package pdftex.def Info: ./svg-inkscape/KennlinieTunneldiode_svg-tex.pdf , page1 used on input line 56.
(pdftex.def)             Requested size: 84.50418pt x 60.85843pt.
<./svg-inkscape/KennlinieTunneldiode_svg-tex.pdf, id=940, page=2, 610.18805pt x 439.44786pt>
File: ./svg-inkscape/KennlinieTunneldiode_svg-tex.pdf Graphic file (type pdf)
<use ./svg-inkscape/KennlinieTunneldiode_svg-tex.pdf, page 2>
Package pdftex.def Info: ./svg-inkscape/KennlinieTunneldiode_svg-tex.pdf , page2 used on input line 59.
(pdftex.def)             Requested size: 84.50418pt x 60.85843pt.
)
Overfull \hbox (2.84546pt too wide) in paragraph at lines 420--420
[]|[]| 
 []


Underfull \hbox (badness 10000) in paragraph at lines 420--420
[]|\OT1/cmss/m/n/10.95 Negative dif-fe-
 []


Underfull \hbox (badness 4291) in paragraph at lines 420--420
[]|\OT1/cmss/m/n/10.95 de-attenuation of
 []

(./Tikz/src/Diac.tex)
Package svg Info: Last page of `./svg-inkscape/KennlinieDiac-Diode_svg-tex.pdf' is 2 on input line 420.
 (./svg-inkscape/KennlinieDiac-Diode_svg-tex.pdf_tex
<./svg-inkscape/KennlinieDiac-Diode_svg-tex.pdf, id=942, page=1, 611.80026pt x 433.75517pt>
File: ./svg-inkscape/KennlinieDiac-Diode_svg-tex.pdf Graphic file (type pdf)
<use ./svg-inkscape/KennlinieDiac-Diode_svg-tex.pdf, page 1>
Package pdftex.def Info: ./svg-inkscape/KennlinieDiac-Diode_svg-tex.pdf , page1 used on input line 56.
(pdftex.def)             Requested size: 84.50418pt x 59.91122pt.
<./svg-inkscape/KennlinieDiac-Diode_svg-tex.pdf, id=943, page=2, 611.80026pt x 433.75517pt>
File: ./svg-inkscape/KennlinieDiac-Diode_svg-tex.pdf Graphic file (type pdf)
<use ./svg-inkscape/KennlinieDiac-Diode_svg-tex.pdf, page 2>
Package pdftex.def Info: ./svg-inkscape/KennlinieDiac-Diode_svg-tex.pdf , page2 used on input line 59.
(pdftex.def)             Requested size: 84.50418pt x 59.91122pt.
)
Overfull \hbox (2.84546pt too wide) in paragraph at lines 420--420
[]|[]| 
 []


Overfull \hbox (19.72078pt too wide) in paragraph at lines 420--420
 [] 
 []

[78

 <./svg-inkscape/KennlinieTunneldiode_svg-tex.pdf> <./svg-inkscape/KennlinieTunneldiode_svg-tex.pdf

pdfTeX warning: pdflatex (file ./svg-inkscape/KennlinieTunneldiode_svg-tex.pdf): PDF inclusion: multiple pdfs with page group included in a single page
> <./svg-inkscape/KennlinieDiac-Diode_svg-tex.pdf

pdfTeX warning: pdflatex (file ./svg-inkscape/KennlinieDiac-Diode_svg-tex.pdf): PDF inclusion: multiple pdfs with page group included in a single page
> <./svg-inkscape/KennlinieDiac-Diode_svg-tex.pdf

pdfTeX warning: pdflatex (file ./svg-inkscape/KennlinieDiac-Diode_svg-tex.pdf): PDF inclusion: multiple pdfs with page group included in a single page
>] (./Tikz/src/Photodiode.tex)
Package svg Info: Last page of `./svg-inkscape/KennliniePhotodiode_svg-tex.pdf' is 2 on input line 473.
 (./svg-inkscape/KennliniePhotodiode_svg-tex.pdf_tex
<./svg-inkscape/KennliniePhotodiode_svg-tex.pdf, id=955, page=1, 610.18805pt x 433.67229pt>
File: ./svg-inkscape/KennliniePhotodiode_svg-tex.pdf Graphic file (type pdf)
<use ./svg-inkscape/KennliniePhotodiode_svg-tex.pdf, page 1>
Package pdftex.def Info: ./svg-inkscape/KennliniePhotodiode_svg-tex.pdf , page1 used on input line 56.
(pdftex.def)             Requested size: 84.50418pt x 60.05858pt.
<./svg-inkscape/KennliniePhotodiode_svg-tex.pdf, id=956, page=2, 610.18805pt x 433.67229pt>
File: ./svg-inkscape/KennliniePhotodiode_svg-tex.pdf Graphic file (type pdf)
<use ./svg-inkscape/KennliniePhotodiode_svg-tex.pdf, page 2>
Package pdftex.def Info: ./svg-inkscape/KennliniePhotodiode_svg-tex.pdf , page2 used on input line 59.
(pdftex.def)             Requested size: 84.50418pt x 60.05858pt.
)
Overfull \hbox (2.84546pt too wide) in paragraph at lines 473--473
[]|[]| 
 []


Underfull \hbox (badness 2617) in paragraph at lines 473--473
[]|\OT1/cmss/m/n/10.95 Current chan-ges
 []


Underfull \hbox (badness 10000) in paragraph at lines 473--473
\OT1/cmss/m/n/10.95 measurement
 []

(./Tikz/src/LED.tex)
Package svg Info: Last page of `./svg-inkscape/KennlinieLED_svg-tex.pdf' is 3 on input line 473.
 (./svg-inkscape/KennlinieLED_svg-tex.pdf_tex
<./svg-inkscape/KennlinieLED_svg-tex.pdf, id=958, page=1, 610.18805pt x 433.67229pt>
File: ./svg-inkscape/KennlinieLED_svg-tex.pdf Graphic file (type pdf)
<use ./svg-inkscape/KennlinieLED_svg-tex.pdf, page 1>
Package pdftex.def Info: ./svg-inkscape/KennlinieLED_svg-tex.pdf , page1 used on input line 56.
(pdftex.def)             Requested size: 84.50418pt x 60.05858pt.
<./svg-inkscape/KennlinieLED_svg-tex.pdf, id=959, page=2, 610.18805pt x 433.67229pt>
File: ./svg-inkscape/KennlinieLED_svg-tex.pdf Graphic file (type pdf)
<use ./svg-inkscape/KennlinieLED_svg-tex.pdf, page 2>
Package pdftex.def Info: ./svg-inkscape/KennlinieLED_svg-tex.pdf , page2 used on input line 58.
(pdftex.def)             Requested size: 84.50418pt x 60.05858pt.
<./svg-inkscape/KennlinieLED_svg-tex.pdf, id=960, page=3, 610.18805pt x 433.67229pt>
File: ./svg-inkscape/KennlinieLED_svg-tex.pdf Graphic file (type pdf)
<use ./svg-inkscape/KennlinieLED_svg-tex.pdf, page 3>
Package pdftex.def Info: ./svg-inkscape/KennlinieLED_svg-tex.pdf , page3 used on input line 60.
(pdftex.def)             Requested size: 84.50418pt x 60.05858pt.
)
Overfull \hbox (2.84546pt too wide) in paragraph at lines 473--473
[]|[]| 
 []


Underfull \hbox (badness 7151) in paragraph at lines 473--473
[]|\OT1/cmss/m/n/10.95 Passage cur-rent
 []


Overfull \hbox (19.72078pt too wide) in paragraph at lines 473--473
 [] 
 []

[79

 <./svg-inkscape/KennliniePhotodiode_svg-tex.pdf> <./svg-inkscape/KennliniePhotodiode_svg-tex.pdf

pdfTeX warning: pdflatex (file ./svg-inkscape/KennliniePhotodiode_svg-tex.pdf): PDF inclusion: multiple pdfs with page group included in a single page
> <./svg-inkscape/KennlinieLED_svg-tex.pdf

pdfTeX warning: pdflatex (file ./svg-inkscape/KennlinieLED_svg-tex.pdf): PDF inclusion: multiple pdfs with page group included in a single page
> <./svg-inkscape/KennlinieLED_svg-tex.pdf

pdfTeX warning: pdflatex (file ./svg-inkscape/KennlinieLED_svg-tex.pdf): PDF inclusion: multiple pdfs with page group included in a single page
> <./svg-inkscape/KennlinieLED_svg-tex.pdf

pdfTeX warning: pdflatex (file ./svg-inkscape/KennlinieLED_svg-tex.pdf): PDF inclusion: multiple pdfs with page group included in a single page
>] (./Tikz/src/EinweggleichrichterTeil1.tex
\absvshift=\dimen430
)
Overfull \hbox (27.35863pt too wide) in paragraph at lines 9--510
[][] 
 []

Package svg Info: Last page of `./svg-inkscape/EinweggleichrichterTeil2_svg-tex.pdf' is 3 on input line 510.
(./svg-inkscape/EinweggleichrichterTeil2_svg-tex.pdf_tex
<./svg-inkscape/EinweggleichrichterTeil2_svg-tex.pdf, id=973, page=1, 326.3562pt x 169.18623pt>
File: ./svg-inkscape/EinweggleichrichterTeil2_svg-tex.pdf Graphic file (type pdf)
<use ./svg-inkscape/EinweggleichrichterTeil2_svg-tex.pdf, page 1>
Package pdftex.def Info: ./svg-inkscape/EinweggleichrichterTeil2_svg-tex.pdf , page1 used on input line 56.
(pdftex.def)             Requested size: 215.10356pt x 111.51352pt.
<./svg-inkscape/EinweggleichrichterTeil2_svg-tex.pdf, id=974, page=2, 326.3562pt x 169.18623pt>
File: ./svg-inkscape/EinweggleichrichterTeil2_svg-tex.pdf Graphic file (type pdf)
<use ./svg-inkscape/EinweggleichrichterTeil2_svg-tex.pdf, page 2>
Package pdftex.def Info: ./svg-inkscape/EinweggleichrichterTeil2_svg-tex.pdf , page2 used on input line 60.
(pdftex.def)             Requested size: 215.10356pt x 111.51352pt.
<./svg-inkscape/EinweggleichrichterTeil2_svg-tex.pdf, id=975, page=3, 326.3562pt x 169.18623pt>
File: ./svg-inkscape/EinweggleichrichterTeil2_svg-tex.pdf Graphic file (type pdf)
<use ./svg-inkscape/EinweggleichrichterTeil2_svg-tex.pdf, page 3>
Package pdftex.def Info: ./svg-inkscape/EinweggleichrichterTeil2_svg-tex.pdf , page3 used on input line 63.
(pdftex.def)             Requested size: 215.10356pt x 111.51352pt.
) [80

 <./svg-inkscape/EinweggleichrichterTeil2_svg-tex.pdf> <./svg-inkscape/EinweggleichrichterTeil2_svg-tex.pdf

pdfTeX warning: pdflatex (file ./svg-inkscape/EinweggleichrichterTeil2_svg-tex.pdf): PDF inclusion: multiple pdfs with page group included in a single page
> <./svg-inkscape/EinweggleichrichterTeil2_svg-tex.pdf

pdfTeX warning: pdflatex (file ./svg-inkscape/EinweggleichrichterTeil2_svg-tex.pdf): PDF inclusion: multiple pdfs with page group included in a single page
>] (./Tikz/src/EinweggleichrichterTeil1.tex
\absvshift=\dimen431
)
Overfull \hbox (27.35863pt too wide) in paragraph at lines 9--510
[][] 
 []

Package svg Info: Last page of `./svg-inkscape/EinweggleichrichterTeil2_svg-tex.pdf' is 3 on input line 510.
(./svg-inkscape/EinweggleichrichterTeil2_svg-tex.pdf_tex
File: ./svg-inkscape/EinweggleichrichterTeil2_svg-tex.pdf Graphic file (type pdf)
<use ./svg-inkscape/EinweggleichrichterTeil2_svg-tex.pdf, page 1>
Package pdftex.def Info: ./svg-inkscape/EinweggleichrichterTeil2_svg-tex.pdf , page1 used on input line 56.
(pdftex.def)             Requested size: 215.10356pt x 111.51352pt.
File: ./svg-inkscape/EinweggleichrichterTeil2_svg-tex.pdf Graphic file (type pdf)
<use ./svg-inkscape/EinweggleichrichterTeil2_svg-tex.pdf, page 2>
Package pdftex.def Info: ./svg-inkscape/EinweggleichrichterTeil2_svg-tex.pdf , page2 used on input line 60.
(pdftex.def)             Requested size: 215.10356pt x 111.51352pt.
File: ./svg-inkscape/EinweggleichrichterTeil2_svg-tex.pdf Graphic file (type pdf)
<use ./svg-inkscape/EinweggleichrichterTeil2_svg-tex.pdf, page 3>
Package pdftex.def Info: ./svg-inkscape/EinweggleichrichterTeil2_svg-tex.pdf , page3 used on input line 63.
(pdftex.def)             Requested size: 215.10356pt x 111.51352pt.
) [81

] (./Tikz/src/EinweggleichrichterTeil1.tex
\absvshift=\dimen432
)
Overfull \hbox (27.35863pt too wide) in paragraph at lines 9--510
[][] 
 []

Package svg Info: Last page of `./svg-inkscape/EinweggleichrichterTeil2_svg-tex.pdf' is 3 on input line 510.
(./svg-inkscape/EinweggleichrichterTeil2_svg-tex.pdf_tex
File: ./svg-inkscape/EinweggleichrichterTeil2_svg-tex.pdf Graphic file (type pdf)
<use ./svg-inkscape/EinweggleichrichterTeil2_svg-tex.pdf, page 1>
Package pdftex.def Info: ./svg-inkscape/EinweggleichrichterTeil2_svg-tex.pdf , page1 used on input line 56.
(pdftex.def)             Requested size: 215.10356pt x 111.51352pt.
File: ./svg-inkscape/EinweggleichrichterTeil2_svg-tex.pdf Graphic file (type pdf)
<use ./svg-inkscape/EinweggleichrichterTeil2_svg-tex.pdf, page 2>
Package pdftex.def Info: ./svg-inkscape/EinweggleichrichterTeil2_svg-tex.pdf , page2 used on input line 60.
(pdftex.def)             Requested size: 215.10356pt x 111.51352pt.
File: ./svg-inkscape/EinweggleichrichterTeil2_svg-tex.pdf Graphic file (type pdf)
<use ./svg-inkscape/EinweggleichrichterTeil2_svg-tex.pdf, page 3>
Package pdftex.def Info: ./svg-inkscape/EinweggleichrichterTeil2_svg-tex.pdf , page3 used on input line 63.
(pdftex.def)             Requested size: 215.10356pt x 111.51352pt.
) [82

] (./Tikz/src/EinweggleichrichterTeil1.tex
\absvshift=\dimen433
)
Overfull \hbox (27.35863pt too wide) in paragraph at lines 9--510
[][] 
 []

Package svg Info: Last page of `./svg-inkscape/EinweggleichrichterTeil2_svg-tex.pdf' is 3 on input line 510.
(./svg-inkscape/EinweggleichrichterTeil2_svg-tex.pdf_tex
File: ./svg-inkscape/EinweggleichrichterTeil2_svg-tex.pdf Graphic file (type pdf)
<use ./svg-inkscape/EinweggleichrichterTeil2_svg-tex.pdf, page 1>
Package pdftex.def Info: ./svg-inkscape/EinweggleichrichterTeil2_svg-tex.pdf , page1 used on input line 56.
(pdftex.def)             Requested size: 215.10356pt x 111.51352pt.
File: ./svg-inkscape/EinweggleichrichterTeil2_svg-tex.pdf Graphic file (type pdf)
<use ./svg-inkscape/EinweggleichrichterTeil2_svg-tex.pdf, page 2>
Package pdftex.def Info: ./svg-inkscape/EinweggleichrichterTeil2_svg-tex.pdf , page2 used on input line 60.
(pdftex.def)             Requested size: 215.10356pt x 111.51352pt.
File: ./svg-inkscape/EinweggleichrichterTeil2_svg-tex.pdf Graphic file (type pdf)
<use ./svg-inkscape/EinweggleichrichterTeil2_svg-tex.pdf, page 3>
Package pdftex.def Info: ./svg-inkscape/EinweggleichrichterTeil2_svg-tex.pdf , page3 used on input line 63.
(pdftex.def)             Requested size: 215.10356pt x 111.51352pt.
) [83

] (./Tikz/src/FolienGleichrichterschaltung.tex) [84

] (./Tikz/src/FolienGleichrichterschaltung.tex) [85

]
Package svg Info: Last page of `./svg-inkscape/FolienSpannungsverlaufGleichrichter_svg-tex.pdf' is 4 on input line 545.
 (./svg-inkscape/FolienSpannungsverlaufGleichrichter_svg-tex.pdf_tex
<./svg-inkscape/FolienSpannungsverlaufGleichrichter_svg-tex.pdf, id=1021, page=1, 938.33643pt x 407.48994pt>
File: ./svg-inkscape/FolienSpannungsverlaufGleichrichter_svg-tex.pdf Graphic file (type pdf)
<use ./svg-inkscape/FolienSpannungsverlaufGleichrichter_svg-tex.pdf, page 1>
Package pdftex.def Info: ./svg-inkscape/FolienSpannungsverlaufGleichrichter_svg-tex.pdf , page1 used on input line 56.
(pdftex.def)             Requested size: 398.3386pt x 172.98506pt.
<./svg-inkscape/FolienSpannungsverlaufGleichrichter_svg-tex.pdf, id=1022, page=2, 938.33643pt x 407.48994pt>
File: ./svg-inkscape/FolienSpannungsverlaufGleichrichter_svg-tex.pdf Graphic file (type pdf)
<use ./svg-inkscape/FolienSpannungsverlaufGleichrichter_svg-tex.pdf, page 2>
Package pdftex.def Info: ./svg-inkscape/FolienSpannungsverlaufGleichrichter_svg-tex.pdf , page2 used on input line 59.
(pdftex.def)             Requested size: 398.3386pt x 172.98506pt.
<./svg-inkscape/FolienSpannungsverlaufGleichrichter_svg-tex.pdf, id=1023, page=3, 938.33643pt x 407.48994pt>
File: ./svg-inkscape/FolienSpannungsverlaufGleichrichter_svg-tex.pdf Graphic file (type pdf)
<use ./svg-inkscape/FolienSpannungsverlaufGleichrichter_svg-tex.pdf, page 3>
Package pdftex.def Info: ./svg-inkscape/FolienSpannungsverlaufGleichrichter_svg-tex.pdf , page3 used on input line 67.
(pdftex.def)             Requested size: 398.3386pt x 172.98506pt.
<./svg-inkscape/FolienSpannungsverlaufGleichrichter_svg-tex.pdf, id=1024, page=4, 938.33643pt x 407.48994pt>
File: ./svg-inkscape/FolienSpannungsverlaufGleichrichter_svg-tex.pdf Graphic file (type pdf)
<use ./svg-inkscape/FolienSpannungsverlaufGleichrichter_svg-tex.pdf, page 4>
Package pdftex.def Info: ./svg-inkscape/FolienSpannungsverlaufGleichrichter_svg-tex.pdf , page4 used on input line 69.
(pdftex.def)             Requested size: 398.3386pt x 172.98506pt.
) [86

 <./svg-inkscape/FolienSpannungsverlaufGleichrichter_svg-tex.pdf> <./svg-inkscape/FolienSpannungsverlaufGleichrichter_svg-tex.pdf

pdfTeX warning: pdflatex (file ./svg-inkscape/FolienSpannungsverlaufGleichrichter_svg-tex.pdf): PDF inclusion: multiple pdfs with page group included in a single page
> <./svg-inkscape/FolienSpannungsverlaufGleichrichter_svg-tex.pdf

pdfTeX warning: pdflatex (file ./svg-inkscape/FolienSpannungsverlaufGleichrichter_svg-tex.pdf): PDF inclusion: multiple pdfs with page group included in a single page
> <./svg-inkscape/FolienSpannungsverlaufGleichrichter_svg-tex.pdf

pdfTeX warning: pdflatex (file ./svg-inkscape/FolienSpannungsverlaufGleichrichter_svg-tex.pdf): PDF inclusion: multiple pdfs with page group included in a single page
>]
Package svg Info: Last page of `./svg-inkscape/FolienStromverlaufGleichrichter_svg-tex.pdf' is 4 on input line 558.
 (./svg-inkscape/FolienStromverlaufGleichrichter_svg-tex.pdf_tex
<./svg-inkscape/FolienStromverlaufGleichrichter_svg-tex.pdf, id=1035, page=1, 940.14243pt x 408.43095pt>
File: ./svg-inkscape/FolienStromverlaufGleichrichter_svg-tex.pdf Graphic file (type pdf)
<use ./svg-inkscape/FolienStromverlaufGleichrichter_svg-tex.pdf, page 1>
Package pdftex.def Info: ./svg-inkscape/FolienStromverlaufGleichrichter_svg-tex.pdf , page1 used on input line 56.
(pdftex.def)             Requested size: 398.3386pt x 173.05423pt.
<./svg-inkscape/FolienStromverlaufGleichrichter_svg-tex.pdf, id=1036, page=2, 940.14243pt x 408.43095pt>
File: ./svg-inkscape/FolienStromverlaufGleichrichter_svg-tex.pdf Graphic file (type pdf)
<use ./svg-inkscape/FolienStromverlaufGleichrichter_svg-tex.pdf, page 2>
Package pdftex.def Info: ./svg-inkscape/FolienStromverlaufGleichrichter_svg-tex.pdf , page2 used on input line 59.
(pdftex.def)             Requested size: 398.3386pt x 173.05423pt.
<./svg-inkscape/FolienStromverlaufGleichrichter_svg-tex.pdf, id=1037, page=3, 940.14243pt x 408.43095pt>
File: ./svg-inkscape/FolienStromverlaufGleichrichter_svg-tex.pdf Graphic file (type pdf)
<use ./svg-inkscape/FolienStromverlaufGleichrichter_svg-tex.pdf, page 3>
Package pdftex.def Info: ./svg-inkscape/FolienStromverlaufGleichrichter_svg-tex.pdf , page3 used on input line 64.
(pdftex.def)             Requested size: 398.3386pt x 173.05423pt.
<./svg-inkscape/FolienStromverlaufGleichrichter_svg-tex.pdf, id=1038, page=4, 940.14243pt x 408.43095pt>
File: ./svg-inkscape/FolienStromverlaufGleichrichter_svg-tex.pdf Graphic file (type pdf)
<use ./svg-inkscape/FolienStromverlaufGleichrichter_svg-tex.pdf, page 4>
Package pdftex.def Info: ./svg-inkscape/FolienStromverlaufGleichrichter_svg-tex.pdf , page4 used on input line 67.
(pdftex.def)             Requested size: 398.3386pt x 173.05423pt.
) [87

 <./svg-inkscape/FolienStromverlaufGleichrichter_svg-tex.pdf> <./svg-inkscape/FolienStromverlaufGleichrichter_svg-tex.pdf

pdfTeX warning: pdflatex (file ./svg-inkscape/FolienStromverlaufGleichrichter_svg-tex.pdf): PDF inclusion: multiple pdfs with page group included in a single page
> <./svg-inkscape/FolienStromverlaufGleichrichter_svg-tex.pdf

pdfTeX warning: pdflatex (file ./svg-inkscape/FolienStromverlaufGleichrichter_svg-tex.pdf): PDF inclusion: multiple pdfs with page group included in a single page
> <./svg-inkscape/FolienStromverlaufGleichrichter_svg-tex.pdf

pdfTeX warning: pdflatex (file ./svg-inkscape/FolienStromverlaufGleichrichter_svg-tex.pdf): PDF inclusion: multiple pdfs with page group included in a single page
>] (./Tikz/src/Brueckengleichrichter_1.tex
\absvshift=\dimen434
) [88

]
Package svg Info: Last page of `./svg-inkscape/BrueckengleichrichterSignalverlaeufe_svg-tex.pdf' is 4 on input line 586.
 (./svg-inkscape/BrueckengleichrichterSignalverlaeufe_svg-tex.pdf_tex
<./svg-inkscape/BrueckengleichrichterSignalverlaeufe_svg-tex.pdf, id=1058, page=1, 326.35623pt x 170.08057pt>
File: ./svg-inkscape/BrueckengleichrichterSignalverlaeufe_svg-tex.pdf Graphic file (type pdf)
<use ./svg-inkscape/BrueckengleichrichterSignalverlaeufe_svg-tex.pdf, page 1>
Package pdftex.def Info: ./svg-inkscape/BrueckengleichrichterSignalverlaeufe_svg-tex.pdf , page1 used on input line 56.
(pdftex.def)             Requested size: 278.83578pt x 145.31917pt.
<./svg-inkscape/BrueckengleichrichterSignalverlaeufe_svg-tex.pdf, id=1059, page=2, 326.35623pt x 170.08057pt>
File: ./svg-inkscape/BrueckengleichrichterSignalverlaeufe_svg-tex.pdf Graphic file (type pdf)
<use ./svg-inkscape/BrueckengleichrichterSignalverlaeufe_svg-tex.pdf, page 2>
Package pdftex.def Info: ./svg-inkscape/BrueckengleichrichterSignalverlaeufe_svg-tex.pdf , page2 used on input line 59.
(pdftex.def)             Requested size: 278.83578pt x 145.31917pt.
<./svg-inkscape/BrueckengleichrichterSignalverlaeufe_svg-tex.pdf, id=1060, page=3, 326.35623pt x 170.08057pt>
File: ./svg-inkscape/BrueckengleichrichterSignalverlaeufe_svg-tex.pdf Graphic file (type pdf)
<use ./svg-inkscape/BrueckengleichrichterSignalverlaeufe_svg-tex.pdf, page 3>
Package pdftex.def Info: ./svg-inkscape/BrueckengleichrichterSignalverlaeufe_svg-tex.pdf , page3 used on input line 62.
(pdftex.def)             Requested size: 278.83578pt x 145.31917pt.
<./svg-inkscape/BrueckengleichrichterSignalverlaeufe_svg-tex.pdf, id=1061, page=4, 326.35623pt x 170.08057pt>
File: ./svg-inkscape/BrueckengleichrichterSignalverlaeufe_svg-tex.pdf Graphic file (type pdf)
<use ./svg-inkscape/BrueckengleichrichterSignalverlaeufe_svg-tex.pdf, page 4>
Package pdftex.def Info: ./svg-inkscape/BrueckengleichrichterSignalverlaeufe_svg-tex.pdf , page4 used on input line 64.
(pdftex.def)             Requested size: 278.83578pt x 145.31917pt.
) [89

 <./svg-inkscape/BrueckengleichrichterSignalverlaeufe_svg-tex.pdf> <./svg-inkscape/BrueckengleichrichterSignalverlaeufe_svg-tex.pdf

pdfTeX warning: pdflatex (file ./svg-inkscape/BrueckengleichrichterSignalverlaeufe_svg-tex.pdf): PDF inclusion: multiple pdfs with page group included in a single page
> <./svg-inkscape/BrueckengleichrichterSignalverlaeufe_svg-tex.pdf

pdfTeX warning: pdflatex (file ./svg-inkscape/BrueckengleichrichterSignalverlaeufe_svg-tex.pdf): PDF inclusion: multiple pdfs with page group included in a single page
> <./svg-inkscape/BrueckengleichrichterSignalverlaeufe_svg-tex.pdf

pdfTeX warning: pdflatex (file ./svg-inkscape/BrueckengleichrichterSignalverlaeufe_svg-tex.pdf): PDF inclusion: multiple pdfs with page group included in a single page
>] (./Tikz/src/FigBrueckengleichrichterGlaettungskondensator.tex
\absvshift=\dimen435
) [90

] (./Tikz/src/Brueckengleichrichter_2.tex
\absvshift=\dimen436
)
Overfull \hbox (1.73924pt too wide) in paragraph at lines 25--619
[][] 
 []

(./Tikz/src/Brueckengleichrichter_3.tex
\absvshift=\dimen437
) [91

] (./Tikz/src/FolieDelonschaltung.tex
\absvshift=\dimen438
) [92

] (./Tikz/src/FolieDelonschaltung.tex
\absvshift=\dimen439
) [93

] (./Tikz/src/FolieDelonschaltung.tex
\absvshift=\dimen440
) [94

] (./Tikz/src/FolieDelonschaltung.tex
\absvshift=\dimen441
) [95

] [96

] [97

] [98

] (./Tikz/src/UebersichtBipolartransistoren.tex)
Overfull \vbox (23.34724pt too high) detected at line 696
 []

[99

]
Package svg Info: Last page of `./svg-inkscape/VerhaltenUnbeschalteterBipolartransistor_svg-tex.pdf' is 4 on input line 719.
 (./svg-inkscape/VerhaltenUnbeschalteterBipolartransistor_svg-tex.pdf_tex
<./svg-inkscape/VerhaltenUnbeschalteterBipolartransistor_svg-tex.pdf, id=1141, page=1, 447.22328pt x 349.11238pt>
File: ./svg-inkscape/VerhaltenUnbeschalteterBipolartransistor_svg-tex.pdf Graphic file (type pdf)
<use ./svg-inkscape/VerhaltenUnbeschalteterBipolartransistor_svg-tex.pdf, page 1>
Package pdftex.def Info: ./svg-inkscape/VerhaltenUnbeschalteterBipolartransistor_svg-tex.pdf , page1 used on input line 56.
(pdftex.def)             Requested size: 199.1693pt x 155.47438pt.
<./svg-inkscape/VerhaltenUnbeschalteterBipolartransistor_svg-tex.pdf, id=1142, page=2, 447.22328pt x 349.11238pt>
File: ./svg-inkscape/VerhaltenUnbeschalteterBipolartransistor_svg-tex.pdf Graphic file (type pdf)
<use ./svg-inkscape/VerhaltenUnbeschalteterBipolartransistor_svg-tex.pdf, page 2>
Package pdftex.def Info: ./svg-inkscape/VerhaltenUnbeschalteterBipolartransistor_svg-tex.pdf , page2 used on input line 60.
(pdftex.def)             Requested size: 199.1693pt x 155.47438pt.
<./svg-inkscape/VerhaltenUnbeschalteterBipolartransistor_svg-tex.pdf, id=1143, page=3, 447.22328pt x 349.11238pt>
File: ./svg-inkscape/VerhaltenUnbeschalteterBipolartransistor_svg-tex.pdf Graphic file (type pdf)
<use ./svg-inkscape/VerhaltenUnbeschalteterBipolartransistor_svg-tex.pdf, page 3>
Package pdftex.def Info: ./svg-inkscape/VerhaltenUnbeschalteterBipolartransistor_svg-tex.pdf , page3 used on input line 65.
(pdftex.def)             Requested size: 199.1693pt x 155.47438pt.
<./svg-inkscape/VerhaltenUnbeschalteterBipolartransistor_svg-tex.pdf, id=1144, page=4, 447.22328pt x 349.11238pt>
File: ./svg-inkscape/VerhaltenUnbeschalteterBipolartransistor_svg-tex.pdf Graphic file (type pdf)
<use ./svg-inkscape/VerhaltenUnbeschalteterBipolartransistor_svg-tex.pdf, page 4>
Package pdftex.def Info: ./svg-inkscape/VerhaltenUnbeschalteterBipolartransistor_svg-tex.pdf , page4 used on input line 67.
(pdftex.def)             Requested size: 199.1693pt x 155.47438pt.
) [100

 <./svg-inkscape/VerhaltenUnbeschalteterBipolartransistor_svg-tex.pdf> <./svg-inkscape/VerhaltenUnbeschalteterBipolartransistor_svg-tex.pdf

pdfTeX warning: pdflatex (file ./svg-inkscape/VerhaltenUnbeschalteterBipolartransistor_svg-tex.pdf): PDF inclusion: multiple pdfs with page group included in a single page
> <./svg-inkscape/VerhaltenUnbeschalteterBipolartransistor_svg-tex.pdf

pdfTeX warning: pdflatex (file ./svg-inkscape/VerhaltenUnbeschalteterBipolartransistor_svg-tex.pdf): PDF inclusion: multiple pdfs with page group included in a single page
> <./svg-inkscape/VerhaltenUnbeschalteterBipolartransistor_svg-tex.pdf

pdfTeX warning: pdflatex (file ./svg-inkscape/VerhaltenUnbeschalteterBipolartransistor_svg-tex.pdf): PDF inclusion: multiple pdfs with page group included in a single page
>]
Package svg Info: Last page of `./svg-inkscape/BipolartransistorMitKollektor-Emitter-Spannung_svg-tex.pdf' is 3 on input line 732.
 (./svg-inkscape/BipolartransistorMitKollektor-Emitter-Spannung_svg-tex.pdf_tex
<./svg-inkscape/BipolartransistorMitKollektor-Emitter-Spannung_svg-tex.pdf, id=1155, page=1, 498.50223pt x 369.42696pt>
File: ./svg-inkscape/BipolartransistorMitKollektor-Emitter-Spannung_svg-tex.pdf Graphic file (type pdf)
<use ./svg-inkscape/BipolartransistorMitKollektor-Emitter-Spannung_svg-tex.pdf, page 1>
Package pdftex.def Info: ./svg-inkscape/BipolartransistorMitKollektor-Emitter-Spannung_svg-tex.pdf , page1 used on input line 56.
(pdftex.def)             Requested size: 258.91765pt x 191.872pt.
<./svg-inkscape/BipolartransistorMitKollektor-Emitter-Spannung_svg-tex.pdf, id=1156, page=2, 498.50223pt x 369.42696pt>
File: ./svg-inkscape/BipolartransistorMitKollektor-Emitter-Spannung_svg-tex.pdf Graphic file (type pdf)
<use ./svg-inkscape/BipolartransistorMitKollektor-Emitter-Spannung_svg-tex.pdf, page 2>
Package pdftex.def Info: ./svg-inkscape/BipolartransistorMitKollektor-Emitter-Spannung_svg-tex.pdf , page2 used on input line 60.
(pdftex.def)             Requested size: 258.91765pt x 191.872pt.
<./svg-inkscape/BipolartransistorMitKollektor-Emitter-Spannung_svg-tex.pdf, id=1157, page=3, 498.50223pt x 369.42696pt>
File: ./svg-inkscape/BipolartransistorMitKollektor-Emitter-Spannung_svg-tex.pdf Graphic file (type pdf)
<use ./svg-inkscape/BipolartransistorMitKollektor-Emitter-Spannung_svg-tex.pdf, page 3>
Package pdftex.def Info: ./svg-inkscape/BipolartransistorMitKollektor-Emitter-Spannung_svg-tex.pdf , page3 used on input line 64.
(pdftex.def)             Requested size: 258.91765pt x 191.872pt.
) [101

 <./svg-inkscape/BipolartransistorMitKollektor-Emitter-Spannung_svg-tex.pdf> <./svg-inkscape/BipolartransistorMitKollektor-Emitter-Spannung_svg-tex.pdf

pdfTeX warning: pdflatex (file ./svg-inkscape/BipolartransistorMitKollektor-Emitter-Spannung_svg-tex.pdf): PDF inclusion: multiple pdfs with page group included in a single page
> <./svg-inkscape/BipolartransistorMitKollektor-Emitter-Spannung_svg-tex.pdf

pdfTeX warning: pdflatex (file ./svg-inkscape/BipolartransistorMitKollektor-Emitter-Spannung_svg-tex.pdf): PDF inclusion: multiple pdfs with page group included in a single page
>]
Package svg Info: Last page of `./svg-inkscape/BeschalteterBipolartransistor_svg-tex.pdf' is 5 on input line 748.
 (./svg-inkscape/BeschalteterBipolartransistor_svg-tex.pdf_tex
<./svg-inkscape/BeschalteterBipolartransistor_svg-tex.pdf, id=1168, page=1, 498.50226pt x 379.96631pt>
File: ./svg-inkscape/BeschalteterBipolartransistor_svg-tex.pdf Graphic file (type pdf)
<use ./svg-inkscape/BeschalteterBipolartransistor_svg-tex.pdf, page 1>
Package pdftex.def Info: ./svg-inkscape/BeschalteterBipolartransistor_svg-tex.pdf , page1 used on input line 56.
(pdftex.def)             Requested size: 278.83578pt x 212.53036pt.
<./svg-inkscape/BeschalteterBipolartransistor_svg-tex.pdf, id=1169, page=2, 498.50226pt x 379.96631pt>
File: ./svg-inkscape/BeschalteterBipolartransistor_svg-tex.pdf Graphic file (type pdf)
<use ./svg-inkscape/BeschalteterBipolartransistor_svg-tex.pdf, page 2>
Package pdftex.def Info: ./svg-inkscape/BeschalteterBipolartransistor_svg-tex.pdf , page2 used on input line 60.
(pdftex.def)             Requested size: 278.83578pt x 212.53036pt.
<./svg-inkscape/BeschalteterBipolartransistor_svg-tex.pdf, id=1170, page=3, 498.50226pt x 379.96631pt>
File: ./svg-inkscape/BeschalteterBipolartransistor_svg-tex.pdf Graphic file (type pdf)
<use ./svg-inkscape/BeschalteterBipolartransistor_svg-tex.pdf, page 3>
Package pdftex.def Info: ./svg-inkscape/BeschalteterBipolartransistor_svg-tex.pdf , page3 used on input line 62.
(pdftex.def)             Requested size: 278.83578pt x 212.53036pt.
<./svg-inkscape/BeschalteterBipolartransistor_svg-tex.pdf, id=1171, page=4, 498.50226pt x 379.96631pt>
File: ./svg-inkscape/BeschalteterBipolartransistor_svg-tex.pdf Graphic file (type pdf)
<use ./svg-inkscape/BeschalteterBipolartransistor_svg-tex.pdf, page 4>
Package pdftex.def Info: ./svg-inkscape/BeschalteterBipolartransistor_svg-tex.pdf , page4 used on input line 67.
(pdftex.def)             Requested size: 278.83578pt x 212.53036pt.
<./svg-inkscape/BeschalteterBipolartransistor_svg-tex.pdf, id=1172, page=5, 498.50226pt x 379.96631pt>
File: ./svg-inkscape/BeschalteterBipolartransistor_svg-tex.pdf Graphic file (type pdf)
<use ./svg-inkscape/BeschalteterBipolartransistor_svg-tex.pdf, page 5>
Package pdftex.def Info: ./svg-inkscape/BeschalteterBipolartransistor_svg-tex.pdf , page5 used on input line 69.
(pdftex.def)             Requested size: 278.83578pt x 212.53036pt.
)
Overfull \vbox (27.13135pt too high) detected at line 748
 []

[102

 <./svg-inkscape/BeschalteterBipolartransistor_svg-tex.pdf> <./svg-inkscape/BeschalteterBipolartransistor_svg-tex.pdf

pdfTeX warning: pdflatex (file ./svg-inkscape/BeschalteterBipolartransistor_svg-tex.pdf): PDF inclusion: multiple pdfs with page group included in a single page
> <./svg-inkscape/BeschalteterBipolartransistor_svg-tex.pdf

pdfTeX warning: pdflatex (file ./svg-inkscape/BeschalteterBipolartransistor_svg-tex.pdf): PDF inclusion: multiple pdfs with page group included in a single page
> <./svg-inkscape/BeschalteterBipolartransistor_svg-tex.pdf

pdfTeX warning: pdflatex (file ./svg-inkscape/BeschalteterBipolartransistor_svg-tex.pdf): PDF inclusion: multiple pdfs with page group included in a single page
> <./svg-inkscape/BeschalteterBipolartransistor_svg-tex.pdf

pdfTeX warning: pdflatex (file ./svg-inkscape/BeschalteterBipolartransistor_svg-tex.pdf): PDF inclusion: multiple pdfs with page group included in a single page
>] [103

] [104

] (./Tikz/src/StroemeUndSpannungenBeimBipolartransistor_1.tex) (./Tikz/src/StroemeUndSpannungenBeimBipolartransistor_2.tex) [105

] (./Tikz/src/StroemeUndSpannungenBeimBipolartransistor_1.tex) (./Tikz/src/StroemeUndSpannungenBeimBipolartransistor_2.tex) [106

] (./Tikz/src/EKBGrundschaltungen2.tex
\absvshift=\dimen442
)
Overfull \hbox (8.88174pt too wide) in paragraph at lines 834--834
[][]  
 []

(./Tikz/src/TransistorACVerstaerker.tex
\absvshift=\dimen443
\absvshift=\dimen444
\absvshift=\dimen445
\absvshift=\dimen446
)
Overfull \hbox (6.36354pt too wide) in paragraph at lines 834--834
 [][]
 []

[107

] (./Tikz/src/EKBGrundschaltungen2.tex
\absvshift=\dimen447
)
Overfull \hbox (8.88174pt too wide) in paragraph at lines 834--834
[][]  
 []

(./Tikz/src/TransistorACVerstaerker.tex
\absvshift=\dimen448
\absvshift=\dimen449
\absvshift=\dimen450
\absvshift=\dimen451
)
Overfull \hbox (6.36354pt too wide) in paragraph at lines 834--834
 [][]
 []

[108

] (./Tikz/src/FigTransistorspannungen.tex
\absvshift=\dimen452
\absvshift=\dimen453
\absvshift=\dimen454
) [109

] (./Tikz/src/FigTransistorspannungen.tex
\absvshift=\dimen455
\absvshift=\dimen456
\absvshift=\dimen457
) [110

] (./Tikz/src/FigTransistorspannungen.tex
\absvshift=\dimen458
\absvshift=\dimen459
\absvshift=\dimen460
) [111

] (./Tikz/src/FigTransistorspannungen.tex
\absvshift=\dimen461
\absvshift=\dimen462
\absvshift=\dimen463
) [112

] (./Tikz/src/FigTransistorspannungen.tex
\absvshift=\dimen464
\absvshift=\dimen465
\absvshift=\dimen466
) [113

] (./Tikz/src/FigTransistorspannungen.tex
\absvshift=\dimen467
\absvshift=\dimen468
\absvshift=\dimen469
) [114

] (./Tikz/src/FigTransistorspannungen.tex
\absvshift=\dimen470
\absvshift=\dimen471
\absvshift=\dimen472
) [115

] (./Tikz/src/FigTransistorspannungen.tex
\absvshift=\dimen473
\absvshift=\dimen474
\absvshift=\dimen475
) [116

] (./Tikz/src/FigTransistorspannungen.tex
\absvshift=\dimen476
\absvshift=\dimen477
\absvshift=\dimen478
) [117

] (./Tikz/src/FigTransistorspannungen.tex
\absvshift=\dimen479
\absvshift=\dimen480
\absvshift=\dimen481
) [118

] (./Tikz/src/EingangskennlinieTransistor.tex
\absvshift=\dimen482
\absvshift=\dimen483
\absvshift=\dimen484
)
Overfull \hbox (0.61043pt too wide) in paragraph at lines 915--915
[][]  
 []

Package svg Info: Last page of `./svg-inkscape/EingangskennlinieEinesNpnTransistors_svg-tex.pdf' is 2 on input line 915.
(./svg-inkscape/EingangskennlinieEinesNpnTransistors_svg-tex.pdf_tex
<./svg-inkscape/EingangskennlinieEinesNpnTransistors_svg-tex.pdf, id=1287, page=1, 457.30875pt x 350.19275pt>
File: ./svg-inkscape/EingangskennlinieEinesNpnTransistors_svg-tex.pdf Graphic file (type pdf)
<use ./svg-inkscape/EingangskennlinieEinesNpnTransistors_svg-tex.pdf, page 1>
Package pdftex.def Info: ./svg-inkscape/EingangskennlinieEinesNpnTransistors_svg-tex.pdf , page1 used on input line 56.
(pdftex.def)             Requested size: 191.20082pt x 146.41734pt.
<./svg-inkscape/EingangskennlinieEinesNpnTransistors_svg-tex.pdf, id=1288, page=2, 457.30875pt x 350.19275pt>
File: ./svg-inkscape/EingangskennlinieEinesNpnTransistors_svg-tex.pdf Graphic file (type pdf)
<use ./svg-inkscape/EingangskennlinieEinesNpnTransistors_svg-tex.pdf, page 2>
Package pdftex.def Info: ./svg-inkscape/EingangskennlinieEinesNpnTransistors_svg-tex.pdf , page2 used on input line 58.
(pdftex.def)             Requested size: 191.20082pt x 146.41734pt.
)
Overfull \vbox (0.49599pt too high) detected at line 915
 []

[119

 <./svg-inkscape/EingangskennlinieEinesNpnTransistors_svg-tex.pdf> <./svg-inkscape/EingangskennlinieEinesNpnTransistors_svg-tex.pdf

pdfTeX warning: pdflatex (file ./svg-inkscape/EingangskennlinieEinesNpnTransistors_svg-tex.pdf): PDF inclusion: multiple pdfs with page group included in a single page
>] (./Tikz/src/EingangskennlinieTransistor.tex
\absvshift=\dimen485
\absvshift=\dimen486
\absvshift=\dimen487
)
Overfull \hbox (0.61043pt too wide) in paragraph at lines 915--915
[][]  
 []

Package svg Info: Last page of `./svg-inkscape/EingangskennlinieEinesNpnTransistors_svg-tex.pdf' is 2 on input line 915.
(./svg-inkscape/EingangskennlinieEinesNpnTransistors_svg-tex.pdf_tex
File: ./svg-inkscape/EingangskennlinieEinesNpnTransistors_svg-tex.pdf Graphic file (type pdf)
<use ./svg-inkscape/EingangskennlinieEinesNpnTransistors_svg-tex.pdf, page 1>
Package pdftex.def Info: ./svg-inkscape/EingangskennlinieEinesNpnTransistors_svg-tex.pdf , page1 used on input line 56.
(pdftex.def)             Requested size: 191.20082pt x 146.41734pt.
File: ./svg-inkscape/EingangskennlinieEinesNpnTransistors_svg-tex.pdf Graphic file (type pdf)
<use ./svg-inkscape/EingangskennlinieEinesNpnTransistors_svg-tex.pdf, page 2>
Package pdftex.def Info: ./svg-inkscape/EingangskennlinieEinesNpnTransistors_svg-tex.pdf , page2 used on input line 58.
(pdftex.def)             Requested size: 191.20082pt x 146.41734pt.
)
Overfull \vbox (0.49599pt too high) detected at line 915
 []

[120

] (./Tikz/src/EingangskennlinieTransistor.tex
\absvshift=\dimen488
\absvshift=\dimen489
\absvshift=\dimen490
)
Overfull \hbox (0.61043pt too wide) in paragraph at lines 915--915
[][]  
 []

Package svg Info: Last page of `./svg-inkscape/EingangskennlinieEinesNpnTransistors_svg-tex.pdf' is 2 on input line 915.
(./svg-inkscape/EingangskennlinieEinesNpnTransistors_svg-tex.pdf_tex
File: ./svg-inkscape/EingangskennlinieEinesNpnTransistors_svg-tex.pdf Graphic file (type pdf)
<use ./svg-inkscape/EingangskennlinieEinesNpnTransistors_svg-tex.pdf, page 1>
Package pdftex.def Info: ./svg-inkscape/EingangskennlinieEinesNpnTransistors_svg-tex.pdf , page1 used on input line 56.
(pdftex.def)             Requested size: 191.20082pt x 146.41734pt.
File: ./svg-inkscape/EingangskennlinieEinesNpnTransistors_svg-tex.pdf Graphic file (type pdf)
<use ./svg-inkscape/EingangskennlinieEinesNpnTransistors_svg-tex.pdf, page 2>
Package pdftex.def Info: ./svg-inkscape/EingangskennlinieEinesNpnTransistors_svg-tex.pdf , page2 used on input line 58.
(pdftex.def)             Requested size: 191.20082pt x 146.41734pt.
)
Overfull \vbox (0.49599pt too high) detected at line 915
 []

[121

] [122

] [123

]
Package svg Info: Last page of `./svg-inkscape/AusgangskennlinienfeldEinesNpnTransistors_svg-tex.pdf' is 5 on input line 955.
 (./svg-inkscape/AusgangskennlinienfeldEinesNpnTransistors_svg-tex.pdf_tex
<./svg-inkscape/AusgangskennlinienfeldEinesNpnTransistors_svg-tex.pdf, id=1328, page=1, 598.42952pt x 231.4802pt>
File: ./svg-inkscape/AusgangskennlinienfeldEinesNpnTransistors_svg-tex.pdf Graphic file (type pdf)
<use ./svg-inkscape/AusgangskennlinienfeldEinesNpnTransistors_svg-tex.pdf, page 1>
Package pdftex.def Info: ./svg-inkscape/AusgangskennlinienfeldEinesNpnTransistors_svg-tex.pdf , page1 used on input line 56.
(pdftex.def)             Requested size: 398.3386pt x 154.0878pt.
<./svg-inkscape/AusgangskennlinienfeldEinesNpnTransistors_svg-tex.pdf, id=1329, page=2, 598.42952pt x 231.4802pt>
File: ./svg-inkscape/AusgangskennlinienfeldEinesNpnTransistors_svg-tex.pdf Graphic file (type pdf)
<use ./svg-inkscape/AusgangskennlinienfeldEinesNpnTransistors_svg-tex.pdf, page 2>
Package pdftex.def Info: ./svg-inkscape/AusgangskennlinienfeldEinesNpnTransistors_svg-tex.pdf , page2 used on input line 58.
(pdftex.def)             Requested size: 398.3386pt x 154.0878pt.
<./svg-inkscape/AusgangskennlinienfeldEinesNpnTransistors_svg-tex.pdf, id=1330, page=3, 598.42952pt x 231.4802pt>
File: ./svg-inkscape/AusgangskennlinienfeldEinesNpnTransistors_svg-tex.pdf Graphic file (type pdf)
<use ./svg-inkscape/AusgangskennlinienfeldEinesNpnTransistors_svg-tex.pdf, page 3>
Package pdftex.def Info: ./svg-inkscape/AusgangskennlinienfeldEinesNpnTransistors_svg-tex.pdf , page3 used on input line 60.
(pdftex.def)             Requested size: 398.3386pt x 154.0878pt.
<./svg-inkscape/AusgangskennlinienfeldEinesNpnTransistors_svg-tex.pdf, id=1331, page=4, 598.42952pt x 231.4802pt>
File: ./svg-inkscape/AusgangskennlinienfeldEinesNpnTransistors_svg-tex.pdf Graphic file (type pdf)
<use ./svg-inkscape/AusgangskennlinienfeldEinesNpnTransistors_svg-tex.pdf, page 4>
Package pdftex.def Info: ./svg-inkscape/AusgangskennlinienfeldEinesNpnTransistors_svg-tex.pdf , page4 used on input line 68.
(pdftex.def)             Requested size: 398.3386pt x 154.0878pt.
<./svg-inkscape/AusgangskennlinienfeldEinesNpnTransistors_svg-tex.pdf, id=1332, page=5, 598.42952pt x 231.4802pt>
File: ./svg-inkscape/AusgangskennlinienfeldEinesNpnTransistors_svg-tex.pdf Graphic file (type pdf)
<use ./svg-inkscape/AusgangskennlinienfeldEinesNpnTransistors_svg-tex.pdf, page 5>
Package pdftex.def Info: ./svg-inkscape/AusgangskennlinienfeldEinesNpnTransistors_svg-tex.pdf , page5 used on input line 71.
(pdftex.def)             Requested size: 398.3386pt x 154.0878pt.
) [124

 <./svg-inkscape/AusgangskennlinienfeldEinesNpnTransistors_svg-tex.pdf> <./svg-inkscape/AusgangskennlinienfeldEinesNpnTransistors_svg-tex.pdf

pdfTeX warning: pdflatex (file ./svg-inkscape/AusgangskennlinienfeldEinesNpnTransistors_svg-tex.pdf): PDF inclusion: multiple pdfs with page group included in a single page
> <./svg-inkscape/AusgangskennlinienfeldEinesNpnTransistors_svg-tex.pdf

pdfTeX warning: pdflatex (file ./svg-inkscape/AusgangskennlinienfeldEinesNpnTransistors_svg-tex.pdf): PDF inclusion: multiple pdfs with page group included in a single page
> <./svg-inkscape/AusgangskennlinienfeldEinesNpnTransistors_svg-tex.pdf

pdfTeX warning: pdflatex (file ./svg-inkscape/AusgangskennlinienfeldEinesNpnTransistors_svg-tex.pdf): PDF inclusion: multiple pdfs with page group included in a single page
> <./svg-inkscape/AusgangskennlinienfeldEinesNpnTransistors_svg-tex.pdf

pdfTeX warning: pdflatex (file ./svg-inkscape/AusgangskennlinienfeldEinesNpnTransistors_svg-tex.pdf): PDF inclusion: multiple pdfs with page group included in a single page
>] (./Tikz/src/SchaltungFolieAusgangskennlinie.tex
\absvshift=\dimen491
\absvshift=\dimen492
)
Package svg Info: Last page of `./svg-inkscape/FolienAusgangskennlinie_svg-tex.pdf' is 3 on input line 982.
 (./svg-inkscape/FolienAusgangskennlinie_svg-tex.pdf_tex
<./svg-inkscape/FolienAusgangskennlinie_svg-tex.pdf, id=1344, page=1, 673.53285pt x 409.69875pt>
File: ./svg-inkscape/FolienAusgangskennlinie_svg-tex.pdf Graphic file (type pdf)
<use ./svg-inkscape/FolienAusgangskennlinie_svg-tex.pdf, page 1>
Package pdftex.def Info: ./svg-inkscape/FolienAusgangskennlinie_svg-tex.pdf , page1 used on input line 56.
(pdftex.def)             Requested size: 239.00558pt x 145.38467pt.
<./svg-inkscape/FolienAusgangskennlinie_svg-tex.pdf, id=1345, page=2, 673.53285pt x 409.69875pt>
File: ./svg-inkscape/FolienAusgangskennlinie_svg-tex.pdf Graphic file (type pdf)
<use ./svg-inkscape/FolienAusgangskennlinie_svg-tex.pdf, page 2>
Package pdftex.def Info: ./svg-inkscape/FolienAusgangskennlinie_svg-tex.pdf , page2 used on input line 59.
(pdftex.def)             Requested size: 239.00558pt x 145.38467pt.
<./svg-inkscape/FolienAusgangskennlinie_svg-tex.pdf, id=1346, page=3, 673.53285pt x 409.69875pt>
File: ./svg-inkscape/FolienAusgangskennlinie_svg-tex.pdf Graphic file (type pdf)
<use ./svg-inkscape/FolienAusgangskennlinie_svg-tex.pdf, page 3>
Package pdftex.def Info: ./svg-inkscape/FolienAusgangskennlinie_svg-tex.pdf , page3 used on input line 69.
(pdftex.def)             Requested size: 239.00558pt x 145.38467pt.
) [125

 <./svg-inkscape/FolienAusgangskennlinie_svg-tex.pdf> <./svg-inkscape/FolienAusgangskennlinie_svg-tex.pdf

pdfTeX warning: pdflatex (file ./svg-inkscape/FolienAusgangskennlinie_svg-tex.pdf): PDF inclusion: multiple pdfs with page group included in a single page
> <./svg-inkscape/FolienAusgangskennlinie_svg-tex.pdf

pdfTeX warning: pdflatex (file ./svg-inkscape/FolienAusgangskennlinie_svg-tex.pdf): PDF inclusion: multiple pdfs with page group included in a single page
>] (./Tikz/src/SchaltungFolieAusgangskennlinie.tex
\absvshift=\dimen493
\absvshift=\dimen494
)
Package svg Info: Last page of `./svg-inkscape/FolienAusgangskennlinie_svg-tex.pdf' is 3 on input line 982.
 (./svg-inkscape/FolienAusgangskennlinie_svg-tex.pdf_tex
File: ./svg-inkscape/FolienAusgangskennlinie_svg-tex.pdf Graphic file (type pdf)
<use ./svg-inkscape/FolienAusgangskennlinie_svg-tex.pdf, page 1>
Package pdftex.def Info: ./svg-inkscape/FolienAusgangskennlinie_svg-tex.pdf , page1 used on input line 56.
(pdftex.def)             Requested size: 239.00558pt x 145.38467pt.
File: ./svg-inkscape/FolienAusgangskennlinie_svg-tex.pdf Graphic file (type pdf)
<use ./svg-inkscape/FolienAusgangskennlinie_svg-tex.pdf, page 2>
Package pdftex.def Info: ./svg-inkscape/FolienAusgangskennlinie_svg-tex.pdf , page2 used on input line 59.
(pdftex.def)             Requested size: 239.00558pt x 145.38467pt.
File: ./svg-inkscape/FolienAusgangskennlinie_svg-tex.pdf Graphic file (type pdf)
<use ./svg-inkscape/FolienAusgangskennlinie_svg-tex.pdf, page 3>
Package pdftex.def Info: ./svg-inkscape/FolienAusgangskennlinie_svg-tex.pdf , page3 used on input line 69.
(pdftex.def)             Requested size: 239.00558pt x 145.38467pt.
) [126

] [127

] [128

] [129

] (./Tikz/src/SchaltungFolieAusgangskennlinie.tex
\absvshift=\dimen495
\absvshift=\dimen496
)
Package svg Info: Last page of `./svg-inkscape/FolienStromsteuerungskennlinie_svg-tex.pdf' is 4 on input line 1038.
 (./svg-inkscape/FolienStromsteuerungskennlinie_svg-tex.pdf_tex
<./svg-inkscape/FolienStromsteuerungskennlinie_svg-tex.pdf, id=1384, page=1, 685.8634pt x 412.03918pt>
File: ./svg-inkscape/FolienStromsteuerungskennlinie_svg-tex.pdf Graphic file (type pdf)
<use ./svg-inkscape/FolienStromsteuerungskennlinie_svg-tex.pdf, page 1>
Package pdftex.def Info: ./svg-inkscape/FolienStromsteuerungskennlinie_svg-tex.pdf , page1 used on input line 56.
(pdftex.def)             Requested size: 191.20082pt x 114.86092pt.
<./svg-inkscape/FolienStromsteuerungskennlinie_svg-tex.pdf, id=1385, page=2, 685.8634pt x 412.03918pt>
File: ./svg-inkscape/FolienStromsteuerungskennlinie_svg-tex.pdf Graphic file (type pdf)
<use ./svg-inkscape/FolienStromsteuerungskennlinie_svg-tex.pdf, page 2>
Package pdftex.def Info: ./svg-inkscape/FolienStromsteuerungskennlinie_svg-tex.pdf , page2 used on input line 59.
(pdftex.def)             Requested size: 191.20082pt x 114.86092pt.
<./svg-inkscape/FolienStromsteuerungskennlinie_svg-tex.pdf, id=1386, page=3, 685.8634pt x 412.03918pt>
File: ./svg-inkscape/FolienStromsteuerungskennlinie_svg-tex.pdf Graphic file (type pdf)
<use ./svg-inkscape/FolienStromsteuerungskennlinie_svg-tex.pdf, page 3>
Package pdftex.def Info: ./svg-inkscape/FolienStromsteuerungskennlinie_svg-tex.pdf , page3 used on input line 69.
(pdftex.def)             Requested size: 191.20082pt x 114.86092pt.
<./svg-inkscape/FolienStromsteuerungskennlinie_svg-tex.pdf, id=1387, page=4, 685.8634pt x 412.03918pt>
File: ./svg-inkscape/FolienStromsteuerungskennlinie_svg-tex.pdf Graphic file (type pdf)
<use ./svg-inkscape/FolienStromsteuerungskennlinie_svg-tex.pdf, page 4>
Package pdftex.def Info: ./svg-inkscape/FolienStromsteuerungskennlinie_svg-tex.pdf , page4 used on input line 72.
(pdftex.def)             Requested size: 191.20082pt x 114.86092pt.
) [130

 <./svg-inkscape/FolienStromsteuerungskennlinie_svg-tex.pdf> <./svg-inkscape/FolienStromsteuerungskennlinie_svg-tex.pdf

pdfTeX warning: pdflatex (file ./svg-inkscape/FolienStromsteuerungskennlinie_svg-tex.pdf): PDF inclusion: multiple pdfs with page group included in a single page
> <./svg-inkscape/FolienStromsteuerungskennlinie_svg-tex.pdf

pdfTeX warning: pdflatex (file ./svg-inkscape/FolienStromsteuerungskennlinie_svg-tex.pdf): PDF inclusion: multiple pdfs with page group included in a single page
> <./svg-inkscape/FolienStromsteuerungskennlinie_svg-tex.pdf

pdfTeX warning: pdflatex (file ./svg-inkscape/FolienStromsteuerungskennlinie_svg-tex.pdf): PDF inclusion: multiple pdfs with page group included in a single page
>] (./Tikz/src/SchaltungFolieAusgangskennlinie.tex
\absvshift=\dimen497
\absvshift=\dimen498
)
Package svg Info: Last page of `./svg-inkscape/FolienStromsteuerungskennlinie_svg-tex.pdf' is 4 on input line 1038.
 (./svg-inkscape/FolienStromsteuerungskennlinie_svg-tex.pdf_tex
File: ./svg-inkscape/FolienStromsteuerungskennlinie_svg-tex.pdf Graphic file (type pdf)
<use ./svg-inkscape/FolienStromsteuerungskennlinie_svg-tex.pdf, page 1>
Package pdftex.def Info: ./svg-inkscape/FolienStromsteuerungskennlinie_svg-tex.pdf , page1 used on input line 56.
(pdftex.def)             Requested size: 191.20082pt x 114.86092pt.
File: ./svg-inkscape/FolienStromsteuerungskennlinie_svg-tex.pdf Graphic file (type pdf)
<use ./svg-inkscape/FolienStromsteuerungskennlinie_svg-tex.pdf, page 2>
Package pdftex.def Info: ./svg-inkscape/FolienStromsteuerungskennlinie_svg-tex.pdf , page2 used on input line 59.
(pdftex.def)             Requested size: 191.20082pt x 114.86092pt.
File: ./svg-inkscape/FolienStromsteuerungskennlinie_svg-tex.pdf Graphic file (type pdf)
<use ./svg-inkscape/FolienStromsteuerungskennlinie_svg-tex.pdf, page 3>
Package pdftex.def Info: ./svg-inkscape/FolienStromsteuerungskennlinie_svg-tex.pdf , page3 used on input line 69.
(pdftex.def)             Requested size: 191.20082pt x 114.86092pt.
File: ./svg-inkscape/FolienStromsteuerungskennlinie_svg-tex.pdf Graphic file (type pdf)
<use ./svg-inkscape/FolienStromsteuerungskennlinie_svg-tex.pdf, page 4>
Package pdftex.def Info: ./svg-inkscape/FolienStromsteuerungskennlinie_svg-tex.pdf , page4 used on input line 72.
(pdftex.def)             Requested size: 191.20082pt x 114.86092pt.
) [131

]
Package svg Info: Last page of `./svg-inkscape/FolienStromsteuerungskennlinieKurvenschar_svg-tex.pdf' is 5 on input line 1055.
 (./svg-inkscape/FolienStromsteuerungskennlinieKurvenschar_svg-tex.pdf_tex
<./svg-inkscape/FolienStromsteuerungskennlinieKurvenschar_svg-tex.pdf, id=1405, page=1, 663.86183pt x 407.30118pt>
File: ./svg-inkscape/FolienStromsteuerungskennlinieKurvenschar_svg-tex.pdf Graphic file (type pdf)
<use ./svg-inkscape/FolienStromsteuerungskennlinieKurvenschar_svg-tex.pdf, page 1>
Package pdftex.def Info: ./svg-inkscape/FolienStromsteuerungskennlinieKurvenschar_svg-tex.pdf , page1 used on input line 56.
(pdftex.def)             Requested size: 398.3386pt x 244.39502pt.
<./svg-inkscape/FolienStromsteuerungskennlinieKurvenschar_svg-tex.pdf, id=1406, page=2, 663.86183pt x 407.30118pt>
File: ./svg-inkscape/FolienStromsteuerungskennlinieKurvenschar_svg-tex.pdf Graphic file (type pdf)
<use ./svg-inkscape/FolienStromsteuerungskennlinieKurvenschar_svg-tex.pdf, page 2>
Package pdftex.def Info: ./svg-inkscape/FolienStromsteuerungskennlinieKurvenschar_svg-tex.pdf , page2 used on input line 59.
(pdftex.def)             Requested size: 398.3386pt x 244.39502pt.
<./svg-inkscape/FolienStromsteuerungskennlinieKurvenschar_svg-tex.pdf, id=1407, page=3, 663.86183pt x 407.30118pt>
File: ./svg-inkscape/FolienStromsteuerungskennlinieKurvenschar_svg-tex.pdf Graphic file (type pdf)
<use ./svg-inkscape/FolienStromsteuerungskennlinieKurvenschar_svg-tex.pdf, page 3>
Package pdftex.def Info: ./svg-inkscape/FolienStromsteuerungskennlinieKurvenschar_svg-tex.pdf , page3 used on input line 69.
(pdftex.def)             Requested size: 398.3386pt x 244.39502pt.
<./svg-inkscape/FolienStromsteuerungskennlinieKurvenschar_svg-tex.pdf, id=1408, page=4, 663.86183pt x 407.30118pt>
File: ./svg-inkscape/FolienStromsteuerungskennlinieKurvenschar_svg-tex.pdf Graphic file (type pdf)
<use ./svg-inkscape/FolienStromsteuerungskennlinieKurvenschar_svg-tex.pdf, page 4>
Package pdftex.def Info: ./svg-inkscape/FolienStromsteuerungskennlinieKurvenschar_svg-tex.pdf , page4 used on input line 72.
(pdftex.def)             Requested size: 398.3386pt x 244.39502pt.
<./svg-inkscape/FolienStromsteuerungskennlinieKurvenschar_svg-tex.pdf, id=1409, page=5, 663.86183pt x 407.30118pt>
File: ./svg-inkscape/FolienStromsteuerungskennlinieKurvenschar_svg-tex.pdf Graphic file (type pdf)
<use ./svg-inkscape/FolienStromsteuerungskennlinieKurvenschar_svg-tex.pdf, page 5>
Package pdftex.def Info: ./svg-inkscape/FolienStromsteuerungskennlinieKurvenschar_svg-tex.pdf , page5 used on input line 74.
(pdftex.def)             Requested size: 398.3386pt x 244.39502pt.
)
Overfull \vbox (1.2814pt too high) detected at line 1055
 []

[132

 <./svg-inkscape/FolienStromsteuerungskennlinieKurvenschar_svg-tex.pdf> <./svg-inkscape/FolienStromsteuerungskennlinieKurvenschar_svg-tex.pdf

pdfTeX warning: pdflatex (file ./svg-inkscape/FolienStromsteuerungskennlinieKurvenschar_svg-tex.pdf): PDF inclusion: multiple pdfs with page group included in a single page
> <./svg-inkscape/FolienStromsteuerungskennlinieKurvenschar_svg-tex.pdf

pdfTeX warning: pdflatex (file ./svg-inkscape/FolienStromsteuerungskennlinieKurvenschar_svg-tex.pdf): PDF inclusion: multiple pdfs with page group included in a single page
> <./svg-inkscape/FolienStromsteuerungskennlinieKurvenschar_svg-tex.pdf

pdfTeX warning: pdflatex (file ./svg-inkscape/FolienStromsteuerungskennlinieKurvenschar_svg-tex.pdf): PDF inclusion: multiple pdfs with page group included in a single page
> <./svg-inkscape/FolienStromsteuerungskennlinieKurvenschar_svg-tex.pdf

pdfTeX warning: pdflatex (file ./svg-inkscape/FolienStromsteuerungskennlinieKurvenschar_svg-tex.pdf): PDF inclusion: multiple pdfs with page group included in a single page
>]
Package svg Info: Last page of `./svg-inkscape/FolienRueckwirkungskennlinie_svg-tex.pdf' is 4 on input line 1072.
 (./svg-inkscape/FolienRueckwirkungskennlinie_svg-tex.pdf_tex
<./svg-inkscape/FolienRueckwirkungskennlinie_svg-tex.pdf, id=1420, page=1, 774.45837pt x 327.82225pt>
File: ./svg-inkscape/FolienRueckwirkungskennlinie_svg-tex.pdf Graphic file (type pdf)
<use ./svg-inkscape/FolienRueckwirkungskennlinie_svg-tex.pdf, page 1>
Package pdftex.def Info: ./svg-inkscape/FolienRueckwirkungskennlinie_svg-tex.pdf , page1 used on input line 56.
(pdftex.def)             Requested size: 398.3386pt x 168.61774pt.
<./svg-inkscape/FolienRueckwirkungskennlinie_svg-tex.pdf, id=1421, page=2, 774.45837pt x 327.82225pt>
File: ./svg-inkscape/FolienRueckwirkungskennlinie_svg-tex.pdf Graphic file (type pdf)
<use ./svg-inkscape/FolienRueckwirkungskennlinie_svg-tex.pdf, page 2>
Package pdftex.def Info: ./svg-inkscape/FolienRueckwirkungskennlinie_svg-tex.pdf , page2 used on input line 59.
(pdftex.def)             Requested size: 398.3386pt x 168.61774pt.
<./svg-inkscape/FolienRueckwirkungskennlinie_svg-tex.pdf, id=1422, page=3, 774.45837pt x 327.82225pt>
File: ./svg-inkscape/FolienRueckwirkungskennlinie_svg-tex.pdf Graphic file (type pdf)
<use ./svg-inkscape/FolienRueckwirkungskennlinie_svg-tex.pdf, page 3>
Package pdftex.def Info: ./svg-inkscape/FolienRueckwirkungskennlinie_svg-tex.pdf , page3 used on input line 67.
(pdftex.def)             Requested size: 398.3386pt x 168.61774pt.
<./svg-inkscape/FolienRueckwirkungskennlinie_svg-tex.pdf, id=1423, page=4, 774.45837pt x 327.82225pt>
File: ./svg-inkscape/FolienRueckwirkungskennlinie_svg-tex.pdf Graphic file (type pdf)
<use ./svg-inkscape/FolienRueckwirkungskennlinie_svg-tex.pdf, page 4>
Package pdftex.def Info: ./svg-inkscape/FolienRueckwirkungskennlinie_svg-tex.pdf , page4 used on input line 77.
(pdftex.def)             Requested size: 398.3386pt x 168.61774pt.
) [133

 <./svg-inkscape/FolienRueckwirkungskennlinie_svg-tex.pdf> <./svg-inkscape/FolienRueckwirkungskennlinie_svg-tex.pdf

pdfTeX warning: pdflatex (file ./svg-inkscape/FolienRueckwirkungskennlinie_svg-tex.pdf): PDF inclusion: multiple pdfs with page group included in a single page
> <./svg-inkscape/FolienRueckwirkungskennlinie_svg-tex.pdf

pdfTeX warning: pdflatex (file ./svg-inkscape/FolienRueckwirkungskennlinie_svg-tex.pdf): PDF inclusion: multiple pdfs with page group included in a single page
> <./svg-inkscape/FolienRueckwirkungskennlinie_svg-tex.pdf

pdfTeX warning: pdflatex (file ./svg-inkscape/FolienRueckwirkungskennlinie_svg-tex.pdf): PDF inclusion: multiple pdfs with page group included in a single page
>]
Package svg Info: Last page of `./svg-inkscape/Vierquadranten-KennlinienfeldEinesNpnTransistors_svg-tex.pdf' is 6 on input line 1095.
 (./svg-inkscape/Vierquadranten-KennlinienfeldEinesNpnTransistors_svg-tex.pdf_tex
<./svg-inkscape/Vierquadranten-KennlinienfeldEinesNpnTransistors_svg-tex.pdf, id=1435, page=1, 527.89745pt x 444.32053pt>
File: ./svg-inkscape/Vierquadranten-KennlinienfeldEinesNpnTransistors_svg-tex.pdf Graphic file (type pdf)
<use ./svg-inkscape/Vierquadranten-KennlinienfeldEinesNpnTransistors_svg-tex.pdf, page 1>
Package pdftex.def Info: ./svg-inkscape/Vierquadranten-KennlinienfeldEinesNpnTransistors_svg-tex.pdf , page1 used on input line 56.
(pdftex.def)             Requested size: 263.94873pt x 222.16649pt.
<./svg-inkscape/Vierquadranten-KennlinienfeldEinesNpnTransistors_svg-tex.pdf, id=1436, page=2, 527.89745pt x 444.32053pt>
File: ./svg-inkscape/Vierquadranten-KennlinienfeldEinesNpnTransistors_svg-tex.pdf Graphic file (type pdf)
<use ./svg-inkscape/Vierquadranten-KennlinienfeldEinesNpnTransistors_svg-tex.pdf, page 2>
Package pdftex.def Info: ./svg-inkscape/Vierquadranten-KennlinienfeldEinesNpnTransistors_svg-tex.pdf , page2 used on input line 76.
(pdftex.def)             Requested size: 263.94873pt x 222.16649pt.
<./svg-inkscape/Vierquadranten-KennlinienfeldEinesNpnTransistors_svg-tex.pdf, id=1437, page=3, 527.89745pt x 444.32053pt>
File: ./svg-inkscape/Vierquadranten-KennlinienfeldEinesNpnTransistors_svg-tex.pdf Graphic file (type pdf)
<use ./svg-inkscape/Vierquadranten-KennlinienfeldEinesNpnTransistors_svg-tex.pdf, page 3>
Package pdftex.def Info: ./svg-inkscape/Vierquadranten-KennlinienfeldEinesNpnTransistors_svg-tex.pdf , page3 used on input line 78.
(pdftex.def)             Requested size: 263.94873pt x 222.16649pt.
<./svg-inkscape/Vierquadranten-KennlinienfeldEinesNpnTransistors_svg-tex.pdf, id=1438, page=4, 527.89745pt x 444.32053pt>
File: ./svg-inkscape/Vierquadranten-KennlinienfeldEinesNpnTransistors_svg-tex.pdf Graphic file (type pdf)
<use ./svg-inkscape/Vierquadranten-KennlinienfeldEinesNpnTransistors_svg-tex.pdf, page 4>
Package pdftex.def Info: ./svg-inkscape/Vierquadranten-KennlinienfeldEinesNpnTransistors_svg-tex.pdf , page4 used on input line 80.
(pdftex.def)             Requested size: 263.94873pt x 222.16649pt.
<./svg-inkscape/Vierquadranten-KennlinienfeldEinesNpnTransistors_svg-tex.pdf, id=1439, page=5, 527.89745pt x 444.32053pt>
File: ./svg-inkscape/Vierquadranten-KennlinienfeldEinesNpnTransistors_svg-tex.pdf Graphic file (type pdf)
<use ./svg-inkscape/Vierquadranten-KennlinienfeldEinesNpnTransistors_svg-tex.pdf, page 5>
Package pdftex.def Info: ./svg-inkscape/Vierquadranten-KennlinienfeldEinesNpnTransistors_svg-tex.pdf , page5 used on input line 82.
(pdftex.def)             Requested size: 263.94873pt x 222.16649pt.
<./svg-inkscape/Vierquadranten-KennlinienfeldEinesNpnTransistors_svg-tex.pdf, id=1440, page=6, 527.89745pt x 444.32053pt>
File: ./svg-inkscape/Vierquadranten-KennlinienfeldEinesNpnTransistors_svg-tex.pdf Graphic file (type pdf)
<use ./svg-inkscape/Vierquadranten-KennlinienfeldEinesNpnTransistors_svg-tex.pdf, page 6>
Package pdftex.def Info: ./svg-inkscape/Vierquadranten-KennlinienfeldEinesNpnTransistors_svg-tex.pdf , page6 used on input line 91.
(pdftex.def)             Requested size: 263.94873pt x 222.16649pt.
) [134

 <./svg-inkscape/Vierquadranten-KennlinienfeldEinesNpnTransistors_svg-tex.pdf> <./svg-inkscape/Vierquadranten-KennlinienfeldEinesNpnTransistors_svg-tex.pdf

pdfTeX warning: pdflatex (file ./svg-inkscape/Vierquadranten-KennlinienfeldEinesNpnTransistors_svg-tex.pdf): PDF inclusion: multiple pdfs with page group included in a single page
> <./svg-inkscape/Vierquadranten-KennlinienfeldEinesNpnTransistors_svg-tex.pdf

pdfTeX warning: pdflatex (file ./svg-inkscape/Vierquadranten-KennlinienfeldEinesNpnTransistors_svg-tex.pdf): PDF inclusion: multiple pdfs with page group included in a single page
> <./svg-inkscape/Vierquadranten-KennlinienfeldEinesNpnTransistors_svg-tex.pdf

pdfTeX warning: pdflatex (file ./svg-inkscape/Vierquadranten-KennlinienfeldEinesNpnTransistors_svg-tex.pdf): PDF inclusion: multiple pdfs with page group included in a single page
> <./svg-inkscape/Vierquadranten-KennlinienfeldEinesNpnTransistors_svg-tex.pdf

pdfTeX warning: pdflatex (file ./svg-inkscape/Vierquadranten-KennlinienfeldEinesNpnTransistors_svg-tex.pdf): PDF inclusion: multiple pdfs with page group included in a single page
> <./svg-inkscape/Vierquadranten-KennlinienfeldEinesNpnTransistors_svg-tex.pdf

pdfTeX warning: pdflatex (file ./svg-inkscape/Vierquadranten-KennlinienfeldEinesNpnTransistors_svg-tex.pdf): PDF inclusion: multiple pdfs with page group included in a single page
>] (./Bilder/kap2/ErsatzschaltbildEinesBipolartransistors/ErsatzschaltbildEinesBipolartransistors_1.tex
\absvshift=\dimen499
\absvshift=\dimen500
)
Overfull \hbox (6.65237pt too wide) in paragraph at lines 1127--1127
[][]  
 []

(./Bilder/kap2/ErsatzschaltbildEinesBipolartransistors/ErsatzschaltbildEinesBipolartransistors_2.tex
\absvshift=\dimen501
\absvshift=\dimen502
) [135

] (./Bilder/kap2/ErsatzschaltbildEinesBipolartransistors/ErsatzschaltbildEinesBipolartransistors_1.tex
\absvshift=\dimen503
\absvshift=\dimen504
)
Overfull \hbox (6.65237pt too wide) in paragraph at lines 1127--1127
[][]  
 []

(./Bilder/kap2/ErsatzschaltbildEinesBipolartransistors/ErsatzschaltbildEinesBipolartransistors_2.tex
\absvshift=\dimen505
\absvshift=\dimen506
) [136

] [137

] [138

]
Package svg Info: Last page of `./svg-inkscape/ArbeitenMitTransistorkennlinie_svg-tex.pdf' is 4 on input line 1174.
 (./svg-inkscape/ArbeitenMitTransistorkennlinie_svg-tex.pdf_tex
<./svg-inkscape/ArbeitenMitTransistorkennlinie_svg-tex.pdf, id=1478, page=1, 500.0732pt x 333.5082pt>
File: ./svg-inkscape/ArbeitenMitTransistorkennlinie_svg-tex.pdf Graphic file (type pdf)
<use ./svg-inkscape/ArbeitenMitTransistorkennlinie_svg-tex.pdf, page 1>
Package pdftex.def Info: ./svg-inkscape/ArbeitenMitTransistorkennlinie_svg-tex.pdf , page1 used on input line 56.
(pdftex.def)             Requested size: 500.07318pt x 333.51245pt.
<./svg-inkscape/ArbeitenMitTransistorkennlinie_svg-tex.pdf, id=1479, page=2, 500.0732pt x 333.5082pt>
File: ./svg-inkscape/ArbeitenMitTransistorkennlinie_svg-tex.pdf Graphic file (type pdf)
<use ./svg-inkscape/ArbeitenMitTransistorkennlinie_svg-tex.pdf, page 2>
Package pdftex.def Info: ./svg-inkscape/ArbeitenMitTransistorkennlinie_svg-tex.pdf , page2 used on input line 75.
(pdftex.def)             Requested size: 500.07318pt x 333.51245pt.
<./svg-inkscape/ArbeitenMitTransistorkennlinie_svg-tex.pdf, id=1480, page=3, 500.0732pt x 333.5082pt>
File: ./svg-inkscape/ArbeitenMitTransistorkennlinie_svg-tex.pdf Graphic file (type pdf)
<use ./svg-inkscape/ArbeitenMitTransistorkennlinie_svg-tex.pdf, page 3>
Package pdftex.def Info: ./svg-inkscape/ArbeitenMitTransistorkennlinie_svg-tex.pdf , page3 used on input line 78.
(pdftex.def)             Requested size: 500.07318pt x 333.51245pt.
<./svg-inkscape/ArbeitenMitTransistorkennlinie_svg-tex.pdf, id=1481, page=4, 500.0732pt x 333.5082pt>
File: ./svg-inkscape/ArbeitenMitTransistorkennlinie_svg-tex.pdf Graphic file (type pdf)
<use ./svg-inkscape/ArbeitenMitTransistorkennlinie_svg-tex.pdf, page 4>
Package pdftex.def Info: ./svg-inkscape/ArbeitenMitTransistorkennlinie_svg-tex.pdf , page4 used on input line 88.
(pdftex.def)             Requested size: 500.07318pt x 333.51245pt.
)
Overfull \hbox (60.66077pt too wide) in paragraph at lines 1174--1174
[][]  
 []

(./Tikz/src/BeispieleinerTransistorschaltungzurBestimmungvonrelevantenParametern.tex
\absvshift=\dimen507
\absvshift=\dimen508
) [139

 <./svg-inkscape/ArbeitenMitTransistorkennlinie_svg-tex.pdf> <./svg-inkscape/ArbeitenMitTransistorkennlinie_svg-tex.pdf

pdfTeX warning: pdflatex (file ./svg-inkscape/ArbeitenMitTransistorkennlinie_svg-tex.pdf): PDF inclusion: multiple pdfs with page group included in a single page
> <./svg-inkscape/ArbeitenMitTransistorkennlinie_svg-tex.pdf

pdfTeX warning: pdflatex (file ./svg-inkscape/ArbeitenMitTransistorkennlinie_svg-tex.pdf): PDF inclusion: multiple pdfs with page group included in a single page
> <./svg-inkscape/ArbeitenMitTransistorkennlinie_svg-tex.pdf

pdfTeX warning: pdflatex (file ./svg-inkscape/ArbeitenMitTransistorkennlinie_svg-tex.pdf): PDF inclusion: multiple pdfs with page group included in a single page
>]
Package svg Info: Last page of `./svg-inkscape/Vierquadranten-KennlinienfeldMitArbeitspunkt_svg-tex.pdf' is 7 on input line 1186.
 (./svg-inkscape/Vierquadranten-KennlinienfeldMitArbeitspunkt_svg-tex.pdf_tex
<./svg-inkscape/Vierquadranten-KennlinienfeldMitArbeitspunkt_svg-tex.pdf, id=1493, page=1, 527.89745pt x 444.32056pt>
File: ./svg-inkscape/Vierquadranten-KennlinienfeldMitArbeitspunkt_svg-tex.pdf Graphic file (type pdf)
<use ./svg-inkscape/Vierquadranten-KennlinienfeldMitArbeitspunkt_svg-tex.pdf, page 1>
Package pdftex.def Info: ./svg-inkscape/Vierquadranten-KennlinienfeldMitArbeitspunkt_svg-tex.pdf , page1 used on input line 56.
(pdftex.def)             Requested size: 263.94873pt x 222.1665pt.
<./svg-inkscape/Vierquadranten-KennlinienfeldMitArbeitspunkt_svg-tex.pdf, id=1494, page=2, 527.89745pt x 444.32056pt>
File: ./svg-inkscape/Vierquadranten-KennlinienfeldMitArbeitspunkt_svg-tex.pdf Graphic file (type pdf)
<use ./svg-inkscape/Vierquadranten-KennlinienfeldMitArbeitspunkt_svg-tex.pdf, page 2>
Package pdftex.def Info: ./svg-inkscape/Vierquadranten-KennlinienfeldMitArbeitspunkt_svg-tex.pdf , page2 used on input line 74.
(pdftex.def)             Requested size: 263.94873pt x 222.1665pt.
<./svg-inkscape/Vierquadranten-KennlinienfeldMitArbeitspunkt_svg-tex.pdf, id=1495, page=3, 527.89745pt x 444.32056pt>
File: ./svg-inkscape/Vierquadranten-KennlinienfeldMitArbeitspunkt_svg-tex.pdf Graphic file (type pdf)
<use ./svg-inkscape/Vierquadranten-KennlinienfeldMitArbeitspunkt_svg-tex.pdf, page 3>
Package pdftex.def Info: ./svg-inkscape/Vierquadranten-KennlinienfeldMitArbeitspunkt_svg-tex.pdf , page3 used on input line 79.
(pdftex.def)             Requested size: 263.94873pt x 222.1665pt.
<./svg-inkscape/Vierquadranten-KennlinienfeldMitArbeitspunkt_svg-tex.pdf, id=1496, page=4, 527.89745pt x 444.32056pt>
File: ./svg-inkscape/Vierquadranten-KennlinienfeldMitArbeitspunkt_svg-tex.pdf Graphic file (type pdf)
<use ./svg-inkscape/Vierquadranten-KennlinienfeldMitArbeitspunkt_svg-tex.pdf, page 4>
Package pdftex.def Info: ./svg-inkscape/Vierquadranten-KennlinienfeldMitArbeitspunkt_svg-tex.pdf , page4 used on input line 84.
(pdftex.def)             Requested size: 263.94873pt x 222.1665pt.
<./svg-inkscape/Vierquadranten-KennlinienfeldMitArbeitspunkt_svg-tex.pdf, id=1497, page=5, 527.89745pt x 444.32056pt>
File: ./svg-inkscape/Vierquadranten-KennlinienfeldMitArbeitspunkt_svg-tex.pdf Graphic file (type pdf)
<use ./svg-inkscape/Vierquadranten-KennlinienfeldMitArbeitspunkt_svg-tex.pdf, page 5>
Package pdftex.def Info: ./svg-inkscape/Vierquadranten-KennlinienfeldMitArbeitspunkt_svg-tex.pdf , page5 used on input line 89.
(pdftex.def)             Requested size: 263.94873pt x 222.1665pt.
<./svg-inkscape/Vierquadranten-KennlinienfeldMitArbeitspunkt_svg-tex.pdf, id=1498, page=6, 527.89745pt x 444.32056pt>
File: ./svg-inkscape/Vierquadranten-KennlinienfeldMitArbeitspunkt_svg-tex.pdf Graphic file (type pdf)
<use ./svg-inkscape/Vierquadranten-KennlinienfeldMitArbeitspunkt_svg-tex.pdf, page 6>
Package pdftex.def Info: ./svg-inkscape/Vierquadranten-KennlinienfeldMitArbeitspunkt_svg-tex.pdf , page6 used on input line 91.
(pdftex.def)             Requested size: 263.94873pt x 222.1665pt.
<./svg-inkscape/Vierquadranten-KennlinienfeldMitArbeitspunkt_svg-tex.pdf, id=1499, page=7, 527.89745pt x 444.32056pt>
File: ./svg-inkscape/Vierquadranten-KennlinienfeldMitArbeitspunkt_svg-tex.pdf Graphic file (type pdf)
<use ./svg-inkscape/Vierquadranten-KennlinienfeldMitArbeitspunkt_svg-tex.pdf, page 7>
Package pdftex.def Info: ./svg-inkscape/Vierquadranten-KennlinienfeldMitArbeitspunkt_svg-tex.pdf , page7 used on input line 93.
(pdftex.def)             Requested size: 263.94873pt x 222.1665pt.
) [140

 <./svg-inkscape/Vierquadranten-KennlinienfeldMitArbeitspunkt_svg-tex.pdf> <./svg-inkscape/Vierquadranten-KennlinienfeldMitArbeitspunkt_svg-tex.pdf

pdfTeX warning: pdflatex (file ./svg-inkscape/Vierquadranten-KennlinienfeldMitArbeitspunkt_svg-tex.pdf): PDF inclusion: multiple pdfs with page group included in a single page
> <./svg-inkscape/Vierquadranten-KennlinienfeldMitArbeitspunkt_svg-tex.pdf

pdfTeX warning: pdflatex (file ./svg-inkscape/Vierquadranten-KennlinienfeldMitArbeitspunkt_svg-tex.pdf): PDF inclusion: multiple pdfs with page group included in a single page
> <./svg-inkscape/Vierquadranten-KennlinienfeldMitArbeitspunkt_svg-tex.pdf

pdfTeX warning: pdflatex (file ./svg-inkscape/Vierquadranten-KennlinienfeldMitArbeitspunkt_svg-tex.pdf): PDF inclusion: multiple pdfs with page group included in a single page
> <./svg-inkscape/Vierquadranten-KennlinienfeldMitArbeitspunkt_svg-tex.pdf

pdfTeX warning: pdflatex (file ./svg-inkscape/Vierquadranten-KennlinienfeldMitArbeitspunkt_svg-tex.pdf): PDF inclusion: multiple pdfs with page group included in a single page
> <./svg-inkscape/Vierquadranten-KennlinienfeldMitArbeitspunkt_svg-tex.pdf

pdfTeX warning: pdflatex (file ./svg-inkscape/Vierquadranten-KennlinienfeldMitArbeitspunkt_svg-tex.pdf): PDF inclusion: multiple pdfs with page group included in a single page
> <./svg-inkscape/Vierquadranten-KennlinienfeldMitArbeitspunkt_svg-tex.pdf

pdfTeX warning: pdflatex (file ./svg-inkscape/Vierquadranten-KennlinienfeldMitArbeitspunkt_svg-tex.pdf): PDF inclusion: multiple pdfs with page group included in a single page
>] [141

] [142

] [143

] [144

]
Package svg Info: Last page of `./svg-inkscape/Vierquadranten-KennlinienfeldBeiACEingangssignal_svg-tex.pdf' is 6 on input line 1240.
 (./svg-inkscape/Vierquadranten-KennlinienfeldBeiACEingangssignal_svg-tex.pdf_tex
<./svg-inkscape/Vierquadranten-KennlinienfeldBeiACEingangssignal_svg-tex.pdf, id=1537, page=1, 527.89745pt x 444.32056pt>
File: ./svg-inkscape/Vierquadranten-KennlinienfeldBeiACEingangssignal_svg-tex.pdf Graphic file (type pdf)
<use ./svg-inkscape/Vierquadranten-KennlinienfeldBeiACEingangssignal_svg-tex.pdf, page 1>
Package pdftex.def Info: ./svg-inkscape/Vierquadranten-KennlinienfeldBeiACEingangssignal_svg-tex.pdf , page1 used on input line 56.
(pdftex.def)             Requested size: 263.94873pt x 222.1665pt.
<./svg-inkscape/Vierquadranten-KennlinienfeldBeiACEingangssignal_svg-tex.pdf, id=1538, page=2, 527.89745pt x 444.32056pt>
File: ./svg-inkscape/Vierquadranten-KennlinienfeldBeiACEingangssignal_svg-tex.pdf Graphic file (type pdf)
<use ./svg-inkscape/Vierquadranten-KennlinienfeldBeiACEingangssignal_svg-tex.pdf, page 2>
Package pdftex.def Info: ./svg-inkscape/Vierquadranten-KennlinienfeldBeiACEingangssignal_svg-tex.pdf , page2 used on input line 68.
(pdftex.def)             Requested size: 263.94873pt x 222.1665pt.
<./svg-inkscape/Vierquadranten-KennlinienfeldBeiACEingangssignal_svg-tex.pdf, id=1539, page=3, 527.89745pt x 444.32056pt>
File: ./svg-inkscape/Vierquadranten-KennlinienfeldBeiACEingangssignal_svg-tex.pdf Graphic file (type pdf)
<use ./svg-inkscape/Vierquadranten-KennlinienfeldBeiACEingangssignal_svg-tex.pdf, page 3>
Package pdftex.def Info: ./svg-inkscape/Vierquadranten-KennlinienfeldBeiACEingangssignal_svg-tex.pdf , page3 used on input line 73.
(pdftex.def)             Requested size: 263.94873pt x 222.1665pt.
<./svg-inkscape/Vierquadranten-KennlinienfeldBeiACEingangssignal_svg-tex.pdf, id=1540, page=4, 527.89745pt x 444.32056pt>
File: ./svg-inkscape/Vierquadranten-KennlinienfeldBeiACEingangssignal_svg-tex.pdf Graphic file (type pdf)
<use ./svg-inkscape/Vierquadranten-KennlinienfeldBeiACEingangssignal_svg-tex.pdf, page 4>
Package pdftex.def Info: ./svg-inkscape/Vierquadranten-KennlinienfeldBeiACEingangssignal_svg-tex.pdf , page4 used on input line 83.
(pdftex.def)             Requested size: 263.94873pt x 222.1665pt.
<./svg-inkscape/Vierquadranten-KennlinienfeldBeiACEingangssignal_svg-tex.pdf, id=1541, page=5, 527.89745pt x 444.32056pt>
File: ./svg-inkscape/Vierquadranten-KennlinienfeldBeiACEingangssignal_svg-tex.pdf Graphic file (type pdf)
<use ./svg-inkscape/Vierquadranten-KennlinienfeldBeiACEingangssignal_svg-tex.pdf, page 5>
Package pdftex.def Info: ./svg-inkscape/Vierquadranten-KennlinienfeldBeiACEingangssignal_svg-tex.pdf , page5 used on input line 85.
(pdftex.def)             Requested size: 263.94873pt x 222.1665pt.
<./svg-inkscape/Vierquadranten-KennlinienfeldBeiACEingangssignal_svg-tex.pdf, id=1542, page=6, 527.89745pt x 444.32056pt>
File: ./svg-inkscape/Vierquadranten-KennlinienfeldBeiACEingangssignal_svg-tex.pdf Graphic file (type pdf)
<use ./svg-inkscape/Vierquadranten-KennlinienfeldBeiACEingangssignal_svg-tex.pdf, page 6>
Package pdftex.def Info: ./svg-inkscape/Vierquadranten-KennlinienfeldBeiACEingangssignal_svg-tex.pdf , page6 used on input line 87.
(pdftex.def)             Requested size: 263.94873pt x 222.1665pt.
) [145

 <./svg-inkscape/Vierquadranten-KennlinienfeldBeiACEingangssignal_svg-tex.pdf> <./svg-inkscape/Vierquadranten-KennlinienfeldBeiACEingangssignal_svg-tex.pdf

pdfTeX warning: pdflatex (file ./svg-inkscape/Vierquadranten-KennlinienfeldBeiACEingangssignal_svg-tex.pdf): PDF inclusion: multiple pdfs with page group included in a single page
> <./svg-inkscape/Vierquadranten-KennlinienfeldBeiACEingangssignal_svg-tex.pdf

pdfTeX warning: pdflatex (file ./svg-inkscape/Vierquadranten-KennlinienfeldBeiACEingangssignal_svg-tex.pdf): PDF inclusion: multiple pdfs with page group included in a single page
> <./svg-inkscape/Vierquadranten-KennlinienfeldBeiACEingangssignal_svg-tex.pdf

pdfTeX warning: pdflatex (file ./svg-inkscape/Vierquadranten-KennlinienfeldBeiACEingangssignal_svg-tex.pdf): PDF inclusion: multiple pdfs with page group included in a single page
> <./svg-inkscape/Vierquadranten-KennlinienfeldBeiACEingangssignal_svg-tex.pdf

pdfTeX warning: pdflatex (file ./svg-inkscape/Vierquadranten-KennlinienfeldBeiACEingangssignal_svg-tex.pdf): PDF inclusion: multiple pdfs with page group included in a single page
> <./svg-inkscape/Vierquadranten-KennlinienfeldBeiACEingangssignal_svg-tex.pdf

pdfTeX warning: pdflatex (file ./svg-inkscape/Vierquadranten-KennlinienfeldBeiACEingangssignal_svg-tex.pdf): PDF inclusion: multiple pdfs with page group included in a single page
>]
Package svg Info: Last page of `./svg-inkscape/Aufbaunpn-Bipolartransistor_svg-tex.pdf' is 3 on input line 1256.
 (./svg-inkscape/Aufbaunpn-Bipolartransistor_svg-tex.pdf_tex
<./svg-inkscape/Aufbaunpn-Bipolartransistor_svg-tex.pdf, id=1554, page=1, 555.8681pt x 251.06062pt>
File: ./svg-inkscape/Aufbaunpn-Bipolartransistor_svg-tex.pdf Graphic file (type pdf)
<use ./svg-inkscape/Aufbaunpn-Bipolartransistor_svg-tex.pdf, page 1>
Package pdftex.def Info: ./svg-inkscape/Aufbaunpn-Bipolartransistor_svg-tex.pdf , page1 used on input line 56.
(pdftex.def)             Requested size: 278.83578pt x 125.9399pt.
<./svg-inkscape/Aufbaunpn-Bipolartransistor_svg-tex.pdf, id=1555, page=2, 555.8681pt x 251.06062pt>
File: ./svg-inkscape/Aufbaunpn-Bipolartransistor_svg-tex.pdf Graphic file (type pdf)
<use ./svg-inkscape/Aufbaunpn-Bipolartransistor_svg-tex.pdf, page 2>
Package pdftex.def Info: ./svg-inkscape/Aufbaunpn-Bipolartransistor_svg-tex.pdf , page2 used on input line 63.
(pdftex.def)             Requested size: 278.83578pt x 125.9399pt.
<./svg-inkscape/Aufbaunpn-Bipolartransistor_svg-tex.pdf, id=1556, page=3, 555.8681pt x 251.06062pt>
File: ./svg-inkscape/Aufbaunpn-Bipolartransistor_svg-tex.pdf Graphic file (type pdf)
<use ./svg-inkscape/Aufbaunpn-Bipolartransistor_svg-tex.pdf, page 3>
Package pdftex.def Info: ./svg-inkscape/Aufbaunpn-Bipolartransistor_svg-tex.pdf , page3 used on input line 70.
(pdftex.def)             Requested size: 278.83578pt x 125.9399pt.
) [146

 <./svg-inkscape/Aufbaunpn-Bipolartransistor_svg-tex.pdf> <./svg-inkscape/Aufbaunpn-Bipolartransistor_svg-tex.pdf

pdfTeX warning: pdflatex (file ./svg-inkscape/Aufbaunpn-Bipolartransistor_svg-tex.pdf): PDF inclusion: multiple pdfs with page group included in a single page
> <./svg-inkscape/Aufbaunpn-Bipolartransistor_svg-tex.pdf

pdfTeX warning: pdflatex (file ./svg-inkscape/Aufbaunpn-Bipolartransistor_svg-tex.pdf): PDF inclusion: multiple pdfs with page group included in a single page
>] (./Tikz/src/Grundschaltungen1.tex
\absvshift=\dimen509
\absvshift=\dimen510
\absvshift=\dimen511
)
Overfull \hbox (7.5848pt too wide) in paragraph at lines 1284--1284
[][]  
 []

(./Tikz/src/Grundschaltungen2.tex
\absvshift=\dimen512
\absvshift=\dimen513
\absvshift=\dimen514
)
Overfull \hbox (7.5848pt too wide) in paragraph at lines 1284--1284
 [][] 
 []

(./Tikz/src/Grundschaltungen3.tex
\absvshift=\dimen515
\absvshift=\dimen516
\absvshift=\dimen517
)
Overfull \hbox (24.2333pt too wide) in paragraph at lines 1284--1284
 [][]
 []

[147

] (./Tikz/src/Grundschaltungen1.tex
\absvshift=\dimen518
\absvshift=\dimen519
\absvshift=\dimen520
)
Overfull \hbox (7.5848pt too wide) in paragraph at lines 1284--1284
[][]  
 []

(./Tikz/src/Grundschaltungen2.tex
\absvshift=\dimen521
\absvshift=\dimen522
\absvshift=\dimen523
)
Overfull \hbox (7.5848pt too wide) in paragraph at lines 1284--1284
 [][] 
 []

(./Tikz/src/Grundschaltungen3.tex
\absvshift=\dimen524
\absvshift=\dimen525
\absvshift=\dimen526
)
Overfull \hbox (24.2333pt too wide) in paragraph at lines 1284--1284
 [][]
 []

[148

] (./Tikz/src/Grundschaltungen1.tex
\absvshift=\dimen527
\absvshift=\dimen528
\absvshift=\dimen529
)
Overfull \hbox (7.5848pt too wide) in paragraph at lines 1284--1284
[][]  
 []

(./Tikz/src/Grundschaltungen2.tex
\absvshift=\dimen530
\absvshift=\dimen531
\absvshift=\dimen532
)
Overfull \hbox (7.5848pt too wide) in paragraph at lines 1284--1284
 [][] 
 []

(./Tikz/src/Grundschaltungen3.tex
\absvshift=\dimen533
\absvshift=\dimen534
\absvshift=\dimen535
)
Overfull \hbox (24.2333pt too wide) in paragraph at lines 1284--1284
 [][]
 []

[149

] (./Tikz/src/EKBGrundschaltungen1.tex
\absvshift=\dimen536
)
Overfull \hbox (6.72583pt too wide) in paragraph at lines 1312--1312
[][]  
 []

(./Tikz/src/EKBGrundschaltungen2.tex
\absvshift=\dimen537
)
Overfull \hbox (0.54593pt too wide) in paragraph at lines 1312--1312
 [][] 
 []

(./Tikz/src/EKBGrundschaltungen3.tex
\absvshift=\dimen538
\absvshift=\dimen539
\absvshift=\dimen540
)
Overfull \hbox (6.72583pt too wide) in paragraph at lines 1312--1312
 [][]
 []

[150

] (./Tikz/src/EKBGrundschaltungen1.tex
\absvshift=\dimen541
)
Overfull \hbox (6.72583pt too wide) in paragraph at lines 1312--1312
[][]  
 []

(./Tikz/src/EKBGrundschaltungen2.tex
\absvshift=\dimen542
)
Overfull \hbox (0.54593pt too wide) in paragraph at lines 1312--1312
 [][] 
 []

(./Tikz/src/EKBGrundschaltungen3.tex
\absvshift=\dimen543
\absvshift=\dimen544
\absvshift=\dimen545
)
Overfull \hbox (6.72583pt too wide) in paragraph at lines 1312--1312
 [][]
 []

[151

] (./Tikz/src/EKBGrundschaltungen1.tex
\absvshift=\dimen546
)
Overfull \hbox (6.72583pt too wide) in paragraph at lines 1312--1312
[][]  
 []

(./Tikz/src/EKBGrundschaltungen2.tex
\absvshift=\dimen547
)
Overfull \hbox (0.54593pt too wide) in paragraph at lines 1312--1312
 [][] 
 []

(./Tikz/src/EKBGrundschaltungen3.tex
\absvshift=\dimen548
\absvshift=\dimen549
\absvshift=\dimen550
)
Overfull \hbox (6.72583pt too wide) in paragraph at lines 1312--1312
 [][]
 []

[152

] [153

] (./Tikz/src/TransistorAlsSchalter1.tex
\absvshift=\dimen551
\absvshift=\dimen552
)
Package svg Info: Last page of `./svg-inkscape/TransistorAlsSchalter2_svg-tex.pdf' is 3 on input line 1372.
 (./svg-inkscape/TransistorAlsSchalter2_svg-tex.pdf_tex
<./svg-inkscape/TransistorAlsSchalter2_svg-tex.pdf, id=1615, page=1, 569.05513pt x 287.37282pt>
File: ./svg-inkscape/TransistorAlsSchalter2_svg-tex.pdf Graphic file (type pdf)
<use ./svg-inkscape/TransistorAlsSchalter2_svg-tex.pdf, page 1>
Package pdftex.def Info: ./svg-inkscape/TransistorAlsSchalter2_svg-tex.pdf , page1 used on input line 56.
(pdftex.def)             Requested size: 191.20082pt x 96.5566pt.
<./svg-inkscape/TransistorAlsSchalter2_svg-tex.pdf, id=1616, page=2, 569.05513pt x 287.37282pt>
File: ./svg-inkscape/TransistorAlsSchalter2_svg-tex.pdf Graphic file (type pdf)
<use ./svg-inkscape/TransistorAlsSchalter2_svg-tex.pdf, page 2>
Package pdftex.def Info: ./svg-inkscape/TransistorAlsSchalter2_svg-tex.pdf , page2 used on input line 61.
(pdftex.def)             Requested size: 191.20082pt x 96.5566pt.
) [154

 <./svg-inkscape/TransistorAlsSchalter2_svg-tex.pdf> <./svg-inkscape/TransistorAlsSchalter2_svg-tex.pdf

pdfTeX warning: pdflatex (file ./svg-inkscape/TransistorAlsSchalter2_svg-tex.pdf): PDF inclusion: multiple pdfs with page group included in a single page
>] (./Tikz/src/TransistorAlsSchalter1.tex
\absvshift=\dimen553
\absvshift=\dimen554
)
Package svg Info: Last page of `./svg-inkscape/TransistorAlsSchalter2_svg-tex.pdf' is 3 on input line 1372.
 (./svg-inkscape/TransistorAlsSchalter2_svg-tex.pdf_tex
File: ./svg-inkscape/TransistorAlsSchalter2_svg-tex.pdf Graphic file (type pdf)
<use ./svg-inkscape/TransistorAlsSchalter2_svg-tex.pdf, page 1>
Package pdftex.def Info: ./svg-inkscape/TransistorAlsSchalter2_svg-tex.pdf , page1 used on input line 56.
(pdftex.def)             Requested size: 191.20082pt x 96.5566pt.
File: ./svg-inkscape/TransistorAlsSchalter2_svg-tex.pdf Graphic file (type pdf)
<use ./svg-inkscape/TransistorAlsSchalter2_svg-tex.pdf, page 2>
Package pdftex.def Info: ./svg-inkscape/TransistorAlsSchalter2_svg-tex.pdf , page2 used on input line 61.
(pdftex.def)             Requested size: 191.20082pt x 96.5566pt.
) [155

] [156

]
Package svg Info: Last page of `./svg-inkscape/DarlingtonTransistor_svg-tex.pdf' is 5 on input line 1403.
 (./svg-inkscape/DarlingtonTransistor_svg-tex.pdf_tex
<./svg-inkscape/DarlingtonTransistor_svg-tex.pdf, id=1641, page=1, 367.04054pt x 273.14648pt>
File: ./svg-inkscape/DarlingtonTransistor_svg-tex.pdf Graphic file (type pdf)
<use ./svg-inkscape/DarlingtonTransistor_svg-tex.pdf, page 1>
Package pdftex.def Info: ./svg-inkscape/DarlingtonTransistor_svg-tex.pdf , page1 used on input line 56.
(pdftex.def)             Requested size: 278.83578pt x 207.51012pt.
<./svg-inkscape/DarlingtonTransistor_svg-tex.pdf, id=1642, page=2, 367.04054pt x 273.14648pt>
File: ./svg-inkscape/DarlingtonTransistor_svg-tex.pdf Graphic file (type pdf)
<use ./svg-inkscape/DarlingtonTransistor_svg-tex.pdf, page 2>
Package pdftex.def Info: ./svg-inkscape/DarlingtonTransistor_svg-tex.pdf , page2 used on input line 62.
(pdftex.def)             Requested size: 278.83578pt x 207.51012pt.
<./svg-inkscape/DarlingtonTransistor_svg-tex.pdf, id=1643, page=3, 367.04054pt x 273.14648pt>
File: ./svg-inkscape/DarlingtonTransistor_svg-tex.pdf Graphic file (type pdf)
<use ./svg-inkscape/DarlingtonTransistor_svg-tex.pdf, page 3>
Package pdftex.def Info: ./svg-inkscape/DarlingtonTransistor_svg-tex.pdf , page3 used on input line 64.
(pdftex.def)             Requested size: 278.83578pt x 207.51012pt.
<./svg-inkscape/DarlingtonTransistor_svg-tex.pdf, id=1644, page=4, 367.04054pt x 273.14648pt>
File: ./svg-inkscape/DarlingtonTransistor_svg-tex.pdf Graphic file (type pdf)
<use ./svg-inkscape/DarlingtonTransistor_svg-tex.pdf, page 4>
Package pdftex.def Info: ./svg-inkscape/DarlingtonTransistor_svg-tex.pdf , page4 used on input line 66.
(pdftex.def)             Requested size: 278.83578pt x 207.51012pt.
) [157

 <./svg-inkscape/DarlingtonTransistor_svg-tex.pdf> <./svg-inkscape/DarlingtonTransistor_svg-tex.pdf

pdfTeX warning: pdflatex (file ./svg-inkscape/DarlingtonTransistor_svg-tex.pdf): PDF inclusion: multiple pdfs with page group included in a single page
> <./svg-inkscape/DarlingtonTransistor_svg-tex.pdf

pdfTeX warning: pdflatex (file ./svg-inkscape/DarlingtonTransistor_svg-tex.pdf): PDF inclusion: multiple pdfs with page group included in a single page
> <./svg-inkscape/DarlingtonTransistor_svg-tex.pdf

pdfTeX warning: pdflatex (file ./svg-inkscape/DarlingtonTransistor_svg-tex.pdf): PDF inclusion: multiple pdfs with page group included in a single page
>] (./Tikz/src/Transistortypen.tex)
Overfull \hbox (1.51457pt too wide) in paragraph at lines 1424--1424
 [] 
 []

[158

]
Package svg Info: Last page of `./svg-inkscape/Sperrbereichn-KanalMOSFET_svg-tex.pdf' is 2 on input line 1437.
 (./svg-inkscape/Sperrbereichn-KanalMOSFET_svg-tex.pdf_tex
<./svg-inkscape/Sperrbereichn-KanalMOSFET_svg-tex.pdf, id=1664, page=1, 664.71396pt x 265.28545pt>
File: ./svg-inkscape/Sperrbereichn-KanalMOSFET_svg-tex.pdf Graphic file (type pdf)
<use ./svg-inkscape/Sperrbereichn-KanalMOSFET_svg-tex.pdf, page 1>
Package pdftex.def Info: ./svg-inkscape/Sperrbereichn-KanalMOSFET_svg-tex.pdf , page1 used on input line 56.
(pdftex.def)             Requested size: 278.83578pt x 111.28554pt.
<./svg-inkscape/Sperrbereichn-KanalMOSFET_svg-tex.pdf, id=1665, page=2, 664.71396pt x 265.28545pt>
File: ./svg-inkscape/Sperrbereichn-KanalMOSFET_svg-tex.pdf Graphic file (type pdf)
<use ./svg-inkscape/Sperrbereichn-KanalMOSFET_svg-tex.pdf, page 2>
Package pdftex.def Info: ./svg-inkscape/Sperrbereichn-KanalMOSFET_svg-tex.pdf , page2 used on input line 65.
(pdftex.def)             Requested size: 278.83578pt x 111.28554pt.
) [159

 <./svg-inkscape/Sperrbereichn-KanalMOSFET_svg-tex.pdf> <./svg-inkscape/Sperrbereichn-KanalMOSFET_svg-tex.pdf

pdfTeX warning: pdflatex (file ./svg-inkscape/Sperrbereichn-KanalMOSFET_svg-tex.pdf): PDF inclusion: multiple pdfs with page group included in a single page
>]
Package svg Info: Last page of `./svg-inkscape/FolienMOSFETUDS_svg-tex.pdf' is 2 on input line 1448.
 (./svg-inkscape/FolienMOSFETUDS_svg-tex.pdf_tex
<./svg-inkscape/FolienMOSFETUDS_svg-tex.pdf, id=1677, page=1, 739.25931pt x 285.95021pt>
File: ./svg-inkscape/FolienMOSFETUDS_svg-tex.pdf Graphic file (type pdf)
<use ./svg-inkscape/FolienMOSFETUDS_svg-tex.pdf, page 1>
Package pdftex.def Info: ./svg-inkscape/FolienMOSFETUDS_svg-tex.pdf , page1 used on input line 56.
(pdftex.def)             Requested size: 278.83578pt x 107.855pt.
<./svg-inkscape/FolienMOSFETUDS_svg-tex.pdf, id=1678, page=2, 739.25931pt x 285.95021pt>
File: ./svg-inkscape/FolienMOSFETUDS_svg-tex.pdf Graphic file (type pdf)
<use ./svg-inkscape/FolienMOSFETUDS_svg-tex.pdf, page 2>
Package pdftex.def Info: ./svg-inkscape/FolienMOSFETUDS_svg-tex.pdf , page2 used on input line 64.
(pdftex.def)             Requested size: 278.83578pt x 107.855pt.
) [160

 <./svg-inkscape/FolienMOSFETUDS_svg-tex.pdf> <./svg-inkscape/FolienMOSFETUDS_svg-tex.pdf

pdfTeX warning: pdflatex (file ./svg-inkscape/FolienMOSFETUDS_svg-tex.pdf): PDF inclusion: multiple pdfs with page group included in a single page
>]
Package svg Info: Last page of `./svg-inkscape/FolienMOSFETUGB_svg-tex.pdf' is 2 on input line 1459.
 (./svg-inkscape/FolienMOSFETUGB_svg-tex.pdf_tex
<./svg-inkscape/FolienMOSFETUGB_svg-tex.pdf, id=1689, page=1, 717.49036pt x 285.95021pt>
File: ./svg-inkscape/FolienMOSFETUGB_svg-tex.pdf Graphic file (type pdf)
<use ./svg-inkscape/FolienMOSFETUGB_svg-tex.pdf, page 1>
Package pdftex.def Info: ./svg-inkscape/FolienMOSFETUGB_svg-tex.pdf , page1 used on input line 56.
(pdftex.def)             Requested size: 398.3386pt x 158.75659pt.
<./svg-inkscape/FolienMOSFETUGB_svg-tex.pdf, id=1690, page=2, 717.49036pt x 285.95021pt>
File: ./svg-inkscape/FolienMOSFETUGB_svg-tex.pdf Graphic file (type pdf)
<use ./svg-inkscape/FolienMOSFETUGB_svg-tex.pdf, page 2>
Package pdftex.def Info: ./svg-inkscape/FolienMOSFETUGB_svg-tex.pdf , page2 used on input line 64.
(pdftex.def)             Requested size: 398.3386pt x 158.75659pt.
) [161

 <./svg-inkscape/FolienMOSFETUGB_svg-tex.pdf> <./svg-inkscape/FolienMOSFETUGB_svg-tex.pdf

pdfTeX warning: pdflatex (file ./svg-inkscape/FolienMOSFETUGB_svg-tex.pdf): PDF inclusion: multiple pdfs with page group included in a single page
>]
Package svg Info: Last page of `./svg-inkscape/FolienMOSFETSteuerspannung_svg-tex.pdf' is 5 on input line 1470.
 (./svg-inkscape/FolienMOSFETSteuerspannung_svg-tex.pdf_tex
<./svg-inkscape/FolienMOSFETSteuerspannung_svg-tex.pdf, id=1701, page=1, 835.61409pt x 285.95021pt>
File: ./svg-inkscape/FolienMOSFETSteuerspannung_svg-tex.pdf Graphic file (type pdf)
<use ./svg-inkscape/FolienMOSFETSteuerspannung_svg-tex.pdf, page 1>
Package pdftex.def Info: ./svg-inkscape/FolienMOSFETSteuerspannung_svg-tex.pdf , page1 used on input line 56.
(pdftex.def)             Requested size: 398.3386pt x 136.31207pt.
<./svg-inkscape/FolienMOSFETSteuerspannung_svg-tex.pdf, id=1702, page=2, 835.61409pt x 285.95021pt>
File: ./svg-inkscape/FolienMOSFETSteuerspannung_svg-tex.pdf Graphic file (type pdf)
<use ./svg-inkscape/FolienMOSFETSteuerspannung_svg-tex.pdf, page 2>
Package pdftex.def Info: ./svg-inkscape/FolienMOSFETSteuerspannung_svg-tex.pdf , page2 used on input line 62.
(pdftex.def)             Requested size: 398.3386pt x 136.31207pt.
<./svg-inkscape/FolienMOSFETSteuerspannung_svg-tex.pdf, id=1703, page=3, 835.61409pt x 285.95021pt>
File: ./svg-inkscape/FolienMOSFETSteuerspannung_svg-tex.pdf Graphic file (type pdf)
<use ./svg-inkscape/FolienMOSFETSteuerspannung_svg-tex.pdf, page 3>
Package pdftex.def Info: ./svg-inkscape/FolienMOSFETSteuerspannung_svg-tex.pdf , page3 used on input line 65.
(pdftex.def)             Requested size: 398.3386pt x 136.31207pt.
<./svg-inkscape/FolienMOSFETSteuerspannung_svg-tex.pdf, id=1704, page=4, 835.61409pt x 285.95021pt>
File: ./svg-inkscape/FolienMOSFETSteuerspannung_svg-tex.pdf Graphic file (type pdf)
<use ./svg-inkscape/FolienMOSFETSteuerspannung_svg-tex.pdf, page 4>
Package pdftex.def Info: ./svg-inkscape/FolienMOSFETSteuerspannung_svg-tex.pdf , page4 used on input line 67.
(pdftex.def)             Requested size: 398.3386pt x 136.31207pt.
<./svg-inkscape/FolienMOSFETSteuerspannung_svg-tex.pdf, id=1705, page=5, 835.61409pt x 285.95021pt>
File: ./svg-inkscape/FolienMOSFETSteuerspannung_svg-tex.pdf Graphic file (type pdf)
<use ./svg-inkscape/FolienMOSFETSteuerspannung_svg-tex.pdf, page 5>
Package pdftex.def Info: ./svg-inkscape/FolienMOSFETSteuerspannung_svg-tex.pdf , page5 used on input line 69.
(pdftex.def)             Requested size: 398.3386pt x 136.31207pt.
) [162

 <./svg-inkscape/FolienMOSFETSteuerspannung_svg-tex.pdf> <./svg-inkscape/FolienMOSFETSteuerspannung_svg-tex.pdf

pdfTeX warning: pdflatex (file ./svg-inkscape/FolienMOSFETSteuerspannung_svg-tex.pdf): PDF inclusion: multiple pdfs with page group included in a single page
> <./svg-inkscape/FolienMOSFETSteuerspannung_svg-tex.pdf

pdfTeX warning: pdflatex (file ./svg-inkscape/FolienMOSFETSteuerspannung_svg-tex.pdf): PDF inclusion: multiple pdfs with page group included in a single page
> <./svg-inkscape/FolienMOSFETSteuerspannung_svg-tex.pdf

pdfTeX warning: pdflatex (file ./svg-inkscape/FolienMOSFETSteuerspannung_svg-tex.pdf): PDF inclusion: multiple pdfs with page group included in a single page
> <./svg-inkscape/FolienMOSFETSteuerspannung_svg-tex.pdf

pdfTeX warning: pdflatex (file ./svg-inkscape/FolienMOSFETSteuerspannung_svg-tex.pdf): PDF inclusion: multiple pdfs with page group included in a single page
>]
Package svg Info: Last page of `./svg-inkscape/ohmscherBereichn-KanalMOSFET_svg-tex.pdf' is 3 on input line 1482.
 (./svg-inkscape/ohmscherBereichn-KanalMOSFET_svg-tex.pdf_tex
<./svg-inkscape/ohmscherBereichn-KanalMOSFET_svg-tex.pdf, id=1716, page=1, 719.73439pt x 300.41476pt>
File: ./svg-inkscape/ohmscherBereichn-KanalMOSFET_svg-tex.pdf Graphic file (type pdf)
<use ./svg-inkscape/ohmscherBereichn-KanalMOSFET_svg-tex.pdf, page 1>
Package pdftex.def Info: ./svg-inkscape/ohmscherBereichn-KanalMOSFET_svg-tex.pdf , page1 used on input line 56.
(pdftex.def)             Requested size: 398.3386pt x 166.26459pt.
<./svg-inkscape/ohmscherBereichn-KanalMOSFET_svg-tex.pdf, id=1717, page=2, 719.73439pt x 300.41476pt>
File: ./svg-inkscape/ohmscherBereichn-KanalMOSFET_svg-tex.pdf Graphic file (type pdf)
<use ./svg-inkscape/ohmscherBereichn-KanalMOSFET_svg-tex.pdf, page 2>
Package pdftex.def Info: ./svg-inkscape/ohmscherBereichn-KanalMOSFET_svg-tex.pdf , page2 used on input line 62.
(pdftex.def)             Requested size: 398.3386pt x 166.26459pt.
<./svg-inkscape/ohmscherBereichn-KanalMOSFET_svg-tex.pdf, id=1718, page=3, 719.73439pt x 300.41476pt>
File: ./svg-inkscape/ohmscherBereichn-KanalMOSFET_svg-tex.pdf Graphic file (type pdf)
<use ./svg-inkscape/ohmscherBereichn-KanalMOSFET_svg-tex.pdf, page 3>
Package pdftex.def Info: ./svg-inkscape/ohmscherBereichn-KanalMOSFET_svg-tex.pdf , page3 used on input line 65.
(pdftex.def)             Requested size: 398.3386pt x 166.26459pt.
) [163

 <./svg-inkscape/ohmscherBereichn-KanalMOSFET_svg-tex.pdf> <./svg-inkscape/ohmscherBereichn-KanalMOSFET_svg-tex.pdf

pdfTeX warning: pdflatex (file ./svg-inkscape/ohmscherBereichn-KanalMOSFET_svg-tex.pdf): PDF inclusion: multiple pdfs with page group included in a single page
> <./svg-inkscape/ohmscherBereichn-KanalMOSFET_svg-tex.pdf

pdfTeX warning: pdflatex (file ./svg-inkscape/ohmscherBereichn-KanalMOSFET_svg-tex.pdf): PDF inclusion: multiple pdfs with page group included in a single page
>]
Package svg Info: Last page of `./svg-inkscape/Ausgangskennlinienfeldn-KanalMOSFET_svg-tex.pdf' is 2 on input line 1495.
 (./svg-inkscape/Ausgangskennlinienfeldn-KanalMOSFET_svg-tex.pdf_tex
<./svg-inkscape/Ausgangskennlinienfeldn-KanalMOSFET_svg-tex.pdf, id=1730, page=1, 626.62299pt x 346.1016pt>
File: ./svg-inkscape/Ausgangskennlinienfeldn-KanalMOSFET_svg-tex.pdf Graphic file (type pdf)
<use ./svg-inkscape/Ausgangskennlinienfeldn-KanalMOSFET_svg-tex.pdf, page 1>
Package pdftex.def Info: ./svg-inkscape/Ausgangskennlinienfeldn-KanalMOSFET_svg-tex.pdf , page1 used on input line 56.
(pdftex.def)             Requested size: 398.3386pt x 220.02026pt.
<./svg-inkscape/Ausgangskennlinienfeldn-KanalMOSFET_svg-tex.pdf, id=1731, page=2, 626.62299pt x 346.1016pt>
File: ./svg-inkscape/Ausgangskennlinienfeldn-KanalMOSFET_svg-tex.pdf Graphic file (type pdf)
<use ./svg-inkscape/Ausgangskennlinienfeldn-KanalMOSFET_svg-tex.pdf, page 2>
Package pdftex.def Info: ./svg-inkscape/Ausgangskennlinienfeldn-KanalMOSFET_svg-tex.pdf , page2 used on input line 62.
(pdftex.def)             Requested size: 398.3386pt x 220.02026pt.
) [164

 <./svg-inkscape/Ausgangskennlinienfeldn-KanalMOSFET_svg-tex.pdf> <./svg-inkscape/Ausgangskennlinienfeldn-KanalMOSFET_svg-tex.pdf

pdfTeX warning: pdflatex (file ./svg-inkscape/Ausgangskennlinienfeldn-KanalMOSFET_svg-tex.pdf): PDF inclusion: multiple pdfs with page group included in a single page
>]
Package svg Info: Last page of `./svg-inkscape/SaettigungsbereichN-KanalMOSFET_svg-tex.pdf' is 6 on input line 1507.
 (./svg-inkscape/SaettigungsbereichN-KanalMOSFET_svg-tex.pdf_tex
<./svg-inkscape/SaettigungsbereichN-KanalMOSFET_svg-tex.pdf, id=1742, page=1, 719.73439pt x 285.94334pt>
File: ./svg-inkscape/SaettigungsbereichN-KanalMOSFET_svg-tex.pdf Graphic file (type pdf)
<use ./svg-inkscape/SaettigungsbereichN-KanalMOSFET_svg-tex.pdf, page 1>
Package pdftex.def Info: ./svg-inkscape/SaettigungsbereichN-KanalMOSFET_svg-tex.pdf , page1 used on input line 56.
(pdftex.def)             Requested size: 278.83578pt x 110.78008pt.
<./svg-inkscape/SaettigungsbereichN-KanalMOSFET_svg-tex.pdf, id=1743, page=2, 719.73439pt x 285.94334pt>
File: ./svg-inkscape/SaettigungsbereichN-KanalMOSFET_svg-tex.pdf Graphic file (type pdf)
<use ./svg-inkscape/SaettigungsbereichN-KanalMOSFET_svg-tex.pdf, page 2>
Package pdftex.def Info: ./svg-inkscape/SaettigungsbereichN-KanalMOSFET_svg-tex.pdf , page2 used on input line 62.
(pdftex.def)             Requested size: 278.83578pt x 110.78008pt.
<./svg-inkscape/SaettigungsbereichN-KanalMOSFET_svg-tex.pdf, id=1744, page=3, 719.73439pt x 285.94334pt>
File: ./svg-inkscape/SaettigungsbereichN-KanalMOSFET_svg-tex.pdf Graphic file (type pdf)
<use ./svg-inkscape/SaettigungsbereichN-KanalMOSFET_svg-tex.pdf, page 3>
Package pdftex.def Info: ./svg-inkscape/SaettigungsbereichN-KanalMOSFET_svg-tex.pdf , page3 used on input line 64.
(pdftex.def)             Requested size: 278.83578pt x 110.78008pt.
<./svg-inkscape/SaettigungsbereichN-KanalMOSFET_svg-tex.pdf, id=1745, page=4, 719.73439pt x 285.94334pt>
File: ./svg-inkscape/SaettigungsbereichN-KanalMOSFET_svg-tex.pdf Graphic file (type pdf)
<use ./svg-inkscape/SaettigungsbereichN-KanalMOSFET_svg-tex.pdf, page 4>
Package pdftex.def Info: ./svg-inkscape/SaettigungsbereichN-KanalMOSFET_svg-tex.pdf , page4 used on input line 66.
(pdftex.def)             Requested size: 278.83578pt x 110.78008pt.
<./svg-inkscape/SaettigungsbereichN-KanalMOSFET_svg-tex.pdf, id=1746, page=5, 719.73439pt x 285.94334pt>
File: ./svg-inkscape/SaettigungsbereichN-KanalMOSFET_svg-tex.pdf Graphic file (type pdf)
<use ./svg-inkscape/SaettigungsbereichN-KanalMOSFET_svg-tex.pdf, page 5>
Package pdftex.def Info: ./svg-inkscape/SaettigungsbereichN-KanalMOSFET_svg-tex.pdf , page5 used on input line 68.
(pdftex.def)             Requested size: 278.83578pt x 110.78008pt.
<./svg-inkscape/SaettigungsbereichN-KanalMOSFET_svg-tex.pdf, id=1747, page=6, 719.73439pt x 285.94334pt>
File: ./svg-inkscape/SaettigungsbereichN-KanalMOSFET_svg-tex.pdf Graphic file (type pdf)
<use ./svg-inkscape/SaettigungsbereichN-KanalMOSFET_svg-tex.pdf, page 6>
Package pdftex.def Info: ./svg-inkscape/SaettigungsbereichN-KanalMOSFET_svg-tex.pdf , page6 used on input line 70.
(pdftex.def)             Requested size: 278.83578pt x 110.78008pt.
) [165

 <./svg-inkscape/SaettigungsbereichN-KanalMOSFET_svg-tex.pdf> <./svg-inkscape/SaettigungsbereichN-KanalMOSFET_svg-tex.pdf

pdfTeX warning: pdflatex (file ./svg-inkscape/SaettigungsbereichN-KanalMOSFET_svg-tex.pdf): PDF inclusion: multiple pdfs with page group included in a single page
> <./svg-inkscape/SaettigungsbereichN-KanalMOSFET_svg-tex.pdf

pdfTeX warning: pdflatex (file ./svg-inkscape/SaettigungsbereichN-KanalMOSFET_svg-tex.pdf): PDF inclusion: multiple pdfs with page group included in a single page
> <./svg-inkscape/SaettigungsbereichN-KanalMOSFET_svg-tex.pdf

pdfTeX warning: pdflatex (file ./svg-inkscape/SaettigungsbereichN-KanalMOSFET_svg-tex.pdf): PDF inclusion: multiple pdfs with page group included in a single page
> <./svg-inkscape/SaettigungsbereichN-KanalMOSFET_svg-tex.pdf

pdfTeX warning: pdflatex (file ./svg-inkscape/SaettigungsbereichN-KanalMOSFET_svg-tex.pdf): PDF inclusion: multiple pdfs with page group included in a single page
> <./svg-inkscape/SaettigungsbereichN-KanalMOSFET_svg-tex.pdf

pdfTeX warning: pdflatex (file ./svg-inkscape/SaettigungsbereichN-KanalMOSFET_svg-tex.pdf): PDF inclusion: multiple pdfs with page group included in a single page
>] [166

] (./Tikz/src/NJFET.tex)
Package svg Info: Last page of `./svg-inkscape/EingangskennlinieN-Jfet_svg-tex.pdf' is 3 on input line 1579.
 (./svg-inkscape/EingangskennlinieN-Jfet_svg-tex.pdf_tex
<./svg-inkscape/EingangskennlinieN-Jfet_svg-tex.pdf, id=1765, page=1, 356.6577pt x 222.35826pt>
File: ./svg-inkscape/EingangskennlinieN-Jfet_svg-tex.pdf Graphic file (type pdf)
<use ./svg-inkscape/EingangskennlinieN-Jfet_svg-tex.pdf, page 1>
Package pdftex.def Info: ./svg-inkscape/EingangskennlinieN-Jfet_svg-tex.pdf , page1 used on input line 56.
(pdftex.def)             Requested size: 105.16235pt x 65.56119pt.
<./svg-inkscape/EingangskennlinieN-Jfet_svg-tex.pdf, id=1766, page=2, 356.6577pt x 222.35826pt>
File: ./svg-inkscape/EingangskennlinieN-Jfet_svg-tex.pdf Graphic file (type pdf)
<use ./svg-inkscape/EingangskennlinieN-Jfet_svg-tex.pdf, page 2>
Package pdftex.def Info: ./svg-inkscape/EingangskennlinieN-Jfet_svg-tex.pdf , page2 used on input line 58.
(pdftex.def)             Requested size: 105.16235pt x 65.56119pt.
<./svg-inkscape/EingangskennlinieN-Jfet_svg-tex.pdf, id=1767, page=3, 356.6577pt x 222.35826pt>
File: ./svg-inkscape/EingangskennlinieN-Jfet_svg-tex.pdf Graphic file (type pdf)
<use ./svg-inkscape/EingangskennlinieN-Jfet_svg-tex.pdf, page 3>
Package pdftex.def Info: ./svg-inkscape/EingangskennlinieN-Jfet_svg-tex.pdf , page3 used on input line 60.
(pdftex.def)             Requested size: 105.16235pt x 65.56119pt.
)
Package svg Info: Last page of `./svg-inkscape/AusgangskennlinieN-Jfet_svg-tex.pdf' is 3 on input line 1579.
 (./svg-inkscape/AusgangskennlinieN-Jfet_svg-tex.pdf_tex
<./svg-inkscape/AusgangskennlinieN-Jfet_svg-tex.pdf, id=1769, page=1, 349.13634pt x 222.35826pt>
File: ./svg-inkscape/AusgangskennlinieN-Jfet_svg-tex.pdf Graphic file (type pdf)
<use ./svg-inkscape/AusgangskennlinieN-Jfet_svg-tex.pdf, page 1>
Package pdftex.def Info: ./svg-inkscape/AusgangskennlinieN-Jfet_svg-tex.pdf , page1 used on input line 56.
(pdftex.def)             Requested size: 105.16235pt x 66.97603pt.
<./svg-inkscape/AusgangskennlinieN-Jfet_svg-tex.pdf, id=1770, page=2, 349.13634pt x 222.35826pt>
File: ./svg-inkscape/AusgangskennlinieN-Jfet_svg-tex.pdf Graphic file (type pdf)
<use ./svg-inkscape/AusgangskennlinieN-Jfet_svg-tex.pdf, page 2>
Package pdftex.def Info: ./svg-inkscape/AusgangskennlinieN-Jfet_svg-tex.pdf , page2 used on input line 58.
(pdftex.def)             Requested size: 105.16235pt x 66.97603pt.
<./svg-inkscape/AusgangskennlinieN-Jfet_svg-tex.pdf, id=1771, page=3, 349.13634pt x 222.35826pt>
File: ./svg-inkscape/AusgangskennlinieN-Jfet_svg-tex.pdf Graphic file (type pdf)
<use ./svg-inkscape/AusgangskennlinieN-Jfet_svg-tex.pdf, page 3>
Package pdftex.def Info: ./svg-inkscape/AusgangskennlinieN-Jfet_svg-tex.pdf , page3 used on input line 60.
(pdftex.def)             Requested size: 105.16235pt x 66.97603pt.
) (./Tikz/src/PJFET.tex)
Package svg Info: Last page of `./svg-inkscape/EingangskennlinieP-Jfet_svg-tex.pdf' is 3 on input line 1579.
 (./svg-inkscape/EingangskennlinieP-Jfet_svg-tex.pdf_tex
<./svg-inkscape/EingangskennlinieP-Jfet_svg-tex.pdf, id=1773, page=1, 364.85893pt x 222.35826pt>
File: ./svg-inkscape/EingangskennlinieP-Jfet_svg-tex.pdf Graphic file (type pdf)
<use ./svg-inkscape/EingangskennlinieP-Jfet_svg-tex.pdf, page 1>
Package pdftex.def Info: ./svg-inkscape/EingangskennlinieP-Jfet_svg-tex.pdf , page1 used on input line 56.
(pdftex.def)             Requested size: 105.16235pt x 64.08865pt.
<./svg-inkscape/EingangskennlinieP-Jfet_svg-tex.pdf, id=1774, page=2, 364.85893pt x 222.35826pt>
File: ./svg-inkscape/EingangskennlinieP-Jfet_svg-tex.pdf Graphic file (type pdf)
<use ./svg-inkscape/EingangskennlinieP-Jfet_svg-tex.pdf, page 2>
Package pdftex.def Info: ./svg-inkscape/EingangskennlinieP-Jfet_svg-tex.pdf , page2 used on input line 58.
(pdftex.def)             Requested size: 105.16235pt x 64.08865pt.
<./svg-inkscape/EingangskennlinieP-Jfet_svg-tex.pdf, id=1775, page=3, 364.85893pt x 222.35826pt>
File: ./svg-inkscape/EingangskennlinieP-Jfet_svg-tex.pdf Graphic file (type pdf)
<use ./svg-inkscape/EingangskennlinieP-Jfet_svg-tex.pdf, page 3>
Package pdftex.def Info: ./svg-inkscape/EingangskennlinieP-Jfet_svg-tex.pdf , page3 used on input line 60.
(pdftex.def)             Requested size: 105.16235pt x 64.08865pt.
)
Package svg Info: Last page of `./svg-inkscape/AusgangskennlinieP-Jfet_svg-tex.pdf' is 3 on input line 1579.
 (./svg-inkscape/AusgangskennlinieP-Jfet_svg-tex.pdf_tex
<./svg-inkscape/AusgangskennlinieP-Jfet_svg-tex.pdf, id=1777, page=1, 374.86745pt x 222.35826pt>
File: ./svg-inkscape/AusgangskennlinieP-Jfet_svg-tex.pdf Graphic file (type pdf)
<use ./svg-inkscape/AusgangskennlinieP-Jfet_svg-tex.pdf, page 1>
Package pdftex.def Info: ./svg-inkscape/AusgangskennlinieP-Jfet_svg-tex.pdf , page1 used on input line 56.
(pdftex.def)             Requested size: 105.16235pt x 62.37863pt.
<./svg-inkscape/AusgangskennlinieP-Jfet_svg-tex.pdf, id=1778, page=2, 374.86745pt x 222.35826pt>
File: ./svg-inkscape/AusgangskennlinieP-Jfet_svg-tex.pdf Graphic file (type pdf)
<use ./svg-inkscape/AusgangskennlinieP-Jfet_svg-tex.pdf, page 2>
Package pdftex.def Info: ./svg-inkscape/AusgangskennlinieP-Jfet_svg-tex.pdf , page2 used on input line 58.
(pdftex.def)             Requested size: 105.16235pt x 62.37863pt.
<./svg-inkscape/AusgangskennlinieP-Jfet_svg-tex.pdf, id=1779, page=3, 374.86745pt x 222.35826pt>
File: ./svg-inkscape/AusgangskennlinieP-Jfet_svg-tex.pdf Graphic file (type pdf)
<use ./svg-inkscape/AusgangskennlinieP-Jfet_svg-tex.pdf, page 3>
Package pdftex.def Info: ./svg-inkscape/AusgangskennlinieP-Jfet_svg-tex.pdf , page3 used on input line 60.
(pdftex.def)             Requested size: 105.16235pt x 62.37863pt.
) [167

 <./svg-inkscape/EingangskennlinieN-Jfet_svg-tex.pdf> <./svg-inkscape/EingangskennlinieN-Jfet_svg-tex.pdf

pdfTeX warning: pdflatex (file ./svg-inkscape/EingangskennlinieN-Jfet_svg-tex.pdf): PDF inclusion: multiple pdfs with page group included in a single page
> <./svg-inkscape/EingangskennlinieN-Jfet_svg-tex.pdf

pdfTeX warning: pdflatex (file ./svg-inkscape/EingangskennlinieN-Jfet_svg-tex.pdf): PDF inclusion: multiple pdfs with page group included in a single page
> <./svg-inkscape/AusgangskennlinieN-Jfet_svg-tex.pdf

pdfTeX warning: pdflatex (file ./svg-inkscape/AusgangskennlinieN-Jfet_svg-tex.pdf): PDF inclusion: multiple pdfs with page group included in a single page
> <./svg-inkscape/AusgangskennlinieN-Jfet_svg-tex.pdf

pdfTeX warning: pdflatex (file ./svg-inkscape/AusgangskennlinieN-Jfet_svg-tex.pdf): PDF inclusion: multiple pdfs with page group included in a single page
> <./svg-inkscape/AusgangskennlinieN-Jfet_svg-tex.pdf

pdfTeX warning: pdflatex (file ./svg-inkscape/AusgangskennlinieN-Jfet_svg-tex.pdf): PDF inclusion: multiple pdfs with page group included in a single page
> <./svg-inkscape/EingangskennlinieP-Jfet_svg-tex.pdf

pdfTeX warning: pdflatex (file ./svg-inkscape/EingangskennlinieP-Jfet_svg-tex.pdf): PDF inclusion: multiple pdfs with page group included in a single page
> <./svg-inkscape/EingangskennlinieP-Jfet_svg-tex.pdf

pdfTeX warning: pdflatex (file ./svg-inkscape/EingangskennlinieP-Jfet_svg-tex.pdf): PDF inclusion: multiple pdfs with page group included in a single page
> <./svg-inkscape/EingangskennlinieP-Jfet_svg-tex.pdf

pdfTeX warning: pdflatex (file ./svg-inkscape/EingangskennlinieP-Jfet_svg-tex.pdf): PDF inclusion: multiple pdfs with page group included in a single page
> <./svg-inkscape/AusgangskennlinieP-Jfet_svg-tex.pdf

pdfTeX warning: pdflatex (file ./svg-inkscape/AusgangskennlinieP-Jfet_svg-tex.pdf): PDF inclusion: multiple pdfs with page group included in a single page
> <./svg-inkscape/AusgangskennlinieP-Jfet_svg-tex.pdf

pdfTeX warning: pdflatex (file ./svg-inkscape/AusgangskennlinieP-Jfet_svg-tex.pdf): PDF inclusion: multiple pdfs with page group included in a single page
> <./svg-inkscape/AusgangskennlinieP-Jfet_svg-tex.pdf

pdfTeX warning: pdflatex (file ./svg-inkscape/AusgangskennlinieP-Jfet_svg-tex.pdf): PDF inclusion: multiple pdfs with page group included in a single page
>] (./Tikz/src/NMOSFETsperrend.tex)
Package svg Info: Last page of `./svg-inkscape/EingangskennlinieN-MosfetSelbstsperrend_svg-tex.pdf' is 3 on input line 1624.
 (./svg-inkscape/EingangskennlinieN-MosfetSelbstsperrend_svg-tex.pdf_tex
<./svg-inkscape/EingangskennlinieN-MosfetSelbstsperrend_svg-tex.pdf, id=1793, page=1, 365.99702pt x 222.35826pt>
File: ./svg-inkscape/EingangskennlinieN-MosfetSelbstsperrend_svg-tex.pdf Graphic file (type pdf)
<use ./svg-inkscape/EingangskennlinieN-MosfetSelbstsperrend_svg-tex.pdf, page 1>
Package pdftex.def Info: ./svg-inkscape/EingangskennlinieN-MosfetSelbstsperrend_svg-tex.pdf , page1 used on input line 56.
(pdftex.def)             Requested size: 105.16235pt x 63.88847pt.
<./svg-inkscape/EingangskennlinieN-MosfetSelbstsperrend_svg-tex.pdf, id=1794, page=2, 365.99702pt x 222.35826pt>
File: ./svg-inkscape/EingangskennlinieN-MosfetSelbstsperrend_svg-tex.pdf Graphic file (type pdf)
<use ./svg-inkscape/EingangskennlinieN-MosfetSelbstsperrend_svg-tex.pdf, page 2>
Package pdftex.def Info: ./svg-inkscape/EingangskennlinieN-MosfetSelbstsperrend_svg-tex.pdf , page2 used on input line 58.
(pdftex.def)             Requested size: 105.16235pt x 63.88847pt.
<./svg-inkscape/EingangskennlinieN-MosfetSelbstsperrend_svg-tex.pdf, id=1795, page=3, 365.99702pt x 222.35826pt>
File: ./svg-inkscape/EingangskennlinieN-MosfetSelbstsperrend_svg-tex.pdf Graphic file (type pdf)
<use ./svg-inkscape/EingangskennlinieN-MosfetSelbstsperrend_svg-tex.pdf, page 3>
Package pdftex.def Info: ./svg-inkscape/EingangskennlinieN-MosfetSelbstsperrend_svg-tex.pdf , page3 used on input line 60.
(pdftex.def)             Requested size: 105.16235pt x 63.88847pt.
)
Package svg Info: Last page of `./svg-inkscape/AusgangskennlinieN-MostfetSelbstsperrend_svg-tex.pdf' is 3 on input line 1624.
 (./svg-inkscape/AusgangskennlinieN-MostfetSelbstsperrend_svg-tex.pdf_tex
<./svg-inkscape/AusgangskennlinieN-MostfetSelbstsperrend_svg-tex.pdf, id=1797, page=1, 349.13634pt x 222.35826pt>
File: ./svg-inkscape/AusgangskennlinieN-MostfetSelbstsperrend_svg-tex.pdf Graphic file (type pdf)
<use ./svg-inkscape/AusgangskennlinieN-MostfetSelbstsperrend_svg-tex.pdf, page 1>
Package pdftex.def Info: ./svg-inkscape/AusgangskennlinieN-MostfetSelbstsperrend_svg-tex.pdf , page1 used on input line 56.
(pdftex.def)             Requested size: 105.16235pt x 66.97603pt.
<./svg-inkscape/AusgangskennlinieN-MostfetSelbstsperrend_svg-tex.pdf, id=1798, page=2, 349.13634pt x 222.35826pt>
File: ./svg-inkscape/AusgangskennlinieN-MostfetSelbstsperrend_svg-tex.pdf Graphic file (type pdf)
<use ./svg-inkscape/AusgangskennlinieN-MostfetSelbstsperrend_svg-tex.pdf, page 2>
Package pdftex.def Info: ./svg-inkscape/AusgangskennlinieN-MostfetSelbstsperrend_svg-tex.pdf , page2 used on input line 58.
(pdftex.def)             Requested size: 105.16235pt x 66.97603pt.
<./svg-inkscape/AusgangskennlinieN-MostfetSelbstsperrend_svg-tex.pdf, id=1799, page=3, 349.13634pt x 222.35826pt>
File: ./svg-inkscape/AusgangskennlinieN-MostfetSelbstsperrend_svg-tex.pdf Graphic file (type pdf)
<use ./svg-inkscape/AusgangskennlinieN-MostfetSelbstsperrend_svg-tex.pdf, page 3>
Package pdftex.def Info: ./svg-inkscape/AusgangskennlinieN-MostfetSelbstsperrend_svg-tex.pdf , page3 used on input line 60.
(pdftex.def)             Requested size: 105.16235pt x 66.97603pt.
) (./Tikz/src/PMOSFETsperrend.tex)
Package svg Info: Last page of `./svg-inkscape/EingangskennlinieP-MosfetSelbstsperrend_svg-tex.pdf' is 3 on input line 1624.
 (./svg-inkscape/EingangskennlinieP-MosfetSelbstsperrend_svg-tex.pdf_tex
<./svg-inkscape/EingangskennlinieP-MosfetSelbstsperrend_svg-tex.pdf, id=1801, page=1, 356.6577pt x 222.35826pt>
File: ./svg-inkscape/EingangskennlinieP-MosfetSelbstsperrend_svg-tex.pdf Graphic file (type pdf)
<use ./svg-inkscape/EingangskennlinieP-MosfetSelbstsperrend_svg-tex.pdf, page 1>
Package pdftex.def Info: ./svg-inkscape/EingangskennlinieP-MosfetSelbstsperrend_svg-tex.pdf , page1 used on input line 56.
(pdftex.def)             Requested size: 105.16235pt x 65.56119pt.
<./svg-inkscape/EingangskennlinieP-MosfetSelbstsperrend_svg-tex.pdf, id=1802, page=2, 356.6577pt x 222.35826pt>
File: ./svg-inkscape/EingangskennlinieP-MosfetSelbstsperrend_svg-tex.pdf Graphic file (type pdf)
<use ./svg-inkscape/EingangskennlinieP-MosfetSelbstsperrend_svg-tex.pdf, page 2>
Package pdftex.def Info: ./svg-inkscape/EingangskennlinieP-MosfetSelbstsperrend_svg-tex.pdf , page2 used on input line 58.
(pdftex.def)             Requested size: 105.16235pt x 65.56119pt.
<./svg-inkscape/EingangskennlinieP-MosfetSelbstsperrend_svg-tex.pdf, id=1803, page=3, 356.6577pt x 222.35826pt>
File: ./svg-inkscape/EingangskennlinieP-MosfetSelbstsperrend_svg-tex.pdf Graphic file (type pdf)
<use ./svg-inkscape/EingangskennlinieP-MosfetSelbstsperrend_svg-tex.pdf, page 3>
Package pdftex.def Info: ./svg-inkscape/EingangskennlinieP-MosfetSelbstsperrend_svg-tex.pdf , page3 used on input line 60.
(pdftex.def)             Requested size: 105.16235pt x 65.56119pt.
)
Package svg Info: Last page of `./svg-inkscape/AusgangskennlinieP-MosfetSelbstsperrend_svg-tex.pdf' is 3 on input line 1624.
 (./svg-inkscape/AusgangskennlinieP-MosfetSelbstsperrend_svg-tex.pdf_tex
<./svg-inkscape/AusgangskennlinieP-MosfetSelbstsperrend_svg-tex.pdf, id=1805, page=1, 374.86745pt x 222.35826pt>
File: ./svg-inkscape/AusgangskennlinieP-MosfetSelbstsperrend_svg-tex.pdf Graphic file (type pdf)
<use ./svg-inkscape/AusgangskennlinieP-MosfetSelbstsperrend_svg-tex.pdf, page 1>
Package pdftex.def Info: ./svg-inkscape/AusgangskennlinieP-MosfetSelbstsperrend_svg-tex.pdf , page1 used on input line 56.
(pdftex.def)             Requested size: 105.16235pt x 62.37863pt.
<./svg-inkscape/AusgangskennlinieP-MosfetSelbstsperrend_svg-tex.pdf, id=1806, page=2, 374.86745pt x 222.35826pt>
File: ./svg-inkscape/AusgangskennlinieP-MosfetSelbstsperrend_svg-tex.pdf Graphic file (type pdf)
<use ./svg-inkscape/AusgangskennlinieP-MosfetSelbstsperrend_svg-tex.pdf, page 2>
Package pdftex.def Info: ./svg-inkscape/AusgangskennlinieP-MosfetSelbstsperrend_svg-tex.pdf , page2 used on input line 58.
(pdftex.def)             Requested size: 105.16235pt x 62.37863pt.
<./svg-inkscape/AusgangskennlinieP-MosfetSelbstsperrend_svg-tex.pdf, id=1807, page=3, 374.86745pt x 222.35826pt>
File: ./svg-inkscape/AusgangskennlinieP-MosfetSelbstsperrend_svg-tex.pdf Graphic file (type pdf)
<use ./svg-inkscape/AusgangskennlinieP-MosfetSelbstsperrend_svg-tex.pdf, page 3>
Package pdftex.def Info: ./svg-inkscape/AusgangskennlinieP-MosfetSelbstsperrend_svg-tex.pdf , page3 used on input line 60.
(pdftex.def)             Requested size: 105.16235pt x 62.37863pt.
) [168

 <./svg-inkscape/EingangskennlinieN-MosfetSelbstsperrend_svg-tex.pdf> <./svg-inkscape/EingangskennlinieN-MosfetSelbstsperrend_svg-tex.pdf

pdfTeX warning: pdflatex (file ./svg-inkscape/EingangskennlinieN-MosfetSelbstsperrend_svg-tex.pdf): PDF inclusion: multiple pdfs with page group included in a single page
> <./svg-inkscape/EingangskennlinieN-MosfetSelbstsperrend_svg-tex.pdf

pdfTeX warning: pdflatex (file ./svg-inkscape/EingangskennlinieN-MosfetSelbstsperrend_svg-tex.pdf): PDF inclusion: multiple pdfs with page group included in a single page
> <./svg-inkscape/AusgangskennlinieN-MostfetSelbstsperrend_svg-tex.pdf

pdfTeX warning: pdflatex (file ./svg-inkscape/AusgangskennlinieN-MostfetSelbstsperrend_svg-tex.pdf): PDF inclusion: multiple pdfs with page group included in a single page
> <./svg-inkscape/AusgangskennlinieN-MostfetSelbstsperrend_svg-tex.pdf

pdfTeX warning: pdflatex (file ./svg-inkscape/AusgangskennlinieN-MostfetSelbstsperrend_svg-tex.pdf): PDF inclusion: multiple pdfs with page group included in a single page
> <./svg-inkscape/AusgangskennlinieN-MostfetSelbstsperrend_svg-tex.pdf

pdfTeX warning: pdflatex (file ./svg-inkscape/AusgangskennlinieN-MostfetSelbstsperrend_svg-tex.pdf): PDF inclusion: multiple pdfs with page group included in a single page
> <./svg-inkscape/EingangskennlinieP-MosfetSelbstsperrend_svg-tex.pdf

pdfTeX warning: pdflatex (file ./svg-inkscape/EingangskennlinieP-MosfetSelbstsperrend_svg-tex.pdf): PDF inclusion: multiple pdfs with page group included in a single page
> <./svg-inkscape/EingangskennlinieP-MosfetSelbstsperrend_svg-tex.pdf

pdfTeX warning: pdflatex (file ./svg-inkscape/EingangskennlinieP-MosfetSelbstsperrend_svg-tex.pdf): PDF inclusion: multiple pdfs with page group included in a single page
> <./svg-inkscape/EingangskennlinieP-MosfetSelbstsperrend_svg-tex.pdf

pdfTeX warning: pdflatex (file ./svg-inkscape/EingangskennlinieP-MosfetSelbstsperrend_svg-tex.pdf): PDF inclusion: multiple pdfs with page group included in a single page
> <./svg-inkscape/AusgangskennlinieP-MosfetSelbstsperrend_svg-tex.pdf

pdfTeX warning: pdflatex (file ./svg-inkscape/AusgangskennlinieP-MosfetSelbstsperrend_svg-tex.pdf): PDF inclusion: multiple pdfs with page group included in a single page
> <./svg-inkscape/AusgangskennlinieP-MosfetSelbstsperrend_svg-tex.pdf

pdfTeX warning: pdflatex (file ./svg-inkscape/AusgangskennlinieP-MosfetSelbstsperrend_svg-tex.pdf): PDF inclusion: multiple pdfs with page group included in a single page
> <./svg-inkscape/AusgangskennlinieP-MosfetSelbstsperrend_svg-tex.pdf

pdfTeX warning: pdflatex (file ./svg-inkscape/AusgangskennlinieP-MosfetSelbstsperrend_svg-tex.pdf): PDF inclusion: multiple pdfs with page group included in a single page
>] (./Tikz/src/NMOSFETleitend.tex)
Package svg Info: Last page of `./svg-inkscape/EingangskennlinieN-MosfetSelbstleitend_svg-tex.pdf' is 3 on input line 1670.
 (./svg-inkscape/EingangskennlinieN-MosfetSelbstleitend_svg-tex.pdf_tex
<./svg-inkscape/EingangskennlinieN-MosfetSelbstleitend_svg-tex.pdf, id=1821, page=1, 356.6577pt x 222.35826pt>
File: ./svg-inkscape/EingangskennlinieN-MosfetSelbstleitend_svg-tex.pdf Graphic file (type pdf)
<use ./svg-inkscape/EingangskennlinieN-MosfetSelbstleitend_svg-tex.pdf, page 1>
Package pdftex.def Info: ./svg-inkscape/EingangskennlinieN-MosfetSelbstleitend_svg-tex.pdf , page1 used on input line 56.
(pdftex.def)             Requested size: 105.16235pt x 65.56119pt.
<./svg-inkscape/EingangskennlinieN-MosfetSelbstleitend_svg-tex.pdf, id=1822, page=2, 356.6577pt x 222.35826pt>
File: ./svg-inkscape/EingangskennlinieN-MosfetSelbstleitend_svg-tex.pdf Graphic file (type pdf)
<use ./svg-inkscape/EingangskennlinieN-MosfetSelbstleitend_svg-tex.pdf, page 2>
Package pdftex.def Info: ./svg-inkscape/EingangskennlinieN-MosfetSelbstleitend_svg-tex.pdf , page2 used on input line 58.
(pdftex.def)             Requested size: 105.16235pt x 65.56119pt.
<./svg-inkscape/EingangskennlinieN-MosfetSelbstleitend_svg-tex.pdf, id=1823, page=3, 356.6577pt x 222.35826pt>
File: ./svg-inkscape/EingangskennlinieN-MosfetSelbstleitend_svg-tex.pdf Graphic file (type pdf)
<use ./svg-inkscape/EingangskennlinieN-MosfetSelbstleitend_svg-tex.pdf, page 3>
Package pdftex.def Info: ./svg-inkscape/EingangskennlinieN-MosfetSelbstleitend_svg-tex.pdf , page3 used on input line 60.
(pdftex.def)             Requested size: 105.16235pt x 65.56119pt.
)
Package svg Info: Last page of `./svg-inkscape/AusgangskennlinieN-MosfetSelbstleitend_svg-tex.pdf' is 3 on input line 1670.
 (./svg-inkscape/AusgangskennlinieN-MosfetSelbstleitend_svg-tex.pdf_tex
<./svg-inkscape/AusgangskennlinieN-MosfetSelbstleitend_svg-tex.pdf, id=1825, page=1, 349.13634pt x 222.35826pt>
File: ./svg-inkscape/AusgangskennlinieN-MosfetSelbstleitend_svg-tex.pdf Graphic file (type pdf)
<use ./svg-inkscape/AusgangskennlinieN-MosfetSelbstleitend_svg-tex.pdf, page 1>
Package pdftex.def Info: ./svg-inkscape/AusgangskennlinieN-MosfetSelbstleitend_svg-tex.pdf , page1 used on input line 56.
(pdftex.def)             Requested size: 105.16235pt x 66.97603pt.
<./svg-inkscape/AusgangskennlinieN-MosfetSelbstleitend_svg-tex.pdf, id=1826, page=2, 349.13634pt x 222.35826pt>
File: ./svg-inkscape/AusgangskennlinieN-MosfetSelbstleitend_svg-tex.pdf Graphic file (type pdf)
<use ./svg-inkscape/AusgangskennlinieN-MosfetSelbstleitend_svg-tex.pdf, page 2>
Package pdftex.def Info: ./svg-inkscape/AusgangskennlinieN-MosfetSelbstleitend_svg-tex.pdf , page2 used on input line 58.
(pdftex.def)             Requested size: 105.16235pt x 66.97603pt.
<./svg-inkscape/AusgangskennlinieN-MosfetSelbstleitend_svg-tex.pdf, id=1827, page=3, 349.13634pt x 222.35826pt>
File: ./svg-inkscape/AusgangskennlinieN-MosfetSelbstleitend_svg-tex.pdf Graphic file (type pdf)
<use ./svg-inkscape/AusgangskennlinieN-MosfetSelbstleitend_svg-tex.pdf, page 3>
Package pdftex.def Info: ./svg-inkscape/AusgangskennlinieN-MosfetSelbstleitend_svg-tex.pdf , page3 used on input line 60.
(pdftex.def)             Requested size: 105.16235pt x 66.97603pt.
) (./Tikz/src/PMOSFETleitend.tex)
Package svg Info: Last page of `./svg-inkscape/EingangskennlinieP-MosfetSelbstleitend_svg-tex.pdf' is 3 on input line 1670.
 (./svg-inkscape/EingangskennlinieP-MosfetSelbstleitend_svg-tex.pdf_tex
<./svg-inkscape/EingangskennlinieP-MosfetSelbstleitend_svg-tex.pdf, id=1829, page=1, 356.6577pt x 222.35826pt>
File: ./svg-inkscape/EingangskennlinieP-MosfetSelbstleitend_svg-tex.pdf Graphic file (type pdf)
<use ./svg-inkscape/EingangskennlinieP-MosfetSelbstleitend_svg-tex.pdf, page 1>
Package pdftex.def Info: ./svg-inkscape/EingangskennlinieP-MosfetSelbstleitend_svg-tex.pdf , page1 used on input line 56.
(pdftex.def)             Requested size: 105.16235pt x 65.56119pt.
<./svg-inkscape/EingangskennlinieP-MosfetSelbstleitend_svg-tex.pdf, id=1830, page=2, 356.6577pt x 222.35826pt>
File: ./svg-inkscape/EingangskennlinieP-MosfetSelbstleitend_svg-tex.pdf Graphic file (type pdf)
<use ./svg-inkscape/EingangskennlinieP-MosfetSelbstleitend_svg-tex.pdf, page 2>
Package pdftex.def Info: ./svg-inkscape/EingangskennlinieP-MosfetSelbstleitend_svg-tex.pdf , page2 used on input line 58.
(pdftex.def)             Requested size: 105.16235pt x 65.56119pt.
<./svg-inkscape/EingangskennlinieP-MosfetSelbstleitend_svg-tex.pdf, id=1831, page=3, 356.6577pt x 222.35826pt>
File: ./svg-inkscape/EingangskennlinieP-MosfetSelbstleitend_svg-tex.pdf Graphic file (type pdf)
<use ./svg-inkscape/EingangskennlinieP-MosfetSelbstleitend_svg-tex.pdf, page 3>
Package pdftex.def Info: ./svg-inkscape/EingangskennlinieP-MosfetSelbstleitend_svg-tex.pdf , page3 used on input line 60.
(pdftex.def)             Requested size: 105.16235pt x 65.56119pt.
)
Package svg Info: Last page of `./svg-inkscape/AusgangskennlinieP-MosfetSelbstleitend_svg-tex.pdf' is 3 on input line 1670.
 (./svg-inkscape/AusgangskennlinieP-MosfetSelbstleitend_svg-tex.pdf_tex
<./svg-inkscape/AusgangskennlinieP-MosfetSelbstleitend_svg-tex.pdf, id=1833, page=1, 374.86745pt x 222.35826pt>
File: ./svg-inkscape/AusgangskennlinieP-MosfetSelbstleitend_svg-tex.pdf Graphic file (type pdf)
<use ./svg-inkscape/AusgangskennlinieP-MosfetSelbstleitend_svg-tex.pdf, page 1>
Package pdftex.def Info: ./svg-inkscape/AusgangskennlinieP-MosfetSelbstleitend_svg-tex.pdf , page1 used on input line 56.
(pdftex.def)             Requested size: 105.16235pt x 62.37863pt.
<./svg-inkscape/AusgangskennlinieP-MosfetSelbstleitend_svg-tex.pdf, id=1834, page=2, 374.86745pt x 222.35826pt>
File: ./svg-inkscape/AusgangskennlinieP-MosfetSelbstleitend_svg-tex.pdf Graphic file (type pdf)
<use ./svg-inkscape/AusgangskennlinieP-MosfetSelbstleitend_svg-tex.pdf, page 2>
Package pdftex.def Info: ./svg-inkscape/AusgangskennlinieP-MosfetSelbstleitend_svg-tex.pdf , page2 used on input line 58.
(pdftex.def)             Requested size: 105.16235pt x 62.37863pt.
<./svg-inkscape/AusgangskennlinieP-MosfetSelbstleitend_svg-tex.pdf, id=1835, page=3, 374.86745pt x 222.35826pt>
File: ./svg-inkscape/AusgangskennlinieP-MosfetSelbstleitend_svg-tex.pdf Graphic file (type pdf)
<use ./svg-inkscape/AusgangskennlinieP-MosfetSelbstleitend_svg-tex.pdf, page 3>
Package pdftex.def Info: ./svg-inkscape/AusgangskennlinieP-MosfetSelbstleitend_svg-tex.pdf , page3 used on input line 60.
(pdftex.def)             Requested size: 105.16235pt x 62.37863pt.
) [169

 <./svg-inkscape/EingangskennlinieN-MosfetSelbstleitend_svg-tex.pdf> <./svg-inkscape/EingangskennlinieN-MosfetSelbstleitend_svg-tex.pdf

pdfTeX warning: pdflatex (file ./svg-inkscape/EingangskennlinieN-MosfetSelbstleitend_svg-tex.pdf): PDF inclusion: multiple pdfs with page group included in a single page
> <./svg-inkscape/EingangskennlinieN-MosfetSelbstleitend_svg-tex.pdf

pdfTeX warning: pdflatex (file ./svg-inkscape/EingangskennlinieN-MosfetSelbstleitend_svg-tex.pdf): PDF inclusion: multiple pdfs with page group included in a single page
> <./svg-inkscape/AusgangskennlinieN-MosfetSelbstleitend_svg-tex.pdf

pdfTeX warning: pdflatex (file ./svg-inkscape/AusgangskennlinieN-MosfetSelbstleitend_svg-tex.pdf): PDF inclusion: multiple pdfs with page group included in a single page
> <./svg-inkscape/AusgangskennlinieN-MosfetSelbstleitend_svg-tex.pdf

pdfTeX warning: pdflatex (file ./svg-inkscape/AusgangskennlinieN-MosfetSelbstleitend_svg-tex.pdf): PDF inclusion: multiple pdfs with page group included in a single page
> <./svg-inkscape/AusgangskennlinieN-MosfetSelbstleitend_svg-tex.pdf

pdfTeX warning: pdflatex (file ./svg-inkscape/AusgangskennlinieN-MosfetSelbstleitend_svg-tex.pdf): PDF inclusion: multiple pdfs with page group included in a single page
> <./svg-inkscape/EingangskennlinieP-MosfetSelbstleitend_svg-tex.pdf

pdfTeX warning: pdflatex (file ./svg-inkscape/EingangskennlinieP-MosfetSelbstleitend_svg-tex.pdf): PDF inclusion: multiple pdfs with page group included in a single page
> <./svg-inkscape/EingangskennlinieP-MosfetSelbstleitend_svg-tex.pdf

pdfTeX warning: pdflatex (file ./svg-inkscape/EingangskennlinieP-MosfetSelbstleitend_svg-tex.pdf): PDF inclusion: multiple pdfs with page group included in a single page
> <./svg-inkscape/EingangskennlinieP-MosfetSelbstleitend_svg-tex.pdf

pdfTeX warning: pdflatex (file ./svg-inkscape/EingangskennlinieP-MosfetSelbstleitend_svg-tex.pdf): PDF inclusion: multiple pdfs with page group included in a single page
> <./svg-inkscape/AusgangskennlinieP-MosfetSelbstleitend_svg-tex.pdf

pdfTeX warning: pdflatex (file ./svg-inkscape/AusgangskennlinieP-MosfetSelbstleitend_svg-tex.pdf): PDF inclusion: multiple pdfs with page group included in a single page
> <./svg-inkscape/AusgangskennlinieP-MosfetSelbstleitend_svg-tex.pdf

pdfTeX warning: pdflatex (file ./svg-inkscape/AusgangskennlinieP-MosfetSelbstleitend_svg-tex.pdf): PDF inclusion: multiple pdfs with page group included in a single page
> <./svg-inkscape/AusgangskennlinieP-MosfetSelbstleitend_svg-tex.pdf

pdfTeX warning: pdflatex (file ./svg-inkscape/AusgangskennlinieP-MosfetSelbstleitend_svg-tex.pdf): PDF inclusion: multiple pdfs with page group included in a single page
>] [170

]
Package svg Info: Last page of `./svg-inkscape/QuerschnittCMOSStruktur_svg-tex.pdf' is 8 on input line 1692.
 (./svg-inkscape/QuerschnittCMOSStruktur_svg-tex.pdf_tex
<./svg-inkscape/QuerschnittCMOSStruktur_svg-tex.pdf, id=1857, page=1, 669.20554pt x 233.31226pt>
File: ./svg-inkscape/QuerschnittCMOSStruktur_svg-tex.pdf Graphic file (type pdf)
<use ./svg-inkscape/QuerschnittCMOSStruktur_svg-tex.pdf, page 1>
Package pdftex.def Info: ./svg-inkscape/QuerschnittCMOSStruktur_svg-tex.pdf , page1 used on input line 56.
(pdftex.def)             Requested size: 398.3386pt x 138.87769pt.
<./svg-inkscape/QuerschnittCMOSStruktur_svg-tex.pdf, id=1858, page=2, 669.20554pt x 233.31226pt>
File: ./svg-inkscape/QuerschnittCMOSStruktur_svg-tex.pdf Graphic file (type pdf)
<use ./svg-inkscape/QuerschnittCMOSStruktur_svg-tex.pdf, page 2>
Package pdftex.def Info: ./svg-inkscape/QuerschnittCMOSStruktur_svg-tex.pdf , page2 used on input line 58.
(pdftex.def)             Requested size: 398.3386pt x 138.87769pt.
<./svg-inkscape/QuerschnittCMOSStruktur_svg-tex.pdf, id=1859, page=3, 669.20554pt x 233.31226pt>
File: ./svg-inkscape/QuerschnittCMOSStruktur_svg-tex.pdf Graphic file (type pdf)
<use ./svg-inkscape/QuerschnittCMOSStruktur_svg-tex.pdf, page 3>
Package pdftex.def Info: ./svg-inkscape/QuerschnittCMOSStruktur_svg-tex.pdf , page3 used on input line 65.
(pdftex.def)             Requested size: 398.3386pt x 138.87769pt.
<./svg-inkscape/QuerschnittCMOSStruktur_svg-tex.pdf, id=1860, page=4, 669.20554pt x 233.31226pt>
File: ./svg-inkscape/QuerschnittCMOSStruktur_svg-tex.pdf Graphic file (type pdf)
<use ./svg-inkscape/QuerschnittCMOSStruktur_svg-tex.pdf, page 4>
Package pdftex.def Info: ./svg-inkscape/QuerschnittCMOSStruktur_svg-tex.pdf , page4 used on input line 67.
(pdftex.def)             Requested size: 398.3386pt x 138.87769pt.
<./svg-inkscape/QuerschnittCMOSStruktur_svg-tex.pdf, id=1861, page=5, 669.20554pt x 233.31226pt>
File: ./svg-inkscape/QuerschnittCMOSStruktur_svg-tex.pdf Graphic file (type pdf)
<use ./svg-inkscape/QuerschnittCMOSStruktur_svg-tex.pdf, page 5>
Package pdftex.def Info: ./svg-inkscape/QuerschnittCMOSStruktur_svg-tex.pdf , page5 used on input line 71.
(pdftex.def)             Requested size: 398.3386pt x 138.87769pt.
<./svg-inkscape/QuerschnittCMOSStruktur_svg-tex.pdf, id=1862, page=6, 669.20554pt x 233.31226pt>
File: ./svg-inkscape/QuerschnittCMOSStruktur_svg-tex.pdf Graphic file (type pdf)
<use ./svg-inkscape/QuerschnittCMOSStruktur_svg-tex.pdf, page 6>
Package pdftex.def Info: ./svg-inkscape/QuerschnittCMOSStruktur_svg-tex.pdf , page6 used on input line 74.
(pdftex.def)             Requested size: 398.3386pt x 138.87769pt.
<./svg-inkscape/QuerschnittCMOSStruktur_svg-tex.pdf, id=1863, page=7, 669.20554pt x 233.31226pt>
File: ./svg-inkscape/QuerschnittCMOSStruktur_svg-tex.pdf Graphic file (type pdf)
<use ./svg-inkscape/QuerschnittCMOSStruktur_svg-tex.pdf, page 7>
Package pdftex.def Info: ./svg-inkscape/QuerschnittCMOSStruktur_svg-tex.pdf , page7 used on input line 76.
(pdftex.def)             Requested size: 398.3386pt x 138.87769pt.
<./svg-inkscape/QuerschnittCMOSStruktur_svg-tex.pdf, id=1864, page=8, 669.20554pt x 233.31226pt>
File: ./svg-inkscape/QuerschnittCMOSStruktur_svg-tex.pdf Graphic file (type pdf)
<use ./svg-inkscape/QuerschnittCMOSStruktur_svg-tex.pdf, page 8>
Package pdftex.def Info: ./svg-inkscape/QuerschnittCMOSStruktur_svg-tex.pdf , page8 used on input line 79.
(pdftex.def)             Requested size: 398.3386pt x 138.87769pt.
) [171

 <./svg-inkscape/QuerschnittCMOSStruktur_svg-tex.pdf> <./svg-inkscape/QuerschnittCMOSStruktur_svg-tex.pdf

pdfTeX warning: pdflatex (file ./svg-inkscape/QuerschnittCMOSStruktur_svg-tex.pdf): PDF inclusion: multiple pdfs with page group included in a single page
> <./svg-inkscape/QuerschnittCMOSStruktur_svg-tex.pdf

pdfTeX warning: pdflatex (file ./svg-inkscape/QuerschnittCMOSStruktur_svg-tex.pdf): PDF inclusion: multiple pdfs with page group included in a single page
> <./svg-inkscape/QuerschnittCMOSStruktur_svg-tex.pdf

pdfTeX warning: pdflatex (file ./svg-inkscape/QuerschnittCMOSStruktur_svg-tex.pdf): PDF inclusion: multiple pdfs with page group included in a single page
> <./svg-inkscape/QuerschnittCMOSStruktur_svg-tex.pdf

pdfTeX warning: pdflatex (file ./svg-inkscape/QuerschnittCMOSStruktur_svg-tex.pdf): PDF inclusion: multiple pdfs with page group included in a single page
> <./svg-inkscape/QuerschnittCMOSStruktur_svg-tex.pdf

pdfTeX warning: pdflatex (file ./svg-inkscape/QuerschnittCMOSStruktur_svg-tex.pdf): PDF inclusion: multiple pdfs with page group included in a single page
> <./svg-inkscape/QuerschnittCMOSStruktur_svg-tex.pdf

pdfTeX warning: pdflatex (file ./svg-inkscape/QuerschnittCMOSStruktur_svg-tex.pdf): PDF inclusion: multiple pdfs with page group included in a single page
> <./svg-inkscape/QuerschnittCMOSStruktur_svg-tex.pdf

pdfTeX warning: pdflatex (file ./svg-inkscape/QuerschnittCMOSStruktur_svg-tex.pdf): PDF inclusion: multiple pdfs with page group included in a single page
>]
Package svg Info: Last page of `./svg-inkscape/QuerschnittN-KanalJFET_svg-tex.pdf' is 8 on input line 1704.
 (./svg-inkscape/QuerschnittN-KanalJFET_svg-tex.pdf_tex
<./svg-inkscape/QuerschnittN-KanalJFET_svg-tex.pdf, id=1875, page=1, 551.8599pt x 284.66467pt>
File: ./svg-inkscape/QuerschnittN-KanalJFET_svg-tex.pdf Graphic file (type pdf)
<use ./svg-inkscape/QuerschnittN-KanalJFET_svg-tex.pdf, page 1>
Package pdftex.def Info: ./svg-inkscape/QuerschnittN-KanalJFET_svg-tex.pdf , page1 used on input line 56.
(pdftex.def)             Requested size: 398.3386pt x 205.4753pt.
<./svg-inkscape/QuerschnittN-KanalJFET_svg-tex.pdf, id=1876, page=2, 551.8599pt x 284.66467pt>
File: ./svg-inkscape/QuerschnittN-KanalJFET_svg-tex.pdf Graphic file (type pdf)
<use ./svg-inkscape/QuerschnittN-KanalJFET_svg-tex.pdf, page 2>
Package pdftex.def Info: ./svg-inkscape/QuerschnittN-KanalJFET_svg-tex.pdf , page2 used on input line 58.
(pdftex.def)             Requested size: 398.3386pt x 205.4753pt.
<./svg-inkscape/QuerschnittN-KanalJFET_svg-tex.pdf, id=1877, page=3, 551.8599pt x 284.66467pt>
File: ./svg-inkscape/QuerschnittN-KanalJFET_svg-tex.pdf Graphic file (type pdf)
<use ./svg-inkscape/QuerschnittN-KanalJFET_svg-tex.pdf, page 3>
Package pdftex.def Info: ./svg-inkscape/QuerschnittN-KanalJFET_svg-tex.pdf , page3 used on input line 60.
(pdftex.def)             Requested size: 398.3386pt x 205.4753pt.
<./svg-inkscape/QuerschnittN-KanalJFET_svg-tex.pdf, id=1878, page=4, 551.8599pt x 284.66467pt>
File: ./svg-inkscape/QuerschnittN-KanalJFET_svg-tex.pdf Graphic file (type pdf)
<use ./svg-inkscape/QuerschnittN-KanalJFET_svg-tex.pdf, page 4>
Package pdftex.def Info: ./svg-inkscape/QuerschnittN-KanalJFET_svg-tex.pdf , page4 used on input line 62.
(pdftex.def)             Requested size: 398.3386pt x 205.4753pt.
<./svg-inkscape/QuerschnittN-KanalJFET_svg-tex.pdf, id=1879, page=5, 551.8599pt x 284.66467pt>
File: ./svg-inkscape/QuerschnittN-KanalJFET_svg-tex.pdf Graphic file (type pdf)
<use ./svg-inkscape/QuerschnittN-KanalJFET_svg-tex.pdf, page 5>
Package pdftex.def Info: ./svg-inkscape/QuerschnittN-KanalJFET_svg-tex.pdf , page5 used on input line 64.
(pdftex.def)             Requested size: 398.3386pt x 205.4753pt.
<./svg-inkscape/QuerschnittN-KanalJFET_svg-tex.pdf, id=1880, page=6, 551.8599pt x 284.66467pt>
File: ./svg-inkscape/QuerschnittN-KanalJFET_svg-tex.pdf Graphic file (type pdf)
<use ./svg-inkscape/QuerschnittN-KanalJFET_svg-tex.pdf, page 6>
Package pdftex.def Info: ./svg-inkscape/QuerschnittN-KanalJFET_svg-tex.pdf , page6 used on input line 66.
(pdftex.def)             Requested size: 398.3386pt x 205.4753pt.
<./svg-inkscape/QuerschnittN-KanalJFET_svg-tex.pdf, id=1881, page=7, 551.8599pt x 284.66467pt>
File: ./svg-inkscape/QuerschnittN-KanalJFET_svg-tex.pdf Graphic file (type pdf)
<use ./svg-inkscape/QuerschnittN-KanalJFET_svg-tex.pdf, page 7>
Package pdftex.def Info: ./svg-inkscape/QuerschnittN-KanalJFET_svg-tex.pdf , page7 used on input line 70.
(pdftex.def)             Requested size: 398.3386pt x 205.4753pt.
<./svg-inkscape/QuerschnittN-KanalJFET_svg-tex.pdf, id=1882, page=8, 551.8599pt x 284.66467pt>
File: ./svg-inkscape/QuerschnittN-KanalJFET_svg-tex.pdf Graphic file (type pdf)
<use ./svg-inkscape/QuerschnittN-KanalJFET_svg-tex.pdf, page 8>
Package pdftex.def Info: ./svg-inkscape/QuerschnittN-KanalJFET_svg-tex.pdf , page8 used on input line 72.
(pdftex.def)             Requested size: 398.3386pt x 205.4753pt.
) [172

 <./svg-inkscape/QuerschnittN-KanalJFET_svg-tex.pdf> <./svg-inkscape/QuerschnittN-KanalJFET_svg-tex.pdf

pdfTeX warning: pdflatex (file ./svg-inkscape/QuerschnittN-KanalJFET_svg-tex.pdf): PDF inclusion: multiple pdfs with page group included in a single page
> <./svg-inkscape/QuerschnittN-KanalJFET_svg-tex.pdf

pdfTeX warning: pdflatex (file ./svg-inkscape/QuerschnittN-KanalJFET_svg-tex.pdf): PDF inclusion: multiple pdfs with page group included in a single page
> <./svg-inkscape/QuerschnittN-KanalJFET_svg-tex.pdf

pdfTeX warning: pdflatex (file ./svg-inkscape/QuerschnittN-KanalJFET_svg-tex.pdf): PDF inclusion: multiple pdfs with page group included in a single page
> <./svg-inkscape/QuerschnittN-KanalJFET_svg-tex.pdf

pdfTeX warning: pdflatex (file ./svg-inkscape/QuerschnittN-KanalJFET_svg-tex.pdf): PDF inclusion: multiple pdfs with page group included in a single page
> <./svg-inkscape/QuerschnittN-KanalJFET_svg-tex.pdf

pdfTeX warning: pdflatex (file ./svg-inkscape/QuerschnittN-KanalJFET_svg-tex.pdf): PDF inclusion: multiple pdfs with page group included in a single page
> <./svg-inkscape/QuerschnittN-KanalJFET_svg-tex.pdf

pdfTeX warning: pdflatex (file ./svg-inkscape/QuerschnittN-KanalJFET_svg-tex.pdf): PDF inclusion: multiple pdfs with page group included in a single page
> <./svg-inkscape/QuerschnittN-KanalJFET_svg-tex.pdf

pdfTeX warning: pdflatex (file ./svg-inkscape/QuerschnittN-KanalJFET_svg-tex.pdf): PDF inclusion: multiple pdfs with page group included in a single page
>] [173

] (./Tikz/src/MosfetAlsSteuerbarerWiderstand_1.tex
\absvshift=\dimen555
\absvshift=\dimen556
) (./Tikz/src/MosfetAlsSteuerbarerWiderstand_2.tex
\absvshift=\dimen557
) [174

] [175

] (./Tikz/src/MosfetAlsSchalter_1.tex
\absvshift=\dimen558
) (./Tikz/src/MosfetAlsSchalter_2.tex
\absvshift=\dimen559
) [176

] [177

] (./Tikz/src/MosfetAlsInverter1.tex
\absvshift=\dimen560
\absvshift=\dimen561
)
Overfull \hbox (11.49864pt too wide) in paragraph at lines 36--1788
 [][] 
 []

Package svg Info: Last page of `./svg-inkscape/MosfetAlsInverter3_svg-tex.pdf' is 2 on input line 1788.
(./svg-inkscape/MosfetAlsInverter3_svg-tex.pdf_tex
<./svg-inkscape/MosfetAlsInverter3_svg-tex.pdf, id=1930, page=1, 377.26309pt x 284.28156pt>
File: ./svg-inkscape/MosfetAlsInverter3_svg-tex.pdf Graphic file (type pdf)
<use ./svg-inkscape/MosfetAlsInverter3_svg-tex.pdf, page 1>
Package pdftex.def Info: ./svg-inkscape/MosfetAlsInverter3_svg-tex.pdf , page1 used on input line 56.
(pdftex.def)             Requested size: 172.07956pt x 129.6693pt.
<./svg-inkscape/MosfetAlsInverter3_svg-tex.pdf, id=1931, page=2, 377.26309pt x 284.28156pt>
File: ./svg-inkscape/MosfetAlsInverter3_svg-tex.pdf Graphic file (type pdf)
<use ./svg-inkscape/MosfetAlsInverter3_svg-tex.pdf, page 2>
Package pdftex.def Info: ./svg-inkscape/MosfetAlsInverter3_svg-tex.pdf , page2 used on input line 69.
(pdftex.def)             Requested size: 172.07956pt x 129.6693pt.
) [178

 <./svg-inkscape/MosfetAlsInverter3_svg-tex.pdf> <./svg-inkscape/MosfetAlsInverter3_svg-tex.pdf

pdfTeX warning: pdflatex (file ./svg-inkscape/MosfetAlsInverter3_svg-tex.pdf): PDF inclusion: multiple pdfs with page group included in a single page
>]))
\tf@nav=\write9
\openout9 = `Folien.nav'.

\tf@toc=\write10
\openout10 = `Folien.toc'.

\tf@snm=\write11
\openout11 = `Folien.snm'.

 (./Folien.aux)
 ***********
LaTeX2e <2023-11-01> patch level 1
L3 programming layer <2024-01-22>
 ***********
Package rerunfilecheck Info: File `Folien.out' has not changed.
(rerunfilecheck)             Checksum: 143043FA4EA5A20D5C28D97736F4F19A;199.
 ) 
Here is how much of TeX's memory you used:
 88574 strings out of 476056
 2411917 string characters out of 5791604
 3028904 words of memory out of 5000000
 108521 multiletter control sequences out of 15000+600000
 578363 words of font info for 114 fonts, out of 8000000 for 9000
 59 hyphenation exceptions out of 8191
 115i,28n,134p,855b,2256s stack positions out of 10000i,1000n,20000p,200000b,200000s
 </root/.texlive2023/texmf-var/fonts/pk/ljfour/jknappen/ec/tcss1000.600pk> </root/.texlive2023/texmf-var/fonts/pk/ljfour/jknappen/ec/tcss1095.600pk></usr/share/texlive/texmf-dist/fonts/type1/public/amsfonts/cm/cmmi10.pfb></usr/share/texlive/texmf-dist/fonts/type1/public/amsfonts/cm/cmmi6.pfb></usr/share/texlive/texmf-dist/fonts/type1/public/amsfonts/cm/cmmi7.pfb></usr/share/texlive/texmf-dist/fonts/type1/public/amsfonts/cm/cmmi8.pfb></usr/share/texlive/texmf-dist/fonts/type1/public/amsfonts/cm/cmr10.pfb></usr/share/texlive/texmf-dist/fonts/type1/public/amsfonts/cm/cmr6.pfb></usr/share/texlive/texmf-dist/fonts/type1/public/amsfonts/cm/cmr7.pfb></usr/share/texlive/texmf-dist/fonts/type1/public/amsfonts/cm/cmr8.pfb></usr/share/texlive/texmf-dist/fonts/type1/public/amsfonts/cm/cmss10.pfb></usr/share/texlive/texmf-dist/fonts/type1/public/amsfonts/cm/cmss12.pfb></usr/share/texlive/texmf-dist/fonts/type1/public/amsfonts/cm/cmss17.pfb></usr/share/texlive/texmf-dist/fonts/type1/public/amsfonts/cm/cmss8.pfb></usr/share/texlive/texmf-dist/fonts/type1/public/amsfonts/cm/cmss9.pfb></usr/share/texlive/texmf-dist/fonts/type1/public/amsfonts/cm/cmssbx10.pfb></usr/share/texlive/texmf-dist/fonts/type1/public/amsfonts/cm/cmssi8.pfb></usr/share/texlive/texmf-dist/fonts/type1/public/amsfonts/cm/cmsy10.pfb></usr/share/texlive/texmf-dist/fonts/type1/public/amsfonts/cm/cmsy6.pfb></usr/share/texlive/texmf-dist/fonts/type1/public/amsfonts/cm/cmsy8.pfb></usr/share/texlive/texmf-dist/fonts/type1/public/amsfonts/symbols/msam10.pfb>
Output written on Folien.pdf (178 pages, 1451034 bytes).
PDF statistics:
 2112 PDF objects out of 2487 (max. 8388607)
 1317 compressed objects within 14 object streams
 372 named destinations out of 1000 (max. 500000)
 2284 words of extra memory for PDF output out of 10000 (max. 10000000)

