This is pdfTeX, Version 3.141592653-2.6-1.40.25 (TeX Live 2023/Debian) (preloaded format=pdflatex 2025.7.14)  18 FEB 2026 10:00
entering extended mode
 \write18 enabled.
 file:line:error style messages enabled.
 %&-line parsing enabled.
**/workspace/modul-09-halbleiterbauelemente/Skript.tex
(/workspace/modul-09-halbleiterbauelemente/Skript.tex
LaTeX2e <2023-11-01> patch level 1
L3 programming layer <2024-01-22>
runsystem(makeindex -g -s ../Templates/Arbeit.ist TeXAux/Skript.idx)...executed.

runsystem(cat TeXAux/Skript.nlo | sort | uniq -w 55 | makeindex -i -s nomencl.ist -o TeXAux/Skript.nls)...executed.

runsystem(cd TeXAux;gnuplot *.gnuplot;cd ..;)...executed.

(/usr/share/texlive/texmf-dist/tex/latex/base/article.cls
Document Class: article 2023/05/17 v1.4n Standard LaTeX document class
(/usr/share/texlive/texmf-dist/tex/latex/base/size10.clo
File: size10.clo 2023/05/17 v1.4n Standard LaTeX file (size option)
)
\c@part=\count187
\c@section=\count188
\c@subsection=\count189
\c@subsubsection=\count190
\c@paragraph=\count191
\c@subparagraph=\count192
\c@figure=\count193
\c@table=\count194
\abovecaptionskip=\skip48
\belowcaptionskip=\skip49
\bibindent=\dimen140
) (/usr/share/texlive/texmf-dist/tex/latex/beamer/beamerarticle.sty
Package: beamerarticle 2024/01/06 v3.71 beamer input in article mode
 (/usr/share/texlive/texmf-dist/tex/latex/beamer/beamerbasemodes.sty (/usr/share/texlive/texmf-dist/tex/latex/etoolbox/etoolbox.sty
Package: etoolbox 2020/10/05 v2.5k e-TeX tools for LaTeX (JAW)
\etb@tempcnta=\count195
)
\beamer@tempbox=\box51
\beamer@tempcount=\count196
\c@beamerpauses=\count197
 (/usr/share/texlive/texmf-dist/tex/latex/beamer/beamerbasedecode.sty
\beamer@slideinframe=\count198
\beamer@minimum=\count199
\beamer@decode@box=\box52
)
\beamer@commentbox=\box53
\beamer@modecount=\count266
)) (/usr/share/texlive/texmf-dist/tex/latex/beamer/beamerbasearticle.sty (/usr/share/texlive/texmf-dist/tex/latex/beamer/beamerbaseoptions.sty (/usr/share/texlive/texmf-dist/tex/latex/graphics/keyval.sty
Package: keyval 2022/05/29 v1.15 key=value parser (DPC)
\KV@toks@=\toks17
)) (/usr/share/texlive/texmf-dist/tex/latex/xcolor/xcolor.sty
Package: xcolor 2023/11/15 v3.01 LaTeX color extensions (UK)
 (/usr/share/texlive/texmf-dist/tex/latex/graphics-cfg/color.cfg
File: color.cfg 2016/01/02 v1.6 sample color configuration
)
Package xcolor Info: Driver file: pdftex.def on input line 274.
 (/usr/share/texlive/texmf-dist/tex/latex/graphics-def/pdftex.def
File: pdftex.def 2022/09/22 v1.2b Graphics/color driver for pdftex
) (/usr/share/texlive/texmf-dist/tex/latex/graphics/mathcolor.ltx)
Package xcolor Info: Model `cmy' substituted by `cmy0' on input line 1350.
Package xcolor Info: Model `hsb' substituted by `rgb' on input line 1354.
Package xcolor Info: Model `RGB' extended on input line 1366.
Package xcolor Info: Model `HTML' substituted by `rgb' on input line 1368.
Package xcolor Info: Model `Hsb' substituted by `hsb' on input line 1369.
Package xcolor Info: Model `tHsb' substituted by `hsb' on input line 1370.
Package xcolor Info: Model `HSB' substituted by `hsb' on input line 1371.
Package xcolor Info: Model `Gray' substituted by `gray' on input line 1372.
Package xcolor Info: Model `wave' substituted by `hsb' on input line 1373.
) (/usr/share/texlive/texmf-dist/tex/latex/beamer/beamerbaserequires.sty (/usr/share/texlive/texmf-dist/tex/latex/beamer/beamerbasecompatibility.sty) (/usr/share/texlive/texmf-dist/tex/latex/beamer/beamerbasefont.sty (/usr/share/texlive/texmf-dist/tex/latex/amsfonts/amssymb.sty
Package: amssymb 2013/01/14 v3.01 AMS font symbols
 (/usr/share/texlive/texmf-dist/tex/latex/amsfonts/amsfonts.sty
Package: amsfonts 2013/01/14 v3.01 Basic AMSFonts support
\@emptytoks=\toks18
\symAMSa=\mathgroup4
\symAMSb=\mathgroup5
LaTeX Font Info:    Redeclaring math symbol \hbar on input line 98.
LaTeX Font Info:    Overwriting math alphabet `\mathfrak' in version `bold'
(Font)                  U/euf/m/n --> U/euf/b/n on input line 106.
))) (/usr/share/texlive/texmf-dist/tex/latex/beamer/beamerbasetranslator.sty (/usr/share/texlive/texmf-dist/tex/latex/translator/translator.sty
Package: translator 2021-05-31 v1.12d Easy translation of strings in LaTeX
)) (/usr/share/texlive/texmf-dist/tex/latex/beamer/beamerbasemisc.sty) (/usr/share/texlive/texmf-dist/tex/latex/beamer/beamerbasetwoscreens.sty) (/usr/share/texlive/texmf-dist/tex/latex/beamer/beamerbaseoverlay.sty
\beamer@argscount=\count267
) (/usr/share/texlive/texmf-dist/tex/latex/beamer/beamerbasetitle.sty) (/usr/share/texlive/texmf-dist/tex/latex/beamer/beamerbasesection.sty) (/usr/share/texlive/texmf-dist/tex/latex/beamer/beamerbaseframe.sty
\c@framenumber=\count268
LaTeX Info: Redefining \\ on input line 781.
) (/usr/share/texlive/texmf-dist/tex/latex/beamer/beamerbaseverbatim.sty) (/usr/share/texlive/texmf-dist/tex/latex/beamer/beamerbaseframesize.sty) (/usr/share/texlive/texmf-dist/tex/latex/beamer/beamerbaseframecomponents.sty) (/usr/share/texlive/texmf-dist/tex/latex/beamer/beamerbasecolor.sty) (/usr/share/texlive/texmf-dist/tex/latex/beamer/beamerbasenotes.sty) (/usr/share/texlive/texmf-dist/tex/latex/beamer/beamerbasetoc.sty) (/usr/share/texlive/texmf-dist/tex/latex/beamer/beamerbasetemplates.sty
\beamer@sbttoks=\toks19
 (/usr/share/texlive/texmf-dist/tex/latex/beamer/beamerbaseauxtemplates.sty)) (/usr/share/texlive/texmf-dist/tex/latex/beamer/beamerbaselocalstructure.sty (/usr/share/texlive/texmf-dist/tex/latex/tools/enumerate.sty
Package: enumerate 2023/07/04 v3.00 enumerate extensions (DPC)
\@enLab=\toks20
)) (/usr/share/texlive/texmf-dist/tex/latex/beamer/beamerbasenavigation.sty) (/usr/share/texlive/texmf-dist/tex/latex/beamer/beamerbasetheorems.sty (/usr/share/texlive/texmf-dist/tex/latex/amsmath/amsmath.sty
Package: amsmath 2023/05/13 v2.17o AMS math features
\@mathmargin=\skip50

For additional information on amsmath, use the `?' option.
(/usr/share/texlive/texmf-dist/tex/latex/amsmath/amstext.sty
Package: amstext 2021/08/26 v2.01 AMS text
 (/usr/share/texlive/texmf-dist/tex/latex/amsmath/amsgen.sty
File: amsgen.sty 1999/11/30 v2.0 generic functions
\@emptytoks=\toks21
\ex@=\dimen141
)) (/usr/share/texlive/texmf-dist/tex/latex/amsmath/amsbsy.sty
Package: amsbsy 1999/11/29 v1.2d Bold Symbols
\pmbraise@=\dimen142
) (/usr/share/texlive/texmf-dist/tex/latex/amsmath/amsopn.sty
Package: amsopn 2022/04/08 v2.04 operator names
)
\inf@bad=\count269
LaTeX Info: Redefining \frac on input line 234.
\uproot@=\count270
\leftroot@=\count271
LaTeX Info: Redefining \overline on input line 399.
LaTeX Info: Redefining \colon on input line 410.
\classnum@=\count272
\DOTSCASE@=\count273
LaTeX Info: Redefining \ldots on input line 496.
LaTeX Info: Redefining \dots on input line 499.
LaTeX Info: Redefining \cdots on input line 620.
\Mathstrutbox@=\box54
\strutbox@=\box55
LaTeX Info: Redefining \big on input line 722.
LaTeX Info: Redefining \Big on input line 723.
LaTeX Info: Redefining \bigg on input line 724.
LaTeX Info: Redefining \Bigg on input line 725.
\big@size=\dimen143
LaTeX Font Info:    Redeclaring font encoding OML on input line 743.
LaTeX Font Info:    Redeclaring font encoding OMS on input line 744.
\macc@depth=\count274
LaTeX Info: Redefining \bmod on input line 905.
LaTeX Info: Redefining \pmod on input line 910.
LaTeX Info: Redefining \smash on input line 940.
LaTeX Info: Redefining \relbar on input line 970.
LaTeX Info: Redefining \Relbar on input line 971.
\c@MaxMatrixCols=\count275
\dotsspace@=\muskip16
\c@parentequation=\count276
\dspbrk@lvl=\count277
\tag@help=\toks22
\row@=\count278
\column@=\count279
\maxfields@=\count280
\andhelp@=\toks23
\eqnshift@=\dimen144
\alignsep@=\dimen145
\tagshift@=\dimen146
\tagwidth@=\dimen147
\totwidth@=\dimen148
\lineht@=\dimen149
\@envbody=\toks24
\multlinegap=\skip51
\multlinetaggap=\skip52
\mathdisplay@stack=\toks25
LaTeX Info: Redefining \[ on input line 2953.
LaTeX Info: Redefining \] on input line 2954.
) (/usr/share/texlive/texmf-dist/tex/latex/amscls/amsthm.sty
Package: amsthm 2020/05/29 v2.20.6
\thm@style=\toks26
\thm@bodyfont=\toks27
\thm@headfont=\toks28
\thm@notefont=\toks29
\thm@headpunct=\toks30
\thm@preskip=\skip53
\thm@postskip=\skip54
\thm@headsep=\skip55
\dth@everypar=\toks31
)
\c@theorem=\count281
) (/usr/share/texlive/texmf-dist/tex/latex/beamer/beamerbasethemes.sty))) (./Modulsettings.tex) (../Templates/Settings.tex (/usr/share/texlive/texmf-dist/tex/latex/base/inputenc.sty
Package: inputenc 2021/02/14 v1.3d Input encoding file
\inpenc@prehook=\toks32
\inpenc@posthook=\toks33
) (/usr/share/texlive/texmf-dist/tex/generic/babel/babel.sty
Package: babel 2024/01/07 v24.1 The Babel package
\babel@savecnt=\count282
\U@D=\dimen150
\l@unhyphenated=\language14
 (/usr/share/texlive/texmf-dist/tex/generic/babel/txtbabel.def)
\bbl@readstream=\read2
\bbl@dirlevel=\count283
 (/usr/share/texlive/texmf-dist/tex/generic/babel-german/ngerman.ldf
Language: ngerman 2024/01/19 v2.14 German support for babel (post-1996 orthography)
 (/usr/share/texlive/texmf-dist/tex/generic/babel-german/ngermanb.ldf
Language: ngermanb 2024/01/19 v2.14 German support for babel (post-1996 orthography)
Package babel Info: Making " an active character on input line 122.
))) (/usr/share/texlive/texmf-dist/tex/generic/babel/locale/de/babel-ngerman.tex
Package babel Info: Importing font and identification data for ngerman
(babel)             from babel-de.ini. Reported on input line 11.
) (/usr/share/texlive/texmf-dist/tex/latex/colortbl/colortbl.sty
Package: colortbl 2022/06/20 v1.0f Color table columns (DPC)
 (/usr/share/texlive/texmf-dist/tex/latex/tools/array.sty
Package: array 2023/10/16 v2.5g Tabular extension package (FMi)
\col@sep=\dimen151
\ar@mcellbox=\box56
\extrarowheight=\dimen152
\NC@list=\toks34
\extratabsurround=\skip56
\backup@length=\skip57
\ar@cellbox=\box57
)
\everycr=\toks35
\minrowclearance=\skip58
\rownum=\count284
) (/usr/share/texlive/texmf-dist/tex/latex/multirow/multirow.sty
Package: multirow 2021/03/15 v2.8 Span multiple rows of a table
\multirow@colwidth=\skip59
\multirow@cntb=\count285
\multirow@dima=\skip60
\bigstrutjot=\dimen153
) (/usr/share/texlive/texmf-dist/tex/latex/booktabs/booktabs.sty
Package: booktabs 2020/01/12 v1.61803398 Publication quality tables
\heavyrulewidth=\dimen154
\lightrulewidth=\dimen155
\cmidrulewidth=\dimen156
\belowrulesep=\dimen157
\belowbottomsep=\dimen158
\aboverulesep=\dimen159
\abovetopsep=\dimen160
\cmidrulesep=\dimen161
\cmidrulekern=\dimen162
\defaultaddspace=\dimen163
\@cmidla=\count286
\@cmidlb=\count287
\@aboverulesep=\dimen164
\@belowrulesep=\dimen165
\@thisruleclass=\count288
\@lastruleclass=\count289
\@thisrulewidth=\dimen166
) (/usr/share/texlive/texmf-dist/tex/latex/base/ifthen.sty
Package: ifthen 2022/04/13 v1.1d Standard LaTeX ifthen package (DPC)
) (/usr/share/texlive/texmf-dist/tex/latex/base/makeidx.sty
Package: makeidx 2021/10/04 v1.0m Standard LaTeX package
) (/usr/share/texlive/texmf-dist/tex/latex/nomencl/nomencl.sty
Package: nomencl 2021/11/10 v5.6 Nomenclature package
 (/usr/share/texlive/texmf-dist/tex/latex/xkeyval/xkeyval.sty
Package: xkeyval 2022/06/16 v2.9 package option processing (HA)
 (/usr/share/texlive/texmf-dist/tex/generic/xkeyval/xkeyval.tex (/usr/share/texlive/texmf-dist/tex/generic/xkeyval/xkvutils.tex
\XKV@toks=\toks36
\XKV@tempa@toks=\toks37
)
\XKV@depth=\count290
File: xkeyval.tex 2014/12/03 v2.7a key=value parser (HA)
)) (/usr/share/texlive/texmf-dist/tex/latex/koma-script/tocbasic.sty
Package: tocbasic 2023/07/07 v3.41 KOMA-Script package (handling toc-files)
 (/usr/share/texlive/texmf-dist/tex/latex/koma-script/scrbase.sty
Package: scrbase 2023/07/07 v3.41 KOMA-Script package (KOMA-Script-independent basics and keyval usage)
 (/usr/share/texlive/texmf-dist/tex/latex/koma-script/scrlfile.sty
Package: scrlfile 2023/07/07 v3.41 KOMA-Script package (file load hooks)
 (/usr/share/texlive/texmf-dist/tex/latex/koma-script/scrlfile-hook.sty
Package: scrlfile-hook 2023/07/07 v3.41 KOMA-Script package (using LaTeX hooks)
 (/usr/share/texlive/texmf-dist/tex/latex/koma-script/scrlogo.sty
Package: scrlogo 2023/07/07 v3.41 KOMA-Script package (logo)
)))
Applying: [2021/05/01] Usage of raw or classic option list on input line 252.
Already applied: [0000/00/00] Usage of raw or classic option list on input line 368.
)
\scr@dte@tocline@numberwidth=\skip61
\scr@dte@tocline@numbox=\box58
)
Package tocbasic Info: setting babel extension for `nlo' on input line 187.
Package tocbasic Info: setting babel extension for `nls' on input line 188.
\nomlabelwidth=\dimen167
\nom@tempdim=\dimen168
\nomitemsep=\skip62
) (/usr/share/texlive/texmf-dist/tex/latex/was/icomma.sty
Package: icomma 2002/03/10 v2.0 (WaS)
) (/usr/share/texlive/texmf-dist/tex/latex/mathtools/mathtools.sty
Package: mathtools 2022/06/29 v1.29 mathematical typesetting tools
 (/usr/share/texlive/texmf-dist/tex/latex/tools/calc.sty
Package: calc 2023/07/08 v4.3 Infix arithmetic (KKT,FJ)
\calc@Acount=\count291
\calc@Bcount=\count292
\calc@Adimen=\dimen169
\calc@Bdimen=\dimen170
\calc@Askip=\skip63
\calc@Bskip=\skip64
LaTeX Info: Redefining \setlength on input line 80.
LaTeX Info: Redefining \addtolength on input line 81.
\calc@Ccount=\count293
\calc@Cskip=\skip65
) (/usr/share/texlive/texmf-dist/tex/latex/mathtools/mhsetup.sty
Package: mhsetup 2021/03/18 v1.4 programming setup (MH)
)
\g_MT_multlinerow_int=\count294
\l_MT_multwidth_dim=\dimen171
\origjot=\skip66
\l_MT_shortvdotswithinadjustabove_dim=\dimen172
\l_MT_shortvdotswithinadjustbelow_dim=\dimen173
\l_MT_above_intertext_sep=\dimen174
\l_MT_below_intertext_sep=\dimen175
\l_MT_above_shortintertext_sep=\dimen176
\l_MT_below_shortintertext_sep=\dimen177
\xmathstrut@box=\box59
\xmathstrut@dim=\dimen178
) (/usr/share/texlive/texmf-dist/tex/latex/cancel/cancel.sty
Package: cancel 2013/04/12 v2.2 Cancel math terms
) (/usr/share/texlive/texmf-dist/tex/latex/base/textcomp.sty
Package: textcomp 2020/02/02 v2.0n Standard LaTeX package
) (/usr/share/texlive/texmf-dist/tex/latex/gensymb/gensymb.sty
Package: gensymb 2022/10/17 v1.0.2 (KJH)
) (/usr/share/texlive/texmf-dist/tex/latex/xargs/xargs.sty
Package: xargs 2008/03/22 v1.1  extended macro definitions  (mpg)
\xargs@max=\count295
\xargs@toksa=\toks38
\xargs@toksb=\toks39
) (/usr/share/texlive/texmf-dist/tex/latex/esint/esint.sty
Package: esint 
\symlargesymbolsA=\mathgroup6
) (/usr/share/texlive/texmf-dist/tex/latex/siunitx/siunitx.sty
Package: siunitx 2024-01-25 v3.3.10 A comprehensive (SI) units package
\l__siunitx_number_uncert_offset_int=\count296
\l__siunitx_number_exponent_fixed_int=\count297
\l__siunitx_number_min_decimal_int=\count298
\l__siunitx_number_min_integer_int=\count299
\l__siunitx_number_round_precision_int=\count300
\l__siunitx_number_lower_threshold_int=\count301
\l__siunitx_number_upper_threshold_int=\count302
\l__siunitx_number_group_first_int=\count303
\l__siunitx_number_group_size_int=\count304
\l__siunitx_number_group_minimum_int=\count305
\l__siunitx_angle_tmp_dim=\dimen179
\l__siunitx_angle_marker_box=\box60
\l__siunitx_angle_unit_box=\box61
\l__siunitx_compound_count_int=\count306
 (/usr/share/texlive/texmf-dist/tex/latex/translations/translations.sty
Package: translations 2022/02/05 v1.12 internationalization of LaTeX2e packages (CN)
 (/usr/share/texlive/texmf-dist/tex/generic/pdftexcmds/pdftexcmds.sty
Package: pdftexcmds 2020-06-27 v0.33 Utility functions of pdfTeX for LuaTeX (HO)
 (/usr/share/texlive/texmf-dist/tex/generic/infwarerr/infwarerr.sty
Package: infwarerr 2019/12/03 v1.5 Providing info/warning/error messages (HO)
) (/usr/share/texlive/texmf-dist/tex/generic/iftex/iftex.sty
Package: iftex 2022/02/03 v1.0f TeX engine tests
) (/usr/share/texlive/texmf-dist/tex/generic/ltxcmds/ltxcmds.sty
Package: ltxcmds 2023-12-04 v1.26 LaTeX kernel commands for general use (HO)
)
Package pdftexcmds Info: \pdf@primitive is available.
Package pdftexcmds Info: \pdf@ifprimitive is available.
Package pdftexcmds Info: \pdfdraftmode found.
))
\l__siunitx_table_tmp_box=\box62
\l__siunitx_table_tmp_dim=\dimen180
\l__siunitx_table_column_width_dim=\dimen181
\l__siunitx_table_integer_box=\box63
\l__siunitx_table_decimal_box=\box64
\l__siunitx_table_uncert_box=\box65
\l__siunitx_table_before_box=\box66
\l__siunitx_table_after_box=\box67
\l__siunitx_table_before_dim=\dimen182
\l__siunitx_table_carry_dim=\dimen183
\l__siunitx_unit_tmp_int=\count307
\l__siunitx_unit_position_int=\count308
\l__siunitx_unit_total_int=\count309
) (/usr/share/texlive/texmf-dist/tex/latex/caption/subcaption.sty
Package: subcaption 2023/07/28 v1.6b Sub-captions (AR)
 (/usr/share/texlive/texmf-dist/tex/latex/caption/caption.sty
Package: caption 2023/08/05 v3.6o Customizing captions (AR)
 (/usr/share/texlive/texmf-dist/tex/latex/caption/caption3.sty
Package: caption3 2023/07/31 v2.4d caption3 kernel (AR)
\caption@tempdima=\dimen184
\captionmargin=\dimen185
\caption@leftmargin=\dimen186
\caption@rightmargin=\dimen187
\caption@width=\dimen188
\caption@indent=\dimen189
\caption@parindent=\dimen190
\caption@hangindent=\dimen191
Package caption Info: Standard document class detected.
)
\c@caption@flags=\count310
\c@continuedfloat=\count311
)
Package caption Info: New subtype `subfigure' on input line 238.
\c@subfigure=\count312
Package caption Info: New subtype `subtable' on input line 238.
\c@subtable=\count313
) (/usr/share/texlive/texmf-dist/tex/latex/units/nicefrac.sty
Package: nicefrac 1998/08/04 v0.9b Nice fractions
\L@UnitsRaiseDisplaystyle=\skip67
\L@UnitsRaiseTextstyle=\skip68
\L@UnitsRaiseScriptstyle=\skip69
LaTeX Info: Redefining \nicefrac on input line 131.
) (/usr/share/texlive/texmf-dist/tex/latex/l3packages/xfrac/xfrac.sty (/usr/share/texlive/texmf-dist/tex/latex/l3kernel/expl3.sty
Package: expl3 2024-01-22 L3 programming layer (loader) 
 (/usr/share/texlive/texmf-dist/tex/latex/l3backend/l3backend-pdftex.def
File: l3backend-pdftex.def 2024-01-04 L3 backend support: PDF output (pdfTeX)
\l__color_backend_stack_int=\count314
\l__pdf_internal_box=\box68
)) (/usr/share/texlive/texmf-dist/tex/latex/graphics/graphicx.sty
Package: graphicx 2021/09/16 v1.2d Enhanced LaTeX Graphics (DPC,SPQR)
 (/usr/share/texlive/texmf-dist/tex/latex/graphics/graphics.sty
Package: graphics 2022/03/10 v1.4e Standard LaTeX Graphics (DPC,SPQR)
 (/usr/share/texlive/texmf-dist/tex/latex/graphics/trig.sty
Package: trig 2021/08/11 v1.11 sin cos tan (DPC)
) (/usr/share/texlive/texmf-dist/tex/latex/graphics-cfg/graphics.cfg
File: graphics.cfg 2016/06/04 v1.11 sample graphics configuration
)
Package graphics Info: Driver file: pdftex.def on input line 107.
)
\Gin@req@height=\dimen192
\Gin@req@width=\dimen193
) (/usr/share/texlive/texmf-dist/tex/latex/l3packages/l3keys2e/l3keys2e.sty
Package: l3keys2e 2023-10-10 LaTeX2e option processing using LaTeX3 keys
) (/usr/share/texlive/texmf-dist/tex/latex/l3packages/xparse/xparse.sty
Package: xparse 2023-10-10 L3 Experimental document command parser
) (/usr/share/texlive/texmf-dist/tex/latex/l3packages/xtemplate/xtemplate.sty
Package: xtemplate 2023-10-10 L3 Experimental prototype document functions
\l__xtemplate_tmp_dim=\dimen194
\l__xtemplate_tmp_int=\count315
\l__xtemplate_tmp_muskip=\muskip17
\l__xtemplate_tmp_skip=\skip70
)
Package: xfrac 2023-10-10 L3 Experimental split-level fractions
\l__xfrac_slash_box=\box69
\l__xfrac_tmp_box=\box70
\l__xfrac_denominator_bot_sep_dim=\dimen195
\l__xfrac_numerator_bot_sep_dim=\dimen196
\l__xfrac_numerator_top_sep_dim=\dimen197
\l__xfrac_slash_left_sep_dim=\dimen198
\l__xfrac_slash_right_sep_dim=\dimen199
\l__xfrac_slash_left_muskip=\muskip18
\l__xfrac_slash_right_muskip=\muskip19

Package xtemplate Info: Declaring object type 'xfrac' taking 3 argument(s) on
(xtemplate)             line 80.

) (/usr/share/texlive/texmf-dist/tex/latex/tools/bm.sty
Package: bm 2023/07/08 v1.2f Bold Symbol Support (DPC/FMi)
\symboldoperators=\mathgroup7
\symboldletters=\mathgroup8
\symboldsymbols=\mathgroup9
Package bm Info: No bold for \OMX/cmex/m/n, using \pmb.
Package bm Info: No bold for \U/msa/m/n, using \pmb.
Package bm Info: No bold for \U/msb/m/n, using \pmb.
Package bm Info: No bold for \U/esint/m/n, using \pmb.
LaTeX Font Info:    Redeclaring math alphabet \mathbf on input line 149.
) (/usr/share/texlive/texmf-dist/tex/latex/float/float.sty
Package: float 2001/11/08 v1.3d Float enhancements (AL)
\c@float@type=\count316
\float@exts=\toks40
\float@box=\box71
\@float@everytoks=\toks41
\@floatcapt=\box72
) (/usr/share/texlive/texmf-dist/tex/latex/placeins/placeins.sty
Package: placeins 2005/04/18  v 2.2
) (/usr/share/texlive/texmf-dist/tex/latex/circuitikz/circuitikz.sty
Package: circuitikz 2023/12/09{} The CircuiTikz circuit drawing package version 1.6.6
 (/usr/share/texlive/texmf-dist/tex/latex/pgf/frontendlayer/tikz.sty (/usr/share/texlive/texmf-dist/tex/latex/pgf/basiclayer/pgf.sty (/usr/share/texlive/texmf-dist/tex/latex/pgf/utilities/pgfrcs.sty (/usr/share/texlive/texmf-dist/tex/generic/pgf/utilities/pgfutil-common.tex
\pgfutil@everybye=\toks42
\pgfutil@tempdima=\dimen256
\pgfutil@tempdimb=\dimen257
) (/usr/share/texlive/texmf-dist/tex/generic/pgf/utilities/pgfutil-latex.def
\pgfutil@abb=\box73
) (/usr/share/texlive/texmf-dist/tex/generic/pgf/utilities/pgfrcs.code.tex (/usr/share/texlive/texmf-dist/tex/generic/pgf/pgf.revision.tex)
Package: pgfrcs 2023-01-15 v3.1.10 (3.1.10)
))
Package: pgf 2023-01-15 v3.1.10 (3.1.10)
 (/usr/share/texlive/texmf-dist/tex/latex/pgf/basiclayer/pgfcore.sty (/usr/share/texlive/texmf-dist/tex/latex/pgf/systemlayer/pgfsys.sty (/usr/share/texlive/texmf-dist/tex/generic/pgf/systemlayer/pgfsys.code.tex
Package: pgfsys 2023-01-15 v3.1.10 (3.1.10)
 (/usr/share/texlive/texmf-dist/tex/generic/pgf/utilities/pgfkeys.code.tex
\pgfkeys@pathtoks=\toks43
\pgfkeys@temptoks=\toks44
 (/usr/share/texlive/texmf-dist/tex/generic/pgf/utilities/pgfkeyslibraryfiltered.code.tex
\pgfkeys@tmptoks=\toks45
))
\pgf@x=\dimen258
\pgf@y=\dimen259
\pgf@xa=\dimen260
\pgf@ya=\dimen261
\pgf@xb=\dimen262
\pgf@yb=\dimen263
\pgf@xc=\dimen264
\pgf@yc=\dimen265
\pgf@xd=\dimen266
\pgf@yd=\dimen267
\w@pgf@writea=\write3
\r@pgf@reada=\read3
\c@pgf@counta=\count317
\c@pgf@countb=\count318
\c@pgf@countc=\count319
\c@pgf@countd=\count320
\t@pgf@toka=\toks46
\t@pgf@tokb=\toks47
\t@pgf@tokc=\toks48
\pgf@sys@id@count=\count321
 (/usr/share/texlive/texmf-dist/tex/generic/pgf/systemlayer/pgf.cfg
File: pgf.cfg 2023-01-15 v3.1.10 (3.1.10)
)
Driver file for pgf: pgfsys-pdftex.def
 (/usr/share/texlive/texmf-dist/tex/generic/pgf/systemlayer/pgfsys-pdftex.def
File: pgfsys-pdftex.def 2023-01-15 v3.1.10 (3.1.10)
 (/usr/share/texlive/texmf-dist/tex/generic/pgf/systemlayer/pgfsys-common-pdf.def
File: pgfsys-common-pdf.def 2023-01-15 v3.1.10 (3.1.10)
))) (/usr/share/texlive/texmf-dist/tex/generic/pgf/systemlayer/pgfsyssoftpath.code.tex
File: pgfsyssoftpath.code.tex 2023-01-15 v3.1.10 (3.1.10)
\pgfsyssoftpath@smallbuffer@items=\count322
\pgfsyssoftpath@bigbuffer@items=\count323
) (/usr/share/texlive/texmf-dist/tex/generic/pgf/systemlayer/pgfsysprotocol.code.tex
File: pgfsysprotocol.code.tex 2023-01-15 v3.1.10 (3.1.10)
)) (/usr/share/texlive/texmf-dist/tex/generic/pgf/basiclayer/pgfcore.code.tex
Package: pgfcore 2023-01-15 v3.1.10 (3.1.10)
 (/usr/share/texlive/texmf-dist/tex/generic/pgf/math/pgfmath.code.tex (/usr/share/texlive/texmf-dist/tex/generic/pgf/math/pgfmathutil.code.tex) (/usr/share/texlive/texmf-dist/tex/generic/pgf/math/pgfmathparser.code.tex
\pgfmath@dimen=\dimen268
\pgfmath@count=\count324
\pgfmath@box=\box74
\pgfmath@toks=\toks49
\pgfmath@stack@operand=\toks50
\pgfmath@stack@operation=\toks51
) (/usr/share/texlive/texmf-dist/tex/generic/pgf/math/pgfmathfunctions.code.tex) (/usr/share/texlive/texmf-dist/tex/generic/pgf/math/pgfmathfunctions.basic.code.tex) (/usr/share/texlive/texmf-dist/tex/generic/pgf/math/pgfmathfunctions.trigonometric.code.tex) (/usr/share/texlive/texmf-dist/tex/generic/pgf/math/pgfmathfunctions.random.code.tex) (/usr/share/texlive/texmf-dist/tex/generic/pgf/math/pgfmathfunctions.comparison.code.tex) (/usr/share/texlive/texmf-dist/tex/generic/pgf/math/pgfmathfunctions.base.code.tex) (/usr/share/texlive/texmf-dist/tex/generic/pgf/math/pgfmathfunctions.round.code.tex) (/usr/share/texlive/texmf-dist/tex/generic/pgf/math/pgfmathfunctions.misc.code.tex) (/usr/share/texlive/texmf-dist/tex/generic/pgf/math/pgfmathfunctions.integerarithmetics.code.tex) (/usr/share/texlive/texmf-dist/tex/generic/pgf/math/pgfmathcalc.code.tex) (/usr/share/texlive/texmf-dist/tex/generic/pgf/math/pgfmathfloat.code.tex
\c@pgfmathroundto@lastzeros=\count325
)) (/usr/share/texlive/texmf-dist/tex/generic/pgf/math/pgfint.code.tex) (/usr/share/texlive/texmf-dist/tex/generic/pgf/basiclayer/pgfcorepoints.code.tex
File: pgfcorepoints.code.tex 2023-01-15 v3.1.10 (3.1.10)
\pgf@picminx=\dimen269
\pgf@picmaxx=\dimen270
\pgf@picminy=\dimen271
\pgf@picmaxy=\dimen272
\pgf@pathminx=\dimen273
\pgf@pathmaxx=\dimen274
\pgf@pathminy=\dimen275
\pgf@pathmaxy=\dimen276
\pgf@xx=\dimen277
\pgf@xy=\dimen278
\pgf@yx=\dimen279
\pgf@yy=\dimen280
\pgf@zx=\dimen281
\pgf@zy=\dimen282
) (/usr/share/texlive/texmf-dist/tex/generic/pgf/basiclayer/pgfcorepathconstruct.code.tex
File: pgfcorepathconstruct.code.tex 2023-01-15 v3.1.10 (3.1.10)
\pgf@path@lastx=\dimen283
\pgf@path@lasty=\dimen284
) (/usr/share/texlive/texmf-dist/tex/generic/pgf/basiclayer/pgfcorepathusage.code.tex
File: pgfcorepathusage.code.tex 2023-01-15 v3.1.10 (3.1.10)
\pgf@shorten@end@additional=\dimen285
\pgf@shorten@start@additional=\dimen286
) (/usr/share/texlive/texmf-dist/tex/generic/pgf/basiclayer/pgfcorescopes.code.tex
File: pgfcorescopes.code.tex 2023-01-15 v3.1.10 (3.1.10)
\pgfpic=\box75
\pgf@hbox=\box76
\pgf@layerbox@main=\box77
\pgf@picture@serial@count=\count326
) (/usr/share/texlive/texmf-dist/tex/generic/pgf/basiclayer/pgfcoregraphicstate.code.tex
File: pgfcoregraphicstate.code.tex 2023-01-15 v3.1.10 (3.1.10)
\pgflinewidth=\dimen287
) (/usr/share/texlive/texmf-dist/tex/generic/pgf/basiclayer/pgfcoretransformations.code.tex
File: pgfcoretransformations.code.tex 2023-01-15 v3.1.10 (3.1.10)
\pgf@pt@x=\dimen288
\pgf@pt@y=\dimen289
\pgf@pt@temp=\dimen290
) (/usr/share/texlive/texmf-dist/tex/generic/pgf/basiclayer/pgfcorequick.code.tex
File: pgfcorequick.code.tex 2023-01-15 v3.1.10 (3.1.10)
) (/usr/share/texlive/texmf-dist/tex/generic/pgf/basiclayer/pgfcoreobjects.code.tex
File: pgfcoreobjects.code.tex 2023-01-15 v3.1.10 (3.1.10)
) (/usr/share/texlive/texmf-dist/tex/generic/pgf/basiclayer/pgfcorepathprocessing.code.tex
File: pgfcorepathprocessing.code.tex 2023-01-15 v3.1.10 (3.1.10)
) (/usr/share/texlive/texmf-dist/tex/generic/pgf/basiclayer/pgfcorearrows.code.tex
File: pgfcorearrows.code.tex 2023-01-15 v3.1.10 (3.1.10)
\pgfarrowsep=\dimen291
) (/usr/share/texlive/texmf-dist/tex/generic/pgf/basiclayer/pgfcoreshade.code.tex
File: pgfcoreshade.code.tex 2023-01-15 v3.1.10 (3.1.10)
\pgf@max=\dimen292
\pgf@sys@shading@range@num=\count327
\pgf@shadingcount=\count328
) (/usr/share/texlive/texmf-dist/tex/generic/pgf/basiclayer/pgfcoreimage.code.tex
File: pgfcoreimage.code.tex 2023-01-15 v3.1.10 (3.1.10)
) (/usr/share/texlive/texmf-dist/tex/generic/pgf/basiclayer/pgfcoreexternal.code.tex
File: pgfcoreexternal.code.tex 2023-01-15 v3.1.10 (3.1.10)
\pgfexternal@startupbox=\box78
) (/usr/share/texlive/texmf-dist/tex/generic/pgf/basiclayer/pgfcorelayers.code.tex
File: pgfcorelayers.code.tex 2023-01-15 v3.1.10 (3.1.10)
) (/usr/share/texlive/texmf-dist/tex/generic/pgf/basiclayer/pgfcoretransparency.code.tex
File: pgfcoretransparency.code.tex 2023-01-15 v3.1.10 (3.1.10)
) (/usr/share/texlive/texmf-dist/tex/generic/pgf/basiclayer/pgfcorepatterns.code.tex
File: pgfcorepatterns.code.tex 2023-01-15 v3.1.10 (3.1.10)
) (/usr/share/texlive/texmf-dist/tex/generic/pgf/basiclayer/pgfcorerdf.code.tex
File: pgfcorerdf.code.tex 2023-01-15 v3.1.10 (3.1.10)
))) (/usr/share/texlive/texmf-dist/tex/generic/pgf/modules/pgfmoduleshapes.code.tex
File: pgfmoduleshapes.code.tex 2023-01-15 v3.1.10 (3.1.10)
\pgfnodeparttextbox=\box79
) (/usr/share/texlive/texmf-dist/tex/generic/pgf/modules/pgfmoduleplot.code.tex
File: pgfmoduleplot.code.tex 2023-01-15 v3.1.10 (3.1.10)
) (/usr/share/texlive/texmf-dist/tex/latex/pgf/compatibility/pgfcomp-version-0-65.sty
Package: pgfcomp-version-0-65 2023-01-15 v3.1.10 (3.1.10)
\pgf@nodesepstart=\dimen293
\pgf@nodesepend=\dimen294
) (/usr/share/texlive/texmf-dist/tex/latex/pgf/compatibility/pgfcomp-version-1-18.sty
Package: pgfcomp-version-1-18 2023-01-15 v3.1.10 (3.1.10)
)) (/usr/share/texlive/texmf-dist/tex/latex/pgf/utilities/pgffor.sty (/usr/share/texlive/texmf-dist/tex/latex/pgf/utilities/pgfkeys.sty (/usr/share/texlive/texmf-dist/tex/generic/pgf/utilities/pgfkeys.code.tex)) (/usr/share/texlive/texmf-dist/tex/latex/pgf/math/pgfmath.sty (/usr/share/texlive/texmf-dist/tex/generic/pgf/math/pgfmath.code.tex)) (/usr/share/texlive/texmf-dist/tex/generic/pgf/utilities/pgffor.code.tex
Package: pgffor 2023-01-15 v3.1.10 (3.1.10)
\pgffor@iter=\dimen295
\pgffor@skip=\dimen296
\pgffor@stack=\toks52
\pgffor@toks=\toks53
)) (/usr/share/texlive/texmf-dist/tex/generic/pgf/frontendlayer/tikz/tikz.code.tex
Package: tikz 2023-01-15 v3.1.10 (3.1.10)
 (/usr/share/texlive/texmf-dist/tex/generic/pgf/libraries/pgflibraryplothandlers.code.tex
File: pgflibraryplothandlers.code.tex 2023-01-15 v3.1.10 (3.1.10)
\pgf@plot@mark@count=\count329
\pgfplotmarksize=\dimen297
)
\tikz@lastx=\dimen298
\tikz@lasty=\dimen299
\tikz@lastxsaved=\dimen300
\tikz@lastysaved=\dimen301
\tikz@lastmovetox=\dimen302
\tikz@lastmovetoy=\dimen303
\tikzleveldistance=\dimen304
\tikzsiblingdistance=\dimen305
\tikz@figbox=\box80
\tikz@figbox@bg=\box81
\tikz@tempbox=\box82
\tikz@tempbox@bg=\box83
\tikztreelevel=\count330
\tikznumberofchildren=\count331
\tikznumberofcurrentchild=\count332
\tikz@fig@count=\count333
 (/usr/share/texlive/texmf-dist/tex/generic/pgf/modules/pgfmodulematrix.code.tex
File: pgfmodulematrix.code.tex 2023-01-15 v3.1.10 (3.1.10)
\pgfmatrixcurrentrow=\count334
\pgfmatrixcurrentcolumn=\count335
\pgf@matrix@numberofcolumns=\count336
)
\tikz@expandcount=\count337
 (/usr/share/texlive/texmf-dist/tex/generic/pgf/frontendlayer/tikz/libraries/tikzlibrarytopaths.code.tex
File: tikzlibrarytopaths.code.tex 2023-01-15 v3.1.10 (3.1.10)
))) (/usr/share/texlive/texmf-dist/tex/generic/pgf/frontendlayer/tikz/libraries/tikzlibrarycalc.code.tex
File: tikzlibrarycalc.code.tex 2023-01-15 v3.1.10 (3.1.10)
) (/usr/share/texlive/texmf-dist/tex/generic/pgf/libraries/pgflibraryarrows.meta.code.tex
File: pgflibraryarrows.meta.code.tex 2023-01-15 v3.1.10 (3.1.10)
\pgfarrowinset=\dimen306
\pgfarrowlength=\dimen307
\pgfarrowwidth=\dimen308
\pgfarrowlinewidth=\dimen309
) (/usr/share/texlive/texmf-dist/tex/generic/pgf/frontendlayer/tikz/libraries/tikzlibrarybending.code.tex
File: tikzlibrarybending.code.tex 2023-01-15 v3.1.10 (3.1.10)
 (/usr/share/texlive/texmf-dist/tex/generic/pgf/modules/pgfmodulebending.code.tex
File: pgfmodulebending.code.tex 2023-01-15 v3.1.10 (3.1.10)
 (/usr/share/texlive/texmf-dist/tex/generic/pgf/modules/pgfmodulenonlineartransformations.code.tex
File: pgfmodulenonlineartransformations.code.tex 2023-01-15 v3.1.10 (3.1.10)
\pgftransformnonlinearflatness=\dimen310
) (/usr/share/texlive/texmf-dist/tex/generic/pgf/libraries/pgflibrarycurvilinear.code.tex
File: pgflibrarycurvilinear.code.tex 2023-01-15 v3.1.10 (3.1.10)
\pgf@curvilinear@time@a=\dimen311
\pgf@curvilinear@length@a=\dimen312
\pgf@curvilinear@length@b=\dimen313
\pgf@curvilinear@length@c=\dimen314
\pgf@curvilinear@length@d=\dimen315
)
\pgf@arrows@the@rigidity=\dimen316
)) (/usr/share/texlive/texmf-dist/tex/generic/pgf/frontendlayer/tikz/libraries/tikzlibraryfpu.code.tex (/usr/share/texlive/texmf-dist/tex/generic/pgf/libraries/pgflibraryfpu.code.tex)) (/usr/share/texlive/texmf-dist/tex/generic/circuitikz/pgfcirc.defines.tex
\pgf@circ@count@a=\count338
\pgf@circ@count@b=\count339
\pgf@circ@count@c=\count340
\pgf@circ@res@up=\dimen317
\pgf@circ@res@down=\dimen318
\pgf@circ@res@zero=\dimen319
\pgf@circ@res@left=\dimen320
\pgf@circ@res@right=\dimen321
\pgf@circ@res@other=\dimen322
\pgf@circ@res@step=\dimen323
\pgf@circ@res@temp=\dimen324
\pgf@circ@Rlen=\dimen325
\pgf@circ@scaled@Rlen=\dimen326
\pgfstartlinewidth=\dimen327
) (/usr/share/texlive/texmf-dist/tex/generic/circuitikz/pgfcircutils.tex
\ctikz@scratchbox=\box84
) (/usr/share/texlive/texmf-dist/tex/generic/circuitikz/pgfcircpath.tex)
(/usr/share/texlive/texmf-dist/tex/generic/circuitikz/pgfcircshapes.tex) (/usr/share/texlive/texmf-dist/tex/generic/circuitikz/pgfcircmonopoles.tex) (/usr/share/texlive/texmf-dist/tex/generic/circuitikz/pgfcircbipoles.tex) (/usr/share/texlive/texmf-dist/tex/generic/circuitikz/pgfcirctripoles.tex
\pgf@circ@res@count=\count341
) (/usr/share/texlive/texmf-dist/tex/generic/circuitikz/pgfcircquadpoles.tex) (/usr/share/texlive/texmf-dist/tex/generic/circuitikz/pgfcircmultipoles.tex) (/usr/share/texlive/texmf-dist/tex/generic/circuitikz/pgfcirclabel.tex) (/usr/share/texlive/texmf-dist/tex/generic/circuitikz/pgfcircvoltage.tex
\pgfcirc@labelshift=\dimen328
) (/usr/share/texlive/texmf-dist/tex/generic/circuitikz/pgfcirccurrent.tex) (/usr/share/texlive/texmf-dist/tex/generic/circuitikz/pgfcircflow.tex)) (/usr/share/texlive/texmf-dist/tex/latex/pgfplots/pgfplots.sty (/usr/share/texlive/texmf-dist/tex/generic/pgfplots/pgfplots.revision.tex)
Package: pgfplots 2021/05/15 v1.18.1 Data Visualization (1.18.1)
 (/usr/share/texlive/texmf-dist/tex/generic/pgfplots/pgfplots.code.tex (/usr/share/texlive/texmf-dist/tex/generic/pgfplots/pgfplotscore.code.tex
\t@pgfplots@toka=\toks54
\t@pgfplots@tokb=\toks55
\t@pgfplots@tokc=\toks56
\pgfplots@tmpa=\dimen329
\c@pgfplots@coordindex=\count342
\c@pgfplots@scanlineindex=\count343
 (/usr/share/texlive/texmf-dist/tex/generic/pgfplots/sys/pgfplotssysgeneric.code.tex)) (/usr/share/texlive/texmf-dist/tex/generic/pgfplots/libs/pgfplotslibrary.code.tex) (/usr/share/texlive/texmf-dist/tex/generic/pgfplots/oldpgfcompatib/pgfplotsoldpgfsupp_loader.code.tex
Package pgfplots: loading complementary utilities for your pgf version...
\t@pgf@toka=\toks57
\t@pgf@tokb=\toks58
\t@pgf@tokc=\toks59
(/usr/share/texlive/texmf-dist/tex/generic/pgfplots/oldpgfcompatib/pgfplotsoldpgfsupp_pgfutil-common-lists.tex)) (/usr/share/texlive/texmf-dist/tex/generic/pgfplots/util/pgfplotsutil.code.tex (/usr/share/texlive/texmf-dist/tex/generic/pgfplots/liststructure/pgfplotsliststructure.code.tex) (/usr/share/texlive/texmf-dist/tex/generic/pgfplots/liststructure/pgfplotsliststructureext.code.tex) (/usr/share/texlive/texmf-dist/tex/generic/pgfplots/liststructure/pgfplotsarray.code.tex
\c@pgfplotsarray@tmp=\count344
) (/usr/share/texlive/texmf-dist/tex/generic/pgfplots/liststructure/pgfplotsmatrix.code.tex) (/usr/share/texlive/texmf-dist/tex/generic/pgfplots/numtable/pgfplotstableshared.code.tex
\c@pgfplotstable@counta=\count345
\t@pgfplotstable@a=\toks60
) (/usr/share/texlive/texmf-dist/tex/generic/pgfplots/liststructure/pgfplotsdeque.code.tex) (/usr/share/texlive/texmf-dist/tex/generic/pgfplots/util/pgfplotsbinary.code.tex (/usr/share/texlive/texmf-dist/tex/generic/pgfplots/util/pgfplotsbinary.data.code.tex)) (/usr/share/texlive/texmf-dist/tex/generic/pgfplots/util/pgfplotsutil.verb.code.tex) (/usr/share/texlive/texmf-dist/tex/generic/pgfplots/libs/pgflibrarypgfplots.surfshading.code.tex
\c@pgfplotslibrarysurf@no=\count346
 (/usr/share/texlive/texmf-dist/tex/generic/pgfplots/sys/pgflibrarypgfplots.surfshading.pgfsys-pdftex.def))) (/usr/share/texlive/texmf-dist/tex/generic/pgfplots/util/pgfplotscolormap.code.tex (/usr/share/texlive/texmf-dist/tex/generic/pgfplots/util/pgfplotscolor.code.tex)) (/usr/share/texlive/texmf-dist/tex/generic/pgfplots/pgfplotsstackedplots.code.tex) (/usr/share/texlive/texmf-dist/tex/generic/pgfplots/pgfplotsplothandlers.code.tex (/usr/share/texlive/texmf-dist/tex/generic/pgfplots/pgfplotsmeshplothandler.code.tex (/usr/share/texlive/texmf-dist/tex/generic/pgfplots/pgfplotsmeshplotimage.code.tex))) (/usr/share/texlive/texmf-dist/tex/generic/pgfplots/pgfplots.scaling.code.tex) (/usr/share/texlive/texmf-dist/tex/generic/pgfplots/pgfplotscoordprocessing.code.tex) (/usr/share/texlive/texmf-dist/tex/generic/pgfplots/pgfplots.errorbars.code.tex) (/usr/share/texlive/texmf-dist/tex/generic/pgfplots/pgfplots.markers.code.tex) (/usr/share/texlive/texmf-dist/tex/generic/pgfplots/pgfplotsticks.code.tex) (/usr/share/texlive/texmf-dist/tex/generic/pgfplots/pgfplots.paths.code.tex) (/usr/share/texlive/texmf-dist/tex/generic/pgf/frontendlayer/tikz/libraries/tikzlibrarydecorations.code.tex (/usr/share/texlive/texmf-dist/tex/generic/pgf/modules/pgfmoduledecorations.code.tex
\pgfdecoratedcompleteddistance=\dimen330
\pgfdecoratedremainingdistance=\dimen331
\pgfdecoratedinputsegmentcompleteddistance=\dimen332
\pgfdecoratedinputsegmentremainingdistance=\dimen333
\pgf@decorate@distancetomove=\dimen334
\pgf@decorate@repeatstate=\count347
\pgfdecorationsegmentamplitude=\dimen335
\pgfdecorationsegmentlength=\dimen336
)
\tikz@lib@dec@box=\box85
) (/usr/share/texlive/texmf-dist/tex/generic/pgf/frontendlayer/tikz/libraries/tikzlibrarydecorations.pathmorphing.code.tex (/usr/share/texlive/texmf-dist/tex/generic/pgf/libraries/decorations/pgflibrarydecorations.pathmorphing.code.tex)) (/usr/share/texlive/texmf-dist/tex/generic/pgf/frontendlayer/tikz/libraries/tikzlibrarydecorations.pathreplacing.code.tex (/usr/share/texlive/texmf-dist/tex/generic/pgf/libraries/decorations/pgflibrarydecorations.pathreplacing.code.tex)) (/usr/share/texlive/texmf-dist/tex/generic/pgfplots/libs/tikzlibrarypgfplots.contourlua.code.tex)
\pgfplots@numplots=\count348
\pgfplots@xmin@reg=\dimen337
\pgfplots@xmax@reg=\dimen338
\pgfplots@ymin@reg=\dimen339
\pgfplots@ymax@reg=\dimen340
\pgfplots@zmin@reg=\dimen341
\pgfplots@zmax@reg=\dimen342
) (/usr/share/texlive/texmf-dist/tex/generic/pgf/frontendlayer/tikz/libraries/tikzlibraryplotmarks.code.tex
File: tikzlibraryplotmarks.code.tex 2023-01-15 v3.1.10 (3.1.10)
 (/usr/share/texlive/texmf-dist/tex/generic/pgf/libraries/pgflibraryplotmarks.code.tex
File: pgflibraryplotmarks.code.tex 2023-01-15 v3.1.10 (3.1.10)
))) (/usr/share/texlive/texmf-dist/tex/latex/jknapltx/mathrsfs.sty
Package: mathrsfs 1996/01/01 Math RSFS package v1.0 (jk)
\symrsfs=\mathgroup10
) (/usr/share/texlive/texmf-dist/tex/latex/varwidth/varwidth.sty
Package: varwidth 2009/03/30 ver 0.92;  Variable-width minipages
\@vwid@box=\box86
\sift@deathcycles=\count349
\@vwid@loff=\dimen343
\@vwid@roff=\dimen344
) (/usr/share/texlive/texmf-dist/tex/latex/tcolorbox/tcolorbox.sty
Package: tcolorbox 2024/01/10 version 6.2.0 text color boxes
 (/usr/share/texlive/texmf-dist/tex/latex/tools/verbatim.sty
Package: verbatim 2023-11-06 v1.5v LaTeX2e package for verbatim enhancements
\every@verbatim=\toks61
\verbatim@line=\toks62
\verbatim@in@stream=\read4
) (/usr/share/texlive/texmf-dist/tex/latex/environ/environ.sty
Package: environ 2014/05/04 v0.3 A new way to define environments
 (/usr/share/texlive/texmf-dist/tex/latex/trimspaces/trimspaces.sty
Package: trimspaces 2009/09/17 v1.1 Trim spaces around a token list
))
\tcb@titlebox=\box87
\tcb@upperbox=\box88
\tcb@lowerbox=\box89
\tcb@phantombox=\box90
\c@tcbbreakpart=\count350
\c@tcblayer=\count351
\c@tcolorbox@number=\count352
\l__tcobox_tmpa_box=\box91
\l__tcobox_tmpa_dim=\dimen345
\tcb@temp=\box92
\tcb@temp=\box93
\tcb@temp=\box94
\tcb@temp=\box95
 (/usr/share/texlive/texmf-dist/tex/latex/tcolorbox/tcbraster.code.tex
Library (tcolorbox): 'tcbraster.code.tex' version '6.2.0'
\c@tcbrastercolumn=\count353
\c@tcbrasterrow=\count354
\c@tcbrasternum=\count355
\c@tcbraster=\count356
) (/usr/share/texlive/texmf-dist/tex/latex/tcolorbox/tcbskins.code.tex
Library (tcolorbox): 'tcbskins.code.tex' version '6.2.0'
(/usr/share/texlive/texmf-dist/tex/latex/tikzfill/tikzfill.image.sty
Package: tikzfill.image 2023/08/08 v1.0.1 Image filling library for TikZ
 (/usr/share/texlive/texmf-dist/tex/latex/tikzfill/tikzfill-common.sty
Package: tikzfill-common 2023/08/08 v1.0.1 Auxiliary code for tikzfill
) (/usr/share/texlive/texmf-dist/tex/latex/tikzfill/tikzlibraryfill.image.code.tex
File: tikzlibraryfill.image.code.tex 2023/08/08 v1.0.1 Image filling library
\l__tikzfill_img_box=\box96
)) (/usr/share/texlive/texmf-dist/tex/latex/tcolorbox/tcbskinsjigsaw.code.tex
Library (tcolorbox): 'tcbskinsjigsaw.code.tex' version '6.2.0'
)) (/usr/share/texlive/texmf-dist/tex/latex/tcolorbox/tcbbreakable.code.tex
Library (tcolorbox): 'tcbbreakable.code.tex' version '6.2.0'
(/usr/share/texlive/texmf-dist/tex/latex/pdfcol/pdfcol.sty
Package: pdfcol 2022-09-21 v1.7 Handle new color stacks for pdfTeX (HO)
)
Package pdfcol Info: New color stack `tcb@breakable' = 1 on input line 23.
\tcb@testbox=\box97
\tcb@totalupperbox=\box98
\tcb@totallowerbox=\box99
) (/usr/share/texlive/texmf-dist/tex/latex/tcolorbox/tcbhooks.code.tex
Library (tcolorbox): 'tcbhooks.code.tex' version '6.2.0'
) (/usr/share/texlive/texmf-dist/tex/latex/tcolorbox/tcbtheorems.code.tex
Library (tcolorbox): 'tcbtheorems.code.tex' version '6.2.0'
) (/usr/share/texlive/texmf-dist/tex/latex/tcolorbox/tcbfitting.code.tex
Library (tcolorbox): 'tcbfitting.code.tex' version '6.2.0'
\tcbfitdim=\dimen346
\tcb@lowerfitdim=\dimen347
\tcb@upperfitdim=\dimen348
\tcb@cur@hbadness=\count357
) (/usr/share/texlive/texmf-dist/tex/latex/tcolorbox/tcblistingsutf8.code.tex
Library (tcolorbox): 'tcblistingsutf8.code.tex' version '6.2.0'
(/usr/share/texlive/texmf-dist/tex/latex/tcolorbox/tcblistings.code.tex
Library (tcolorbox): 'tcblistings.code.tex' version '6.2.0'
(/usr/share/texlive/texmf-dist/tex/latex/listings/listings.sty
\lst@mode=\count358
\lst@gtempboxa=\box100
\lst@token=\toks63
\lst@length=\count359
\lst@currlwidth=\dimen349
\lst@column=\count360
\lst@pos=\count361
\lst@lostspace=\dimen350
\lst@width=\dimen351
\lst@newlines=\count362
\lst@lineno=\count363
\lst@maxwidth=\dimen352
 (/usr/share/texlive/texmf-dist/tex/latex/listings/lstmisc.sty
File: lstmisc.sty 2023/02/27 1.9 (Carsten Heinz)
\c@lstnumber=\count364
\lst@skipnumbers=\count365
\lst@framebox=\box101
) (/usr/share/texlive/texmf-dist/tex/latex/listings/listings.cfg
File: listings.cfg 2023/02/27 1.9 listings configuration
))
Package: listings 2023/02/27 1.9 (Carsten Heinz)
 (/usr/share/texlive/texmf-dist/tex/latex/tcolorbox/tcblistingscore.code.tex
Library (tcolorbox): 'tcblistingscore.code.tex' version '6.2.0'
(/usr/share/texlive/texmf-dist/tex/latex/tcolorbox/tcbprocessing.code.tex
Library (tcolorbox): 'tcbprocessing.code.tex' version '6.2.0'
)
\c@tcblisting=\count366
)) (/usr/share/texlive/texmf-dist/tex/latex/listingsutf8/listingsutf8.sty
Package: listingsutf8 2019-12-10 v1.5 Allow UTF-8 in listings input (HO)
 (/usr/share/texlive/texmf-dist/tex/generic/stringenc/stringenc.sty
Package: stringenc 2019/11/29 v1.12 Convert strings between diff. encodings (HO)
 (/usr/share/texlive/texmf-dist/tex/generic/pdfescape/pdfescape.sty
Package: pdfescape 2019/12/09 v1.15 Implements pdfTeX's escape features (HO)
)))) (/usr/share/texlive/texmf-dist/tex/latex/tcolorbox/tcbexternal.code.tex
Library (tcolorbox): 'tcbexternal.code.tex' version '6.2.0'
) (/usr/share/texlive/texmf-dist/tex/latex/tcolorbox/tcbmagazine.code.tex
Library (tcolorbox): 'tcbmagazine.code.tex' version '6.2.0'
) (/usr/share/texlive/texmf-dist/tex/latex/tcolorbox/tcbvignette.code.tex
Library (tcolorbox): 'tcbvignette.code.tex' version '6.2.0'
(/usr/share/texlive/texmf-dist/tex/generic/pgf/frontendlayer/tikz/libraries/tikzlibraryfadings.code.tex
File: tikzlibraryfadings.code.tex 2023-01-15 v3.1.10 (3.1.10)
 (/usr/share/texlive/texmf-dist/tex/generic/pgf/libraries/pgflibraryfadings.code.tex
File: pgflibraryfadings.code.tex 2023-01-15 v3.1.10 (3.1.10)
))) (/usr/share/texlive/texmf-dist/tex/latex/tcolorbox/tcbposter.code.tex
Library (tcolorbox): 'tcbposter.code.tex' version '6.2.0'
)) (/usr/share/texlive/texmf-dist/tex/latex/adjustbox/adjustbox.sty
Package: adjustbox 2022/10/17 v1.3a Adjusting TeX boxes (trim, clip, ...)
 (/usr/share/texlive/texmf-dist/tex/latex/adjustbox/adjcalc.sty
Package: adjcalc 2012/05/16 v1.1 Provides advanced setlength with multiple back-ends (calc, etex, pgfmath)
) (/usr/share/texlive/texmf-dist/tex/latex/adjustbox/trimclip.sty
Package: trimclip 2020/08/19 v1.2 Trim and clip general TeX material
 (/usr/share/texlive/texmf-dist/tex/latex/collectbox/collectbox.sty
Package: collectbox 2022/10/17 v0.4c Collect macro arguments as boxes
\collectedbox=\box102
)
\tc@llx=\dimen353
\tc@lly=\dimen354
\tc@urx=\dimen355
\tc@ury=\dimen356
Package trimclip Info: Using driver 'tc-pdftex.def'.
 (/usr/share/texlive/texmf-dist/tex/latex/adjustbox/tc-pdftex.def
File: tc-pdftex.def 2019/01/04 v2.2 Clipping driver for pdftex
))
\adjbox@Width=\dimen357
\adjbox@Height=\dimen358
\adjbox@Depth=\dimen359
\adjbox@Totalheight=\dimen360
\adjbox@pwidth=\dimen361
\adjbox@pheight=\dimen362
\adjbox@pdepth=\dimen363
\adjbox@ptotalheight=\dimen364
 (/usr/share/texlive/texmf-dist/tex/latex/ifoddpage/ifoddpage.sty
Package: ifoddpage 2022/10/18 v1.2 Conditionals for odd/even page detection
\c@checkoddpage=\count367
)) (/usr/share/texlive/texmf-dist/tex/latex/svg/svg.sty
Package: svg 2020/11/26 v2.02k (include SVG pictures)
 (/usr/share/texlive/texmf-dist/tex/latex/tools/shellesc.sty
Package: shellesc 2023/07/08 v1.0d unified shell escape interface for LaTeX
Package shellesc Info: Unrestricted shell escape enabled on input line 75.
) (/usr/share/texlive/texmf-dist/tex/latex/ifplatform/ifplatform.sty
Package: ifplatform 2017/10/13 v0.4a Testing for the operating system
 (/usr/share/texlive/texmf-dist/tex/generic/catchfile/catchfile.sty
Package: catchfile 2019/12/09 v1.8 Catch the contents of a file (HO)
 (/usr/share/texlive/texmf-dist/tex/generic/etexcmds/etexcmds.sty
Package: etexcmds 2019/12/15 v1.7 Avoid name clashes with e-TeX commands (HO)
)) (/usr/share/texlive/texmf-dist/tex/generic/iftex/ifluatex.sty
Package: ifluatex 2019/10/25 v1.5 ifluatex legacy package. Use iftex instead.
)
runsystem(uname -s > "Skript.w18")...executed.

 (./Skript.w18)
runsystem(rm -- "Skript.w18")...executed.

)
\c@svg@param@lastpage=\count368
\svg@box=\box103
\c@svg@param@currpage=\count369
) (/usr/share/texlive/texmf-dist/tex/latex/transparent/transparent.sty
Package: transparent 2022-10-27 v1.5 Transparency with color stacks
 (/usr/share/texlive/texmf-dist/tex/latex/transparent/transparent-nometadata.sty
Package: transparent-nometadata 2022-10-27 v1.5 Transparency via pdfTeX's color stack (HO)
 (/usr/share/texlive/texmf-dist/tex/latex/auxhook/auxhook.sty
Package: auxhook 2019-12-17 v1.6 Hooks for auxiliary files (HO)
))) (/usr/share/texlive/texmf-dist/tex/latex/overpic/overpic.sty
Package: overpic 2024/01/06 2.1 picture overlays (RN)
 (/usr/share/texlive/texmf-dist/tex/latex/eepic/epic.sty
Enhancements to Picture Environment. Version 1.2 - Released June 1, 1986
\@@multicnt=\count370
\d@lta=\count371
\@delta=\dimen365
\@@delta=\dimen366
\@gridcnt=\count372
\@joinkind=\count373
\@dotgap=\dimen367
\@ddotgap=\dimen368
\@x@diff=\count374
\@y@diff=\count375
\x@diff=\dimen369
\y@diff=\dimen370
\@dotbox=\box104
\num@segments=\count376
\num@segmentsi=\count377
\@datafile=\read5
)
\OVP@box=\box105
) (/usr/share/texlive/texmf-dist/tex/latex/silence/silence.sty
Package: silence 2012/07/02 v1.5b Selective filtering of warnings and error messages
\sl@Save=\count378
\sl@StateNumber=\count379
\sl@MessageCount=\count380
\sl@Casualties=\count381
\sl@Filter=\toks64
\sl@Message=\toks65
\sl@UnexpandedMessage=\toks66
\sl@Mess@ge=\toks67
\sl@WarningCount=\count382
\sl@WarningNumber=\count383
\sl@WarningCasualties=\count384
\sl@TempBOW=\toks68
\sl@BankOfWarnings=\toks69
LaTeX Info: Redefining \GenericWarning on input line 433.
\sl@ErrorCount=\count385
\sl@ErrorNumber=\count386
\sl@ErrorCasualties=\count387
\sl@TempBOE=\toks70
\sl@BankOfErrors=\toks71
LaTeX Info: Redefining \GenericError on input line 601.
) (/usr/share/texlive/texmf-dist/tex/generic/pgf/frontendlayer/tikz/libraries/tikzlibraryarrows.code.tex
File: tikzlibraryarrows.code.tex 2023-01-15 v3.1.10 (3.1.10)
 (/usr/share/texlive/texmf-dist/tex/generic/pgf/libraries/pgflibraryarrows.code.tex
File: pgflibraryarrows.code.tex 2023-01-15 v3.1.10 (3.1.10)
\arrowsize=\dimen371
)) (/usr/share/texlive/texmf-dist/tex/generic/pgf/frontendlayer/tikz/libraries/datavisualization/tikzlibrarydatavisualization.code.tex
File: tikzlibrarydatavisualization.code.tex 2023-01-15 v3.1.10 (3.1.10)
 (/usr/share/texlive/texmf-dist/tex/generic/pgf/modules/pgfmoduledatavisualization.code.tex
File: pgfmoduledatavisualization.code.tex 2023-01-15 v3.1.10 (3.1.10)
 (/usr/share/texlive/texmf-dist/tex/generic/pgf/modules/pgfmoduleoo.code.tex
\pgfoo@objectcount=\count388
\pgfoothis@count=\count389
\pgfoo@toks=\toks72
)
\pgf@lib@dv@cache@count=\count390
\pgf@lib@dv@cache@count=\count391
) (/usr/share/texlive/texmf-dist/tex/generic/pgf/frontendlayer/tikz/libraries/tikzlibrarybackgrounds.code.tex
File: tikzlibrarybackgrounds.code.tex 2023-01-15 v3.1.10 (3.1.10)
\pgf@layerbox@background=\box106
\pgf@layerboxsaved@background=\box107
)
\tikzdvvisualizercounter=\count392
) (/usr/share/texlive/texmf-dist/tex/generic/pgf/frontendlayer/tikz/libraries/tikzlibraryangles.code.tex
File: tikzlibraryangles.code.tex 2023-01-15 v3.1.10 (3.1.10)
) (/usr/share/texlive/texmf-dist/tex/generic/pgf/frontendlayer/tikz/libraries/tikzlibrarydecorations.markings.code.tex (/usr/share/texlive/texmf-dist/tex/generic/pgf/libraries/decorations/pgflibrarydecorations.markings.code.tex)) (/usr/share/texlive/texmf-dist/tex/generic/pgf/frontendlayer/tikz/libraries/tikzlibrarypatterns.code.tex
File: tikzlibrarypatterns.code.tex 2023-01-15 v3.1.10 (3.1.10)
 (/usr/share/texlive/texmf-dist/tex/generic/pgf/libraries/pgflibrarypatterns.code.tex
File: pgflibrarypatterns.code.tex 2023-01-15 v3.1.10 (3.1.10)
)) (/usr/share/texlive/texmf-dist/tex/generic/pgf/frontendlayer/tikz/libraries/tikzlibraryshapes.geometric.code.tex
File: tikzlibraryshapes.geometric.code.tex 2023-01-15 v3.1.10 (3.1.10)
 (/usr/share/texlive/texmf-dist/tex/generic/pgf/libraries/shapes/pgflibraryshapes.geometric.code.tex
File: pgflibraryshapes.geometric.code.tex 2023-01-15 v3.1.10 (3.1.10)
)) (/usr/share/texlive/texmf-dist/tex/generic/pgfplots/libs/tikzlibrarypgfplots.fillbetween.code.tex (/usr/share/texlive/texmf-dist/tex/generic/pgfplots/pgfcontrib/tikzlibraryfillbetween.code.tex (/usr/share/texlive/texmf-dist/tex/generic/pgf/frontendlayer/tikz/libraries/tikzlibraryintersections.code.tex (/usr/share/texlive/texmf-dist/tex/generic/pgf/libraries/pgflibraryintersections.code.tex
\pgf@intersect@solutions=\count393
)) (/usr/share/texlive/texmf-dist/tex/generic/pgfplots/pgfcontrib/tikzlibrarydecorations.softclip.code.tex (/usr/share/texlive/texmf-dist/tex/generic/pgfplots/pgfcontrib/pgflibraryfillbetween.code.tex))) (/usr/share/texlive/texmf-dist/tex/generic/pgfplots/libs/tikzlibrarypgfplots.decorations.softclip.code.tex))
\Colsep=\skip71
 (/usr/share/texlive/texmf-dist/tex/latex/ragged2e/ragged2e.sty
Package: ragged2e 2023/06/22 v3.6 ragged2e Package
\CenteringLeftskip=\skip72
\RaggedLeftLeftskip=\skip73
\RaggedRightLeftskip=\skip74
\CenteringRightskip=\skip75
\RaggedLeftRightskip=\skip76
\RaggedRightRightskip=\skip77
\CenteringParfillskip=\skip78
\RaggedLeftParfillskip=\skip79
\RaggedRightParfillskip=\skip80
\JustifyingParfillskip=\skip81
\CenteringParindent=\skip82
\RaggedLeftParindent=\skip83
\RaggedRightParindent=\skip84
\JustifyingParindent=\skip85
)) (../Templates/SkriptSettings.tex (/usr/share/texlive/texmf-dist/tex/latex/fancyhdr/fancyhdr.sty
Package: fancyhdr 2022/11/09 v4.1 Extensive control of page headers and footers
\f@nch@headwidth=\skip86
\f@nch@O@elh=\skip87
\f@nch@O@erh=\skip88
\f@nch@O@olh=\skip89
\f@nch@O@orh=\skip90
\f@nch@O@elf=\skip91
\f@nch@O@erf=\skip92
\f@nch@O@olf=\skip93
\f@nch@O@orf=\skip94
) (/usr/share/texlive/texmf-dist/tex/latex/sanitize-umlaut/sanitize-umlaut.sty
Package: sanitize-umlaut 2023/05/15 version 1.3.0 sanitize umlauts
Package sanitize-umlaut Info: encoding utf8 selected on input line 99.
) (/usr/share/texlive/texmf-dist/tex/latex/hyperref/hyperref.sty
Package: hyperref 2024-01-20 v7.01h Hypertext links for LaTeX
 (/usr/share/texlive/texmf-dist/tex/latex/kvsetkeys/kvsetkeys.sty
Package: kvsetkeys 2022-10-05 v1.19 Key value parser (HO)
) (/usr/share/texlive/texmf-dist/tex/generic/kvdefinekeys/kvdefinekeys.sty
Package: kvdefinekeys 2019-12-19 v1.6 Define keys (HO)
) (/usr/share/texlive/texmf-dist/tex/latex/hycolor/hycolor.sty
Package: hycolor 2020-01-27 v1.10 Color options for hyperref/bookmark (HO)
) (/usr/share/texlive/texmf-dist/tex/latex/hyperref/nameref.sty
Package: nameref 2023-11-26 v2.56 Cross-referencing by name of section
 (/usr/share/texlive/texmf-dist/tex/latex/refcount/refcount.sty
Package: refcount 2019/12/15 v3.6 Data extraction from label references (HO)
) (/usr/share/texlive/texmf-dist/tex/generic/gettitlestring/gettitlestring.sty
Package: gettitlestring 2019/12/15 v1.6 Cleanup title references (HO)
 (/usr/share/texlive/texmf-dist/tex/latex/kvoptions/kvoptions.sty
Package: kvoptions 2022-06-15 v3.15 Key value format for package options (HO)
))
\c@section@level=\count394
)
\@linkdim=\dimen372
\Hy@linkcounter=\count395
\Hy@pagecounter=\count396
 (/usr/share/texlive/texmf-dist/tex/latex/hyperref/pd1enc.def
File: pd1enc.def 2024-01-20 v7.01h Hyperref: PDFDocEncoding definition (HO)
Now handling font encoding PD1 ...
... no UTF-8 mapping file for font encoding PD1
) (/usr/share/texlive/texmf-dist/tex/generic/intcalc/intcalc.sty
Package: intcalc 2019/12/15 v1.3 Expandable calculations with integers (HO)
)
\Hy@SavedSpaceFactor=\count397
 (/usr/share/texlive/texmf-dist/tex/latex/hyperref/puenc.def
File: puenc.def 2024-01-20 v7.01h Hyperref: PDF Unicode definition (HO)
Now handling font encoding PU ...
... no UTF-8 mapping file for font encoding PU
)
Package hyperref Info: Option `bookmarks' set `true' on input line 4062.
Package hyperref Info: Option `bookmarksopen' set `false' on input line 4062.
Package hyperref Info: Option `colorlinks' set `true' on input line 4062.
Package hyperref Info: Option `bookmarksnumbered' set `true' on input line 4062.
Package hyperref Info: Hyper figures OFF on input line 4179.
Package hyperref Info: Link nesting OFF on input line 4184.
Package hyperref Info: Hyper index ON on input line 4187.
Package hyperref Info: Plain pages OFF on input line 4194.
Package hyperref Info: Backreferencing OFF on input line 4199.
Package hyperref Info: Implicit mode ON; LaTeX internals redefined.
Package hyperref Info: Bookmarks ON on input line 4446.
\c@Hy@tempcnt=\count398
 (/usr/share/texlive/texmf-dist/tex/latex/url/url.sty
\Urlmuskip=\muskip20
Package: url 2013/09/16  ver 3.4  Verb mode for urls, etc.
)
LaTeX Info: Redefining \url on input line 4784.
\XeTeXLinkMargin=\dimen373
 (/usr/share/texlive/texmf-dist/tex/generic/bitset/bitset.sty
Package: bitset 2019/12/09 v1.3 Handle bit-vector datatype (HO)
 (/usr/share/texlive/texmf-dist/tex/generic/bigintcalc/bigintcalc.sty
Package: bigintcalc 2019/12/15 v1.5 Expandable calculations on big integers (HO)
))
\Fld@menulength=\count399
\Field@Width=\dimen374
\Fld@charsize=\dimen375
Package hyperref Info: Hyper figures OFF on input line 6063.
Package hyperref Info: Link nesting OFF on input line 6068.
Package hyperref Info: Hyper index ON on input line 6071.
Package hyperref Info: backreferencing OFF on input line 6078.
Package hyperref Info: Link coloring ON on input line 6081.
Package hyperref Info: Link coloring with OCG OFF on input line 6088.
Package hyperref Info: PDF/A mode OFF on input line 6093.
 (/usr/share/texlive/texmf-dist/tex/latex/base/atbegshi-ltx.sty
Package: atbegshi-ltx 2021/01/10 v1.0c Emulation of the original atbegshi
package with kernel methods
)
\Hy@abspage=\count400
\c@Item=\count401
\c@Hfootnote=\count402
)
Package hyperref Info: Driver: hpdftex.
 (/usr/share/texlive/texmf-dist/tex/latex/hyperref/hpdftex.def
File: hpdftex.def 2024-01-20 v7.01h Hyperref driver for pdfTeX
 (/usr/share/texlive/texmf-dist/tex/latex/base/atveryend-ltx.sty
Package: atveryend-ltx 2020/08/19 v1.0a Emulation of the original atveryend package
with kernel methods
)
\Fld@listcount=\count403
\c@bookmark@seq@number=\count404
 (/usr/share/texlive/texmf-dist/tex/latex/rerunfilecheck/rerunfilecheck.sty
Package: rerunfilecheck 2022-07-10 v1.10 Rerun checks for auxiliary files (HO)
 (/usr/share/texlive/texmf-dist/tex/generic/uniquecounter/uniquecounter.sty
Package: uniquecounter 2019/12/15 v1.4 Provide unlimited unique counter (HO)
)
Package uniquecounter Info: New unique counter `rerunfilecheck' on input line 285.
)
\Hy@SectionHShift=\skip95
) (/usr/share/texlive/texmf-dist/tex/latex/hf-tikz/hf-tikz.sty
Package: hf-tikz 2014/07/25 v0.3a A simple way to highlight formulas and formula parts.
 (/usr/share/texlive/texmf-dist/tex/generic/pgf/frontendlayer/tikz/libraries/tikzlibraryshadings.code.tex
File: tikzlibraryshadings.code.tex 2023-01-15 v3.1.10 (3.1.10)
 (/usr/share/texlive/texmf-dist/tex/generic/pgf/libraries/pgflibraryshadings.code.tex
File: pgflibraryshadings.code.tex 2023-01-15 v3.1.10 (3.1.10)
))) (/usr/share/texlive/texmf-dist/tex/latex/enumitem/enumitem.sty
Package: enumitem 2019/06/20 v3.9 Customized lists
\labelindent=\skip96
\enit@outerparindent=\dimen376
\enit@toks=\toks73
\enit@inbox=\box108
\enit@count@id=\count405
\enitdp@description=\count406
) (/usr/share/texlive/texmf-dist/tex/latex/todonotes/todonotes.sty
Package: todonotes 2024/01/05 v1.1.7 Todonotes source and documentation.
Package: todonotes 2024/01/05
 (/usr/share/texlive/texmf-dist/tex/generic/pgf/frontendlayer/tikz/libraries/tikzlibrarypositioning.code.tex
File: tikzlibrarypositioning.code.tex 2023-01-15 v3.1.10 (3.1.10)
)
\c@@todonotes@numberoftodonotes=\count407
)
\@nomenclaturefile=\write4
\openout4 = `Skript.nlo'.

Package nomencl Info: Writing nomenclature file Skript.nlo on input line 19.
\@indexfile=\write5
\openout5 = `Skript.idx'.


Writing index file Skript.idx
\c@tcb@cnt@bsp=\count408
\c@tcb@cnt@expl=\count409
(/usr/share/texlive/texmf-dist/tex/latex/biblatex/biblatex.sty
Package: biblatex 2023/03/05 v3.19 programmable bibliographies (PK/MW)
 (/usr/share/texlive/texmf-dist/tex/latex/logreq/logreq.sty
Package: logreq 2010/08/04 v1.0 xml request logger
\lrq@indent=\count410
 (/usr/share/texlive/texmf-dist/tex/latex/logreq/logreq.def
File: logreq.def 2010/08/04 v1.0 logreq spec v1.0
))
\c@tabx@nest=\count411
\c@listtotal=\count412
\c@listcount=\count413
\c@liststart=\count414
\c@liststop=\count415
\c@citecount=\count416
\c@citetotal=\count417
\c@multicitecount=\count418
\c@multicitetotal=\count419
\c@instcount=\count420
\c@maxnames=\count421
\c@minnames=\count422
\c@maxitems=\count423
\c@minitems=\count424
\c@citecounter=\count425
\c@maxcitecounter=\count426
\c@savedcitecounter=\count427
\c@uniquelist=\count428
\c@uniquename=\count429
\c@refsection=\count430
\c@refsegment=\count431
\c@maxextratitle=\count432
\c@maxextratitleyear=\count433
\c@maxextraname=\count434
\c@maxextradate=\count435
\c@maxextraalpha=\count436
\c@abbrvpenalty=\count437
\c@highnamepenalty=\count438
\c@lownamepenalty=\count439
\c@maxparens=\count440
\c@parenlevel=\count441
\blx@tempcnta=\count442
\blx@tempcntb=\count443
\blx@tempcntc=\count444
\c@blx@maxsection=\count445
\blx@maxsegment@0=\count446
\blx@notetype=\count447
\blx@parenlevel@text=\count448
\blx@parenlevel@foot=\count449
\blx@sectionciteorder@0=\count450
\blx@sectionciteorderinternal@0=\count451
\blx@entrysetcounter=\count452
\blx@biblioinstance=\count453
\labelnumberwidth=\skip97
\labelalphawidth=\skip98
\biblabelsep=\skip99
\bibitemsep=\skip100
\bibnamesep=\skip101
\bibinitsep=\skip102
\bibparsep=\skip103
\bibhang=\skip104
\blx@bcfin=\read6
\blx@bcfout=\write6
\blx@langwohyphens=\language15
\c@mincomprange=\count454
\c@maxcomprange=\count455
\c@mincompwidth=\count456
Package biblatex Info: Trying to load biblatex default data model...
Package biblatex Info: ... file 'blx-dm.def' found.
 (/usr/share/texlive/texmf-dist/tex/latex/biblatex/blx-dm.def
File: blx-dm.def 2023/03/05 v3.19 biblatex localization (PK/MW)
)
Package biblatex Info: Trying to load biblatex custom data model...
Package biblatex Info: ... file 'biblatex-dm.cfg' not found.
\c@afterword=\count457
\c@savedafterword=\count458
\c@annotator=\count459
\c@savedannotator=\count460
\c@author=\count461
\c@savedauthor=\count462
\c@bookauthor=\count463
\c@savedbookauthor=\count464
\c@commentator=\count465
\c@savedcommentator=\count466
\c@editor=\count467
\c@savededitor=\count468
\c@editora=\count469
\c@savededitora=\count470
\c@editorb=\count471
\c@savededitorb=\count472
\c@editorc=\count473
\c@savededitorc=\count474
\c@foreword=\count475
\c@savedforeword=\count476
\c@holder=\count477
\c@savedholder=\count478
\c@introduction=\count479
\c@savedintroduction=\count480
\c@namea=\count481
\c@savednamea=\count482
\c@nameb=\count483
\c@savednameb=\count484
\c@namec=\count485
\c@savednamec=\count486
\c@translator=\count487
\c@savedtranslator=\count488
\c@shortauthor=\count489
\c@savedshortauthor=\count490
\c@shorteditor=\count491
\c@savedshorteditor=\count492
\c@labelname=\count493
\c@savedlabelname=\count494
\c@institution=\count495
\c@savedinstitution=\count496
\c@lista=\count497
\c@savedlista=\count498
\c@listb=\count499
\c@savedlistb=\count500
\c@listc=\count501
\c@savedlistc=\count502
\c@listd=\count503
\c@savedlistd=\count504
\c@liste=\count505
\c@savedliste=\count506
\c@listf=\count507
\c@savedlistf=\count508
\c@location=\count509
\c@savedlocation=\count510
\c@organization=\count511
\c@savedorganization=\count512
\c@origlocation=\count513
\c@savedoriglocation=\count514
\c@origpublisher=\count515
\c@savedorigpublisher=\count516
\c@publisher=\count517
\c@savedpublisher=\count518
\c@language=\count519
\c@savedlanguage=\count520
\c@origlanguage=\count521
\c@savedoriglanguage=\count522
\c@pageref=\count523
\c@savedpageref=\count524
\shorthandwidth=\skip105
\shortjournalwidth=\skip106
\shortserieswidth=\skip107
\shorttitlewidth=\skip108
\shortauthorwidth=\skip109
\shorteditorwidth=\skip110
\locallabelnumberwidth=\skip111
\locallabelalphawidth=\skip112
\localshorthandwidth=\skip113
\localshortjournalwidth=\skip114
\localshortserieswidth=\skip115
\localshorttitlewidth=\skip116
\localshortauthorwidth=\skip117
\localshorteditorwidth=\skip118
Package biblatex Info: Trying to load compatibility code...
Package biblatex Info: ... file 'blx-compat.def' found.
 (/usr/share/texlive/texmf-dist/tex/latex/biblatex/blx-compat.def
File: blx-compat.def 2023/03/05 v3.19 biblatex compatibility (PK/MW)
)
Package biblatex Info: Trying to load generic definitions...
Package biblatex Info: ... file 'biblatex.def' found.
 (/usr/share/texlive/texmf-dist/tex/latex/biblatex/biblatex.def
File: biblatex.def 2023/03/05 v3.19 biblatex compatibility (PK/MW)
\c@textcitecount=\count525
\c@textcitetotal=\count526
\c@textcitemaxnames=\count527
\c@biburlbigbreakpenalty=\count528
\c@biburlbreakpenalty=\count529
\c@biburlnumpenalty=\count530
\c@biburlucpenalty=\count531
\c@biburllcpenalty=\count532
\biburlbigskip=\muskip21
\biburlnumskip=\muskip22
\biburlucskip=\muskip23
\biburllcskip=\muskip24
\c@smartand=\count533
)
Package biblatex Info: Trying to load bibliography style 'numeric'...
Package biblatex Info: ... file 'numeric.bbx' found.
 (/usr/share/texlive/texmf-dist/tex/latex/biblatex/bbx/numeric.bbx
File: numeric.bbx 2023/03/05 v3.19 biblatex bibliography style (PK/MW)
Package biblatex Info: Trying to load bibliography style 'standard'...
Package biblatex Info: ... file 'standard.bbx' found.
 (/usr/share/texlive/texmf-dist/tex/latex/biblatex/bbx/standard.bbx
File: standard.bbx 2023/03/05 v3.19 biblatex bibliography style (PK/MW)
\c@bbx:relatedcount=\count534
\c@bbx:relatedtotal=\count535
))
Package biblatex Info: Trying to load citation style 'numeric'...
Package biblatex Info: ... file 'numeric.cbx' found.
 (/usr/share/texlive/texmf-dist/tex/latex/biblatex/cbx/numeric.cbx
File: numeric.cbx 2023/03/05 v3.19 biblatex citation style (PK/MW)
Package biblatex Info: Redefining '\cite'.
Package biblatex Info: Redefining '\parencite'.
Package biblatex Info: Redefining '\footcite'.
Package biblatex Info: Redefining '\footcitetext'.
Package biblatex Info: Redefining '\smartcite'.
Package biblatex Info: Redefining '\supercite'.
Package biblatex Info: Redefining '\textcite'.
Package biblatex Info: Redefining '\textcites'.
Package biblatex Info: Redefining '\cites'.
Package biblatex Info: Redefining '\parencites'.
Package biblatex Info: Redefining '\smartcites'.
)
Package biblatex Info: Trying to load configuration file...
Package biblatex Info: ... file 'biblatex.cfg' found.
 (/usr/share/texlive/texmf-dist/tex/latex/biblatex/biblatex.cfg
File: biblatex.cfg 
)
Package biblatex Info: Input encoding 'utf8' detected.
Package biblatex Info: Document encoding is UTF8 ....
Package biblatex Info: ... and expl3
(biblatex)             2024-01-22 L3 programming layer (loader) 
(biblatex)             is new enough (at least 2020/04/06),
(biblatex)             setting 'casechanger=expl3'.
 (/usr/share/texlive/texmf-dist/tex/latex/biblatex/blx-case-expl3.sty
Package: blx-case-expl3 2023/03/05 v3.19 expl3 case changing code for biblatex
))) (/usr/share/texlive/texmf-dist/tex/latex/tocbibind/tocbibind.sty
Package: tocbibind 2010/10/13 v1.5k extra ToC listings
Package tocbibind Info: The document has section divisions on input line 50.


Package tocbibind Note: Using section or other style headings.

) (../Video/beamervideo.sty
Package: beamervideo 2023/10/25 Video creation from beamer slides
\speechouts=\write7
\speechRenderVideoScript=\write8
\speechRenderVideoFileList=\write9
\c@videopage=\count536
\c@actualvideopage=\count537
\c@videocounter=\count538
\c@slidecounter=\count539
)

Package biblatex Warning: 'babel/polyglossia' detected but 'csquotes' missing.
(biblatex)                Loading 'csquotes' recommended.

\@quotelevel=\count540
\@quotereset=\count541
(./Skript.aux

LaTeX Warning: Label `Aufg1' multiply defined.


LaTeX Warning: Label `Aufg2' multiply defined.


LaTeX Warning: Label `Aufg3' multiply defined.


LaTeX Warning: Label `Aufg4' multiply defined.


LaTeX Warning: Label `Aufg5' multiply defined.


LaTeX Warning: Label `Aufg6' multiply defined.


LaTeX Warning: Label `Aufg7' multiply defined.


LaTeX Warning: Label `Aufg8' multiply defined.


LaTeX Warning: Label `Aufg9' multiply defined.


LaTeX Warning: Label `Aufg10' multiply defined.


LaTeX Warning: Label `Aufg11' multiply defined.


LaTeX Warning: Label `Aufg12' multiply defined.


LaTeX Warning: Label `Aufg13' multiply defined.


LaTeX Warning: Label `Aufg14' multiply defined.


LaTeX Warning: Label `Aufg15' multiply defined.


LaTeX Warning: Label `Aufg16' multiply defined.


LaTeX Warning: Label `Aufg17' multiply defined.


LaTeX Warning: Label `Aufg18' multiply defined.


LaTeX Warning: Label `Aufg19' multiply defined.


LaTeX Warning: Label `Aufg20' multiply defined.


LaTeX Warning: Label `Aufg21' multiply defined.


LaTeX Warning: Label `Aufg22' multiply defined.


LaTeX Warning: Label `Aufg23' multiply defined.


LaTeX Warning: Label `Aufg24' multiply defined.


LaTeX Warning: Label `Aufg25' multiply defined.


LaTeX Warning: Label `Aufg26' multiply defined.


LaTeX Warning: Label `Aufg27' multiply defined.


LaTeX Warning: Label `Aufg28' multiply defined.


LaTeX Warning: Label `Aufg31' multiply defined.


LaTeX Warning: Label `Aufg33' multiply defined.


LaTeX Warning: Label `Aufg35' multiply defined.


LaTeX Warning: Label `Aufg36' multiply defined.

)
\openout1 = `Skript.aux'.

LaTeX Font Info:    Checking defaults for OML/cmm/m/it on input line 26.
LaTeX Font Info:    ... okay on input line 26.
LaTeX Font Info:    Checking defaults for OMS/cmsy/m/n on input line 26.
LaTeX Font Info:    ... okay on input line 26.
LaTeX Font Info:    Checking defaults for OT1/cmr/m/n on input line 26.
LaTeX Font Info:    ... okay on input line 26.
LaTeX Font Info:    Checking defaults for T1/cmr/m/n on input line 26.
LaTeX Font Info:    ... okay on input line 26.
LaTeX Font Info:    Checking defaults for TS1/cmr/m/n on input line 26.
LaTeX Font Info:    ... okay on input line 26.
LaTeX Font Info:    Checking defaults for OMX/cmex/m/n on input line 26.
LaTeX Font Info:    ... okay on input line 26.
LaTeX Font Info:    Checking defaults for U/cmr/m/n on input line 26.
LaTeX Font Info:    ... okay on input line 26.
LaTeX Font Info:    Checking defaults for PD1/pdf/m/n on input line 26.
LaTeX Font Info:    ... okay on input line 26.
LaTeX Font Info:    Checking defaults for PU/pdf/m/n on input line 26.
LaTeX Font Info:    ... okay on input line 26.
 (/usr/share/texlive/texmf-dist/tex/context/base/mkii/supp-pdf.mkii
[Loading MPS to PDF converter (version 2006.09.02).]
\scratchcounter=\count542
\scratchdimen=\dimen377
\scratchbox=\box109
\nofMPsegments=\count543
\nofMParguments=\count544
\everyMPshowfont=\toks74
\MPscratchCnt=\count545
\MPscratchDim=\dimen378
\MPnumerator=\count546
\makeMPintoPDFobject=\count547
\everyMPtoPDFconversion=\toks75
) (/usr/share/texlive/texmf-dist/tex/latex/epstopdf-pkg/epstopdf-base.sty
Package: epstopdf-base 2020-01-24 v2.11 Base part for package epstopdf
 (/usr/share/texlive/texmf-dist/tex/latex/grfext/grfext.sty
Package: grfext 2019/12/03 v1.3 Manage graphics extensions (HO)
)
Package epstopdf-base Info: Redefining graphics rule for `.eps' on input line 485.
Package grfext Info: Graphics extension search list:
(grfext)             [.pdf,.png,.jpg,.mps,.jpeg,.jbig2,.jb2,.PDF,.PNG,.JPG,.JPEG,.JBIG2,.JB2,.eps]
(grfext)             \AppendGraphicsExtensions on input line 504.
 (/usr/share/texlive/texmf-dist/tex/latex/latexconfig/epstopdf-sys.cfg
File: epstopdf-sys.cfg 2010/07/13 v1.3 Configuration of (r)epstopdf for TeX Live
)) (/usr/share/texlive/texmf-dist/tex/latex/translator/translator-basic-dictionary-English.dict
Dictionary: translator-basic-dictionary, Language: English 
) (/usr/share/texlive/texmf-dist/tex/latex/translator/translator-bibliography-dictionary-English.dict
Dictionary: translator-bibliography-dictionary, Language: English 
) (/usr/share/texlive/texmf-dist/tex/latex/translator/translator-environment-dictionary-English.dict
Dictionary: translator-environment-dictionary, Language: English 
) (/usr/share/texlive/texmf-dist/tex/latex/translator/translator-months-dictionary-English.dict
Dictionary: translator-months-dictionary, Language: English 
) (/usr/share/texlive/texmf-dist/tex/latex/translator/translator-numbers-dictionary-English.dict
Dictionary: translator-numbers-dictionary, Language: English 
) (/usr/share/texlive/texmf-dist/tex/latex/translator/translator-theorem-dictionary-English.dict
Dictionary: translator-theorem-dictionary, Language: English 
)
Package tocbasic Info: usage of `tocbibind' detected on input line 26.
\symgns@font=\mathgroup11
LaTeX Font Info:    Overwriting symbol font `gns@font' in version `bold'
(Font)                  TS1/cmr/m/n --> TS1/cmr/b/n on input line 26.
Package gensymb Info: Math companion symbols declared on input line 26.
LaTeX Info: Redefining \degree on input line 26.
LaTeX Info: Redefining \celsius on input line 26.
Package gensymb Info: Using text companion symbols for \degree, \celsius and \perthousand on input line 26.
LaTeX Info: Redefining \ohm on input line 26.
Package gensymb Info: Using \textohm for \ohm on input line 26.
Package gensymb Info: Using \textmu for \micro on input line 26.
 (/usr/share/texlive/texmf-dist/tex/latex/translations/translations-basic-dictionary-german.trsl
File: translations-basic-dictionary-german.trsl (german translation file `translations-basic-dictionary')
)
Package translations Info: loading dictionary `translations-basic-dictionary' for `german'. on input line 26.
Package caption Info: Begin \AtBeginDocument code.
Package caption Info: float package is loaded.
Package caption Info: hyperref package is loaded.
Package caption Info: listings package is loaded.
Package caption Info: End \AtBeginDocument code.

Package pgfplots notification 'compat/show suggested version=true': document has been generated with the most recent feature set (\pgfplotsset{compat=1.18}).

\c@lstlisting=\count548
Package hyperref Info: Link coloring ON on input line 26.
(./Skript.out) (./Skript.out)
\@outlinefile=\write10
\openout10 = `Skript.out'.

Package biblatex Info: Trying to load language 'ngerman'...
Package biblatex Info: ... file 'ngerman.lbx' found.
 (/usr/share/texlive/texmf-dist/tex/latex/biblatex/lbx/ngerman.lbx
File: ngerman.lbx 2023/03/05 v3.19 biblatex localization (PK/MW)
Package biblatex Info: Trying to load language 'german'...
Package biblatex Info: ... file 'german.lbx' found.
 (/usr/share/texlive/texmf-dist/tex/latex/biblatex/lbx/german.lbx
File: german.lbx 2023/03/05 v3.19 biblatex localization (PK/MW)
)
Package biblatex Info: Trying to load language 'german'...
Package biblatex Info: ... file 'german.lbx' found.
 (/usr/share/texlive/texmf-dist/tex/latex/biblatex/lbx/german.lbx
File: german.lbx 2023/03/05 v3.19 biblatex localization (PK/MW)
))
Package biblatex Info: Input encoding 'utf8' detected.
Package biblatex Info: Automatic encoding selection.
(biblatex)             Assuming data encoding 'utf8'.
\openout6 = `Skript.bcf'.

Package biblatex Info: Trying to load bibliographic data...
Package biblatex Info: ... file 'Skript.bbl' found.
 (./Skript.bbl)
Package biblatex Info: Reference section=0 on input line 26.
Package biblatex Info: Reference segment=0 on input line 26.
 (../Templates/SkriptTitle.tex
<../Templates/Bilder/FHAachen-logo2010.png, id=392, 301.125pt x 1026.83624pt>
File: ../Templates/Bilder/FHAachen-logo2010.png Graphic file (type png)
<use ../Templates/Bilder/FHAachen-logo2010.png>
Package pdftex.def Info: ../Templates/Bilder/FHAachen-logo2010.png  used on input line 5.
(pdftex.def)             Requested size: 301.12425pt x 1026.83374pt.
LaTeX Font Info:    Trying to load font information for U+msa on input line 6.
 (/usr/share/texlive/texmf-dist/tex/latex/amsfonts/umsa.fd
File: umsa.fd 2013/01/14 v3.01 AMS symbols A
)
LaTeX Font Info:    Trying to load font information for U+msb on input line 6.
 (/usr/share/texlive/texmf-dist/tex/latex/amsfonts/umsb.fd
File: umsb.fd 2013/01/14 v3.01 AMS symbols B
)
LaTeX Font Info:    Trying to load font information for U+esint on input line 6.
 (/usr/share/texlive/texmf-dist/tex/latex/esint/uesint.fd
File: uesint.fd 
)
LaTeX Font Info:    Trying to load font information for U+rsfs on input line 6.
 (/usr/share/texlive/texmf-dist/tex/latex/jknapltx/ursfs.fd
File: ursfs.fd 1998/03/24 rsfs font definition file (jk)
)
<../Templates/Bilder/Logo_Uni_Paderborn.png, id=394, 1284.8pt x 337.26pt>
File: ../Templates/Bilder/Logo_Uni_Paderborn.png Graphic file (type png)
<use ../Templates/Bilder/Logo_Uni_Paderborn.png>
Package pdftex.def Info: ../Templates/Bilder/Logo_Uni_Paderborn.png  used on input line 9.
(pdftex.def)             Requested size: 131.02632pt x 34.39183pt.
<../Templates/Bilder/BUW_Logo-weiss-auf-gruen-rgb.png, id=395, 150.0807pt x 60.9477pt>
File: ../Templates/Bilder/BUW_Logo-weiss-auf-gruen-rgb.png Graphic file (type png)
<use ../Templates/Bilder/BUW_Logo-weiss-auf-gruen-rgb.png>
Package pdftex.def Info: ../Templates/Bilder/BUW_Logo-weiss-auf-gruen-rgb.png  used on input line 13.
(pdftex.def)             Requested size: 131.02632pt x 53.21004pt.
<../Templates/Bilder/Fachhochschule_Südwestfalen_logo.png, id=396, 1284.8pt x 316.18124pt>
File: ../Templates/Bilder/Fachhochschule_Südwestfalen_logo.png Graphic file (type png)
<use ../Templates/Bilder/Fachhochschule_Südwestfalen_logo.png>
Package pdftex.def Info: ../Templates/Bilder/Fachhochschule_Südwestfalen_logo.png  used on input line 17.
(pdftex.def)             Requested size: 131.02632pt x 32.24234pt.
<../Templates/Bilder/logo-hrw.png, id=397, 753.81625pt x 213.79875pt>
File: ../Templates/Bilder/logo-hrw.png Graphic file (type png)
<use ../Templates/Bilder/logo-hrw.png>
Package pdftex.def Info: ../Templates/Bilder/logo-hrw.png  used on input line 21.
(pdftex.def)             Requested size: 131.02632pt x 37.16087pt.
<../Templates/Bilder/FH_Dortmund-logo.png, id=398, 1027.84pt x 370.38374pt>
File: ../Templates/Bilder/FH_Dortmund-logo.png Graphic file (type png)
<use ../Templates/Bilder/FH_Dortmund-logo.png>
Package pdftex.def Info: ../Templates/Bilder/FH_Dortmund-logo.png  used on input line 26.
(pdftex.def)             Requested size: 91.71802pt x 33.0505pt.
<../Templates/Bilder/dh_nrw.jpg, id=399, 722.7pt x 271.0125pt>
File: ../Templates/Bilder/dh_nrw.jpg Graphic file (type jpg)
<use ../Templates/Bilder/dh_nrw.jpg>
Package pdftex.def Info: ../Templates/Bilder/dh_nrw.jpg  used on input line 45.
(pdftex.def)             Requested size: 157.23026pt x 58.96127pt.
<../Templates/Bilder/mkw.jpg, id=400, 9233.49625pt x 1878.01625pt>
File: ../Templates/Bilder/mkw.jpg Graphic file (type jpg)
<use ../Templates/Bilder/mkw.jpg>
Package pdftex.def Info: ../Templates/Bilder/mkw.jpg  used on input line 50.
(pdftex.def)             Requested size: 218.37498pt x 44.38843pt.
 [1

{/var/lib/texmf/fonts/map/pdftex/updmap/pdftex.map} <../Templates/Bilder/FHAachen-logo2010.png> <../Templates/Bilder/Logo_Uni_Paderborn.png> <../Templates/Bilder/BUW_Logo-weiss-auf-gruen-rgb.png> <../Templates/Bilder/Fachhochschule_Südwestfalen_logo.png> <../Templates/Bilder/logo-hrw.png> <../Templates/Bilder/FH_Dortmund-logo.png> <../Templates/Bilder/dh_nrw.jpg> <../Templates/Bilder/mkw.jpg>]
Underfull \hbox (badness 10000) in paragraph at lines 57--58

 []

<../Templates/Bilder/by.png, id=415, 97.0827pt x 33.9669pt>
File: ../Templates/Bilder/by.png Graphic file (type png)
<use ../Templates/Bilder/by.png>
Package pdftex.def Info: ../Templates/Bilder/by.png  used on input line 60.
(pdftex.def)             Requested size: 87.34865pt x 30.56215pt.
[2 <../Templates/Bilder/by.png>]) (./Skript.toc [3])
\tf@toc=\write11
\openout11 = `Skript.toc'.

 [4]
No file Skript.nls.
(./Inhalt.tex (./kap1.tex
<Bilder/kap1/AufnahmenHalbleiterWiki.png, id=524, 1580.90625pt x 379.4175pt>
File: Bilder/kap1/AufnahmenHalbleiterWiki.png Graphic file (type png)
<use Bilder/kap1/AufnahmenHalbleiterWiki.png>
Package pdftex.def Info: Bilder/kap1/AufnahmenHalbleiterWiki.png  used on input line 52.
(pdftex.def)             Requested size: 349.4013pt x 83.8542pt.
Package svg Info: Last page of `./svg-inkscape/ZusammenhangBohrscheAtommodellundBaendermodell_1_svg-tex.pdf' is 2 on input line 111.
 (./svg-inkscape/ZusammenhangBohrscheAtommodellundBaendermodell_1_svg-tex.pdf_tex
<./svg-inkscape/ZusammenhangBohrscheAtommodellundBaendermodell_1_svg-tex.pdf, id=529, page=1, 115.23077pt x 115.23282pt>
File: ./svg-inkscape/ZusammenhangBohrscheAtommodellundBaendermodell_1_svg-tex.pdf Graphic file (type pdf)
<use ./svg-inkscape/ZusammenhangBohrscheAtommodellundBaendermodell_1_svg-tex.pdf, page 1>
Package pdftex.def Info: ./svg-inkscape/ZusammenhangBohrscheAtommodellundBaendermodell_1_svg-tex.pdf , page1 used on input line 56.
(pdftex.def)             Requested size: 83.85396pt x 83.85725pt.
<./svg-inkscape/ZusammenhangBohrscheAtommodellundBaendermodell_1_svg-tex.pdf, id=530, page=2, 115.23077pt x 115.23282pt>
File: ./svg-inkscape/ZusammenhangBohrscheAtommodellundBaendermodell_1_svg-tex.pdf Graphic file (type pdf)
<use ./svg-inkscape/ZusammenhangBohrscheAtommodellundBaendermodell_1_svg-tex.pdf, page 2>
Package pdftex.def Info: ./svg-inkscape/ZusammenhangBohrscheAtommodellundBaendermodell_1_svg-tex.pdf , page2 used on input line 58.
(pdftex.def)             Requested size: 83.85396pt x 83.85725pt.
)
Package svg Info: Last page of `./svg-inkscape/ZusammenhangBohrscheAtommodellundBaendermodell_2_svg-tex.pdf' is 1 on input line 111.
 (./svg-inkscape/ZusammenhangBohrscheAtommodellundBaendermodell_2_svg-tex.pdf_tex
<./svg-inkscape/ZusammenhangBohrscheAtommodellundBaendermodell_2_svg-tex.pdf, id=532, page=1, 67.2776pt x 82.93768pt>
File: ./svg-inkscape/ZusammenhangBohrscheAtommodellundBaendermodell_2_svg-tex.pdf Graphic file (type pdf)
<use ./svg-inkscape/ZusammenhangBohrscheAtommodellundBaendermodell_2_svg-tex.pdf, page 1>
Package pdftex.def Info: ./svg-inkscape/ZusammenhangBohrscheAtommodellundBaendermodell_2_svg-tex.pdf , page1 used on input line 56.
(pdftex.def)             Requested size: 83.85396pt x 103.37823pt.
) [1


 <./Bilder/kap1/AufnahmenHalbleiterWiki.png>]
Package svg Info: Last page of `./svg-inkscape/UebergangVonEnergieniveausZuBaendern_svg-tex.pdf' is 3 on input line 137.
 (./svg-inkscape/UebergangVonEnergieniveausZuBaendern_svg-tex.pdf_tex
<./svg-inkscape/UebergangVonEnergieniveausZuBaendern_svg-tex.pdf, id=543, page=1, 282.3121pt x 87.89467pt>
File: ./svg-inkscape/UebergangVonEnergieniveausZuBaendern_svg-tex.pdf Graphic file (type pdf)
<use ./svg-inkscape/UebergangVonEnergieniveausZuBaendern_svg-tex.pdf, page 1>
Package pdftex.def Info: ./svg-inkscape/UebergangVonEnergieniveausZuBaendern_svg-tex.pdf , page1 used on input line 56.
(pdftex.def)             Requested size: 262.05264pt x 81.59499pt.
<./svg-inkscape/UebergangVonEnergieniveausZuBaendern_svg-tex.pdf, id=544, page=2, 282.3121pt x 87.89467pt>
File: ./svg-inkscape/UebergangVonEnergieniveausZuBaendern_svg-tex.pdf Graphic file (type pdf)
<use ./svg-inkscape/UebergangVonEnergieniveausZuBaendern_svg-tex.pdf, page 2>
Package pdftex.def Info: ./svg-inkscape/UebergangVonEnergieniveausZuBaendern_svg-tex.pdf , page2 used on input line 59.
(pdftex.def)             Requested size: 262.05264pt x 81.59499pt.
<./svg-inkscape/UebergangVonEnergieniveausZuBaendern_svg-tex.pdf, id=545, page=3, 282.3121pt x 87.89467pt>
File: ./svg-inkscape/UebergangVonEnergieniveausZuBaendern_svg-tex.pdf Graphic file (type pdf)
<use ./svg-inkscape/UebergangVonEnergieniveausZuBaendern_svg-tex.pdf, page 3>
Package pdftex.def Info: ./svg-inkscape/UebergangVonEnergieniveausZuBaendern_svg-tex.pdf , page3 used on input line 62.
(pdftex.def)             Requested size: 262.05264pt x 81.59499pt.
)
Package svg Info: Last page of `./svg-inkscape/BaendermodelleinesMaterialsbei0K_svg-tex.pdf' is 4 on input line 223.
 (./svg-inkscape/BaendermodelleinesMaterialsbei0K_svg-tex.pdf_tex
<./svg-inkscape/BaendermodelleinesMaterialsbei0K_svg-tex.pdf, id=547, page=1, 362.98326pt x 157.57384pt>
File: ./svg-inkscape/BaendermodelleinesMaterialsbei0K_svg-tex.pdf Graphic file (type pdf)
<use ./svg-inkscape/BaendermodelleinesMaterialsbei0K_svg-tex.pdf, page 1>
Package pdftex.def Info: ./svg-inkscape/BaendermodelleinesMaterialsbei0K_svg-tex.pdf , page1 used on input line 56.
(pdftex.def)             Requested size: 262.05264pt x 113.76323pt.
<./svg-inkscape/BaendermodelleinesMaterialsbei0K_svg-tex.pdf, id=548, page=2, 362.98326pt x 157.57384pt>
File: ./svg-inkscape/BaendermodelleinesMaterialsbei0K_svg-tex.pdf Graphic file (type pdf)
<use ./svg-inkscape/BaendermodelleinesMaterialsbei0K_svg-tex.pdf, page 2>
Package pdftex.def Info: ./svg-inkscape/BaendermodelleinesMaterialsbei0K_svg-tex.pdf , page2 used on input line 58.
(pdftex.def)             Requested size: 262.05264pt x 113.76323pt.
<./svg-inkscape/BaendermodelleinesMaterialsbei0K_svg-tex.pdf, id=549, page=3, 362.98326pt x 157.57384pt>
File: ./svg-inkscape/BaendermodelleinesMaterialsbei0K_svg-tex.pdf Graphic file (type pdf)
<use ./svg-inkscape/BaendermodelleinesMaterialsbei0K_svg-tex.pdf, page 3>
Package pdftex.def Info: ./svg-inkscape/BaendermodelleinesMaterialsbei0K_svg-tex.pdf , page3 used on input line 63.
(pdftex.def)             Requested size: 262.05264pt x 113.76323pt.
<./svg-inkscape/BaendermodelleinesMaterialsbei0K_svg-tex.pdf, id=550, page=4, 362.98326pt x 157.57384pt>
File: ./svg-inkscape/BaendermodelleinesMaterialsbei0K_svg-tex.pdf Graphic file (type pdf)
<use ./svg-inkscape/BaendermodelleinesMaterialsbei0K_svg-tex.pdf, page 4>
Package pdftex.def Info: ./svg-inkscape/BaendermodelleinesMaterialsbei0K_svg-tex.pdf , page4 used on input line 66.
(pdftex.def)             Requested size: 262.05264pt x 113.76323pt.
) [2 <./svg-inkscape/ZusammenhangBohrscheAtommodellundBaendermodell_1_svg-tex.pdf> <./svg-inkscape/ZusammenhangBohrscheAtommodellundBaendermodell_1_svg-tex.pdf

pdfTeX warning: pdflatex (file ./svg-inkscape/ZusammenhangBohrscheAtommodellundBaendermodell_1_svg-tex.pdf): PDF inclusion: multiple pdfs with page group included in a single page
> <./svg-inkscape/ZusammenhangBohrscheAtommodellundBaendermodell_2_svg-tex.pdf

pdfTeX warning: pdflatex (file ./svg-inkscape/ZusammenhangBohrscheAtommodellundBaendermodell_2_svg-tex.pdf): PDF inclusion: multiple pdfs with page group included in a single page
> <./svg-inkscape/UebergangVonEnergieniveausZuBaendern_svg-tex.pdf

pdfTeX warning: pdflatex (file ./svg-inkscape/UebergangVonEnergieniveausZuBaendern_svg-tex.pdf): PDF inclusion: multiple pdfs with page group included in a single page
> <./svg-inkscape/UebergangVonEnergieniveausZuBaendern_svg-tex.pdf

pdfTeX warning: pdflatex (file ./svg-inkscape/UebergangVonEnergieniveausZuBaendern_svg-tex.pdf): PDF inclusion: multiple pdfs with page group included in a single page
> <./svg-inkscape/UebergangVonEnergieniveausZuBaendern_svg-tex.pdf

pdfTeX warning: pdflatex (file ./svg-inkscape/UebergangVonEnergieniveausZuBaendern_svg-tex.pdf): PDF inclusion: multiple pdfs with page group included in a single page
>]

LaTeX Font Warning: Font shape `OT1/cmr/m/n' in size <3.42998> not available
(Font)              size <5> substituted on input line 223.


LaTeX Font Warning: Font shape `OT1/cmr/m/n' in size <2.45> not available
(Font)              size <5> substituted on input line 223.


LaTeX Font Warning: Font shape `OML/cmm/m/it' in size <3.42998> not available
(Font)              size <5> substituted on input line 223.


LaTeX Font Warning: Font shape `OML/cmm/m/it' in size <2.45> not available
(Font)              size <5> substituted on input line 223.


LaTeX Font Warning: Font shape `OMS/cmsy/m/n' in size <3.42998> not available
(Font)              size <5> substituted on input line 223.


LaTeX Font Warning: Font shape `OMS/cmsy/m/n' in size <2.45> not available
(Font)              size <5> substituted on input line 223.


LaTeX Font Warning: Font shape `OT1/cmr/bx/n' in size <3.42998> not available
(Font)              size <5> substituted on input line 223.


LaTeX Font Warning: Font shape `OT1/cmr/bx/n' in size <2.45> not available
(Font)              size <5> substituted on input line 223.


LaTeX Font Warning: Font shape `OML/cmm/b/it' in size <3.42998> not available
(Font)              size <5> substituted on input line 223.


LaTeX Font Warning: Font shape `OML/cmm/b/it' in size <2.45> not available
(Font)              size <5> substituted on input line 223.


LaTeX Font Warning: Font shape `OMS/cmsy/b/n' in size <3.42998> not available
(Font)              size <5> substituted on input line 223.


LaTeX Font Warning: Font shape `OMS/cmsy/b/n' in size <2.45> not available
(Font)              size <5> substituted on input line 223.


LaTeX Font Warning: Font shape `U/rsfs/m/n' in size <3.42998> not available
(Font)              size <5> substituted on input line 223.


LaTeX Font Warning: Font shape `U/rsfs/m/n' in size <2.45> not available
(Font)              size <5> substituted on input line 223.


LaTeX Font Warning: Font shape `TS1/cmr/m/n' in size <3.42998> not available
(Font)              size <5> substituted on input line 223.


LaTeX Font Warning: Font shape `TS1/cmr/m/n' in size <2.45> not available
(Font)              size <5> substituted on input line 223.


LaTeX Font Warning: Font shape `OT1/cmr/m/n' in size <3.5> not available
(Font)              size <5> substituted on input line 223.


LaTeX Font Warning: Font shape `OT1/cmr/m/n' in size <2.44998> not available
(Font)              size <5> substituted on input line 223.


LaTeX Font Warning: Font shape `OT1/cmr/m/n' in size <1.75> not available
(Font)              size <5> substituted on input line 223.


LaTeX Font Warning: Font shape `OML/cmm/m/it' in size <3.5> not available
(Font)              size <5> substituted on input line 223.


LaTeX Font Warning: Font shape `OML/cmm/m/it' in size <2.44998> not available
(Font)              size <5> substituted on input line 223.


LaTeX Font Warning: Font shape `OML/cmm/m/it' in size <1.75> not available
(Font)              size <5> substituted on input line 223.


LaTeX Font Warning: Font shape `OMS/cmsy/m/n' in size <3.5> not available
(Font)              size <5> substituted on input line 223.


LaTeX Font Warning: Font shape `OMS/cmsy/m/n' in size <2.44998> not available
(Font)              size <5> substituted on input line 223.


LaTeX Font Warning: Font shape `OMS/cmsy/m/n' in size <1.75> not available
(Font)              size <5> substituted on input line 223.


LaTeX Font Warning: Font shape `OT1/cmr/bx/n' in size <3.5> not available
(Font)              size <5> substituted on input line 223.


LaTeX Font Warning: Font shape `OT1/cmr/bx/n' in size <2.44998> not available
(Font)              size <5> substituted on input line 223.


LaTeX Font Warning: Font shape `OT1/cmr/bx/n' in size <1.75> not available
(Font)              size <5> substituted on input line 223.


LaTeX Font Warning: Font shape `OML/cmm/b/it' in size <3.5> not available
(Font)              size <5> substituted on input line 223.


LaTeX Font Warning: Font shape `OML/cmm/b/it' in size <2.44998> not available
(Font)              size <5> substituted on input line 223.


LaTeX Font Warning: Font shape `OML/cmm/b/it' in size <1.75> not available
(Font)              size <5> substituted on input line 223.


LaTeX Font Warning: Font shape `OMS/cmsy/b/n' in size <3.5> not available
(Font)              size <5> substituted on input line 223.


LaTeX Font Warning: Font shape `OMS/cmsy/b/n' in size <2.44998> not available
(Font)              size <5> substituted on input line 223.


LaTeX Font Warning: Font shape `OMS/cmsy/b/n' in size <1.75> not available
(Font)              size <5> substituted on input line 223.


LaTeX Font Warning: Font shape `U/rsfs/m/n' in size <3.5> not available
(Font)              size <5> substituted on input line 223.


LaTeX Font Warning: Font shape `U/rsfs/m/n' in size <2.44998> not available
(Font)              size <5> substituted on input line 223.


LaTeX Font Warning: Font shape `U/rsfs/m/n' in size <1.75> not available
(Font)              size <5> substituted on input line 223.


LaTeX Font Warning: Font shape `TS1/cmr/m/n' in size <3.5> not available
(Font)              size <5> substituted on input line 223.


LaTeX Font Warning: Font shape `TS1/cmr/m/n' in size <2.44998> not available
(Font)              size <5> substituted on input line 223.


LaTeX Font Warning: Font shape `TS1/cmr/m/n' in size <1.75> not available
(Font)              size <5> substituted on input line 223.

Package svg Info: Last page of `./svg-inkscape/BaendermodellverschiedenerMaterialien_svg-tex.pdf' is 9 on input line 265.
(./svg-inkscape/BaendermodellverschiedenerMaterialien_svg-tex.pdf_tex
<./svg-inkscape/BaendermodellverschiedenerMaterialien_svg-tex.pdf, id=580, page=1, 499.30656pt x 85.94896pt>
File: ./svg-inkscape/BaendermodellverschiedenerMaterialien_svg-tex.pdf Graphic file (type pdf)
<use ./svg-inkscape/BaendermodellverschiedenerMaterialien_svg-tex.pdf, page 1>
Package pdftex.def Info: ./svg-inkscape/BaendermodellverschiedenerMaterialien_svg-tex.pdf , page1 used on input line 56.
(pdftex.def)             Requested size: 436.74997pt x 75.18414pt.
<./svg-inkscape/BaendermodellverschiedenerMaterialien_svg-tex.pdf, id=581, page=2, 499.30656pt x 85.94896pt>
File: ./svg-inkscape/BaendermodellverschiedenerMaterialien_svg-tex.pdf Graphic file (type pdf)
<use ./svg-inkscape/BaendermodellverschiedenerMaterialien_svg-tex.pdf, page 2>
Package pdftex.def Info: ./svg-inkscape/BaendermodellverschiedenerMaterialien_svg-tex.pdf , page2 used on input line 62.
(pdftex.def)             Requested size: 436.74997pt x 75.18414pt.
<./svg-inkscape/BaendermodellverschiedenerMaterialien_svg-tex.pdf, id=582, page=3, 499.30656pt x 85.94896pt>
File: ./svg-inkscape/BaendermodellverschiedenerMaterialien_svg-tex.pdf Graphic file (type pdf)
<use ./svg-inkscape/BaendermodellverschiedenerMaterialien_svg-tex.pdf, page 3>
Package pdftex.def Info: ./svg-inkscape/BaendermodellverschiedenerMaterialien_svg-tex.pdf , page3 used on input line 65.
(pdftex.def)             Requested size: 436.74997pt x 75.18414pt.
<./svg-inkscape/BaendermodellverschiedenerMaterialien_svg-tex.pdf, id=583, page=4, 499.30656pt x 85.94896pt>
File: ./svg-inkscape/BaendermodellverschiedenerMaterialien_svg-tex.pdf Graphic file (type pdf)
<use ./svg-inkscape/BaendermodellverschiedenerMaterialien_svg-tex.pdf, page 4>
Package pdftex.def Info: ./svg-inkscape/BaendermodellverschiedenerMaterialien_svg-tex.pdf , page4 used on input line 68.
(pdftex.def)             Requested size: 436.74997pt x 75.18414pt.
<./svg-inkscape/BaendermodellverschiedenerMaterialien_svg-tex.pdf, id=584, page=5, 499.30656pt x 85.94896pt>
File: ./svg-inkscape/BaendermodellverschiedenerMaterialien_svg-tex.pdf Graphic file (type pdf)
<use ./svg-inkscape/BaendermodellverschiedenerMaterialien_svg-tex.pdf, page 5>
Package pdftex.def Info: ./svg-inkscape/BaendermodellverschiedenerMaterialien_svg-tex.pdf , page5 used on input line 70.
(pdftex.def)             Requested size: 436.74997pt x 75.18414pt.
<./svg-inkscape/BaendermodellverschiedenerMaterialien_svg-tex.pdf, id=585, page=6, 499.30656pt x 85.94896pt>
File: ./svg-inkscape/BaendermodellverschiedenerMaterialien_svg-tex.pdf Graphic file (type pdf)
<use ./svg-inkscape/BaendermodellverschiedenerMaterialien_svg-tex.pdf, page 6>
Package pdftex.def Info: ./svg-inkscape/BaendermodellverschiedenerMaterialien_svg-tex.pdf , page6 used on input line 73.
(pdftex.def)             Requested size: 436.74997pt x 75.18414pt.
<./svg-inkscape/BaendermodellverschiedenerMaterialien_svg-tex.pdf, id=586, page=7, 499.30656pt x 85.94896pt>
File: ./svg-inkscape/BaendermodellverschiedenerMaterialien_svg-tex.pdf Graphic file (type pdf)
<use ./svg-inkscape/BaendermodellverschiedenerMaterialien_svg-tex.pdf, page 7>
Package pdftex.def Info: ./svg-inkscape/BaendermodellverschiedenerMaterialien_svg-tex.pdf , page7 used on input line 75.
(pdftex.def)             Requested size: 436.74997pt x 75.18414pt.
<./svg-inkscape/BaendermodellverschiedenerMaterialien_svg-tex.pdf, id=587, page=8, 499.30656pt x 85.94896pt>
File: ./svg-inkscape/BaendermodellverschiedenerMaterialien_svg-tex.pdf Graphic file (type pdf)
<use ./svg-inkscape/BaendermodellverschiedenerMaterialien_svg-tex.pdf, page 8>
Package pdftex.def Info: ./svg-inkscape/BaendermodellverschiedenerMaterialien_svg-tex.pdf , page8 used on input line 77.
(pdftex.def)             Requested size: 436.74997pt x 75.18414pt.
<./svg-inkscape/BaendermodellverschiedenerMaterialien_svg-tex.pdf, id=588, page=9, 499.30656pt x 85.94896pt>
File: ./svg-inkscape/BaendermodellverschiedenerMaterialien_svg-tex.pdf Graphic file (type pdf)
<use ./svg-inkscape/BaendermodellverschiedenerMaterialien_svg-tex.pdf, page 9>
Package pdftex.def Info: ./svg-inkscape/BaendermodellverschiedenerMaterialien_svg-tex.pdf , page9 used on input line 80.
(pdftex.def)             Requested size: 436.74997pt x 75.18414pt.
) [3 <./svg-inkscape/BaendermodelleinesMaterialsbei0K_svg-tex.pdf> <./svg-inkscape/BaendermodelleinesMaterialsbei0K_svg-tex.pdf

pdfTeX warning: pdflatex (file ./svg-inkscape/BaendermodelleinesMaterialsbei0K_svg-tex.pdf): PDF inclusion: multiple pdfs with page group included in a single page
> <./svg-inkscape/BaendermodelleinesMaterialsbei0K_svg-tex.pdf

pdfTeX warning: pdflatex (file ./svg-inkscape/BaendermodelleinesMaterialsbei0K_svg-tex.pdf): PDF inclusion: multiple pdfs with page group included in a single page
> <./svg-inkscape/BaendermodelleinesMaterialsbei0K_svg-tex.pdf

pdfTeX warning: pdflatex (file ./svg-inkscape/BaendermodelleinesMaterialsbei0K_svg-tex.pdf): PDF inclusion: multiple pdfs with page group included in a single page
> <./svg-inkscape/BaendermodellverschiedenerMaterialien_svg-tex.pdf

pdfTeX warning: pdflatex (file ./svg-inkscape/BaendermodellverschiedenerMaterialien_svg-tex.pdf): PDF inclusion: multiple pdfs with page group included in a single page
> <./svg-inkscape/BaendermodellverschiedenerMaterialien_svg-tex.pdf

pdfTeX warning: pdflatex (file ./svg-inkscape/BaendermodellverschiedenerMaterialien_svg-tex.pdf): PDF inclusion: multiple pdfs with page group included in a single page
> <./svg-inkscape/BaendermodellverschiedenerMaterialien_svg-tex.pdf

pdfTeX warning: pdflatex (file ./svg-inkscape/BaendermodellverschiedenerMaterialien_svg-tex.pdf): PDF inclusion: multiple pdfs with page group included in a single page
> <./svg-inkscape/BaendermodellverschiedenerMaterialien_svg-tex.pdf

pdfTeX warning: pdflatex (file ./svg-inkscape/BaendermodellverschiedenerMaterialien_svg-tex.pdf): PDF inclusion: multiple pdfs with page group included in a single page
> <./svg-inkscape/BaendermodellverschiedenerMaterialien_svg-tex.pdf

pdfTeX warning: pdflatex (file ./svg-inkscape/BaendermodellverschiedenerMaterialien_svg-tex.pdf): PDF inclusion: multiple pdfs with page group included in a single page
> <./svg-inkscape/BaendermodellverschiedenerMaterialien_svg-tex.pdf

pdfTeX warning: pdflatex (file ./svg-inkscape/BaendermodellverschiedenerMaterialien_svg-tex.pdf): PDF inclusion: multiple pdfs with page group included in a single page
> <./svg-inkscape/BaendermodellverschiedenerMaterialien_svg-tex.pdf

pdfTeX warning: pdflatex (file ./svg-inkscape/BaendermodellverschiedenerMaterialien_svg-tex.pdf): PDF inclusion: multiple pdfs with page group included in a single page
> <./svg-inkscape/BaendermodellverschiedenerMaterialien_svg-tex.pdf

pdfTeX warning: pdflatex (file ./svg-inkscape/BaendermodellverschiedenerMaterialien_svg-tex.pdf): PDF inclusion: multiple pdfs with page group included in a single page
> <./svg-inkscape/BaendermodellverschiedenerMaterialien_svg-tex.pdf

pdfTeX warning: pdflatex (file ./svg-inkscape/BaendermodellverschiedenerMaterialien_svg-tex.pdf): PDF inclusion: multiple pdfs with page group included in a single page
>]
Package svg Info: Last page of `./svg-inkscape/GitterSi_svg-tex.pdf' is 1 on input line 334.
 (./svg-inkscape/GitterSi_svg-tex.pdf_tex
<./svg-inkscape/GitterSi_svg-tex.pdf, id=603, page=1, 536.8969pt x 495.36095pt>
File: ./svg-inkscape/GitterSi_svg-tex.pdf Graphic file (type pdf)
<use ./svg-inkscape/GitterSi_svg-tex.pdf, page 1>
Package pdftex.def Info: ./svg-inkscape/GitterSi_svg-tex.pdf , page1 used on input line 56.
(pdftex.def)             Requested size: 134.22421pt x 123.83992pt.
)
Package svg Info: Last page of `./svg-inkscape/GitterGaAs_1_svg-tex.pdf' is 1 on input line 365.
 (./svg-inkscape/GitterGaAs_1_svg-tex.pdf_tex
<./svg-inkscape/GitterGaAs_1_svg-tex.pdf, id=605, page=1, 664.82251pt x 583.4385pt>
File: ./svg-inkscape/GitterGaAs_1_svg-tex.pdf Graphic file (type pdf)
<use ./svg-inkscape/GitterGaAs_1_svg-tex.pdf, page 1>
Package pdftex.def Info: ./svg-inkscape/GitterGaAs_1_svg-tex.pdf , page1 used on input line 56.
(pdftex.def)             Requested size: 166.20563pt x 145.85927pt.
)
Package svg Info: Last page of `./svg-inkscape/GitterGaAs_2_svg-tex.pdf' is 1 on input line 365.
 (./svg-inkscape/GitterGaAs_2_svg-tex.pdf_tex
<./svg-inkscape/GitterGaAs_2_svg-tex.pdf, id=607, page=1, 548.27797pt x 501.05148pt>
File: ./svg-inkscape/GitterGaAs_2_svg-tex.pdf Graphic file (type pdf)
<use ./svg-inkscape/GitterGaAs_2_svg-tex.pdf, page 1>
Package pdftex.def Info: ./svg-inkscape/GitterGaAs_2_svg-tex.pdf , page1 used on input line 56.
(pdftex.def)             Requested size: 137.06949pt x 125.26256pt.
)
Overfull \hbox (2.22221pt too wide) in paragraph at lines 365--365
[]$[]$ $[]$ 
 []

[4 <./svg-inkscape/GitterSi_svg-tex.pdf>]
Underfull \hbox (badness 4013) in paragraph at lines 451--451
[]|\OT1/cmr/m/n/10 Most com-mon se-mi-
 []


Overfull \hbox (3.39442pt too wide) in paragraph at lines 451--451
[]|\OT1/cmr/m/n/10 Germanium
 []


Underfull \hbox (badness 6078) in paragraph at lines 451--451
[]|\OT1/cmr/m/n/10 Previously fre-quent-ly
 []


Underfull \hbox (badness 10000) in paragraph at lines 451--451
[]|\OT1/cmr/m/n/10 Gallium-
 []


Underfull \hbox (badness 10000) in paragraph at lines 451--451
\OT1/cmr/m/n/10 ar-se-ni-de
 []


Underfull \hbox (badness 10000) in paragraph at lines 451--451
[]|\OT1/cmr/m/n/10 high-frequency
 []


Underfull \hbox (badness 10000) in paragraph at lines 451--451
[]|\OT1/cmr/m/n/10 Indium-
 []


Underfull \hbox (badness 10000) in paragraph at lines 451--451
\OT1/cmr/m/n/10 phos-phi-de
 []


Underfull \hbox (badness 1436) in paragraph at lines 451--451
\OT1/cmr/m/n/10 high light ab-sorp-ti-on
 []


Underfull \hbox (badness 10000) in paragraph at lines 451--451
[]|\OT1/cmr/m/n/10 optoelectronics,
 []


Underfull \hbox (badness 10000) in paragraph at lines 451--451
[]|\OT1/cmr/m/n/10 Gallium-
 []


Underfull \hbox (badness 10000) in paragraph at lines 451--451
\OT1/cmr/m/n/10 ni-tri-de
 []


Underfull \hbox (badness 10000) in paragraph at lines 451--451
[]|\OT1/cmr/m/n/10 High ther-mal and
 []


Underfull \hbox (badness 10000) in paragraph at lines 451--451
\OT1/cmr/m/n/10 elec-tro-nic break-down
 []


Underfull \hbox (badness 6910) in paragraph at lines 451--451
[]|\OT1/cmr/m/n/10 power elec-tro-
 []


Underfull \hbox (badness 10000) in paragraph at lines 451--451
[]|\OT1/cmr/m/n/10 Silizium-
 []


Underfull \hbox (badness 10000) in paragraph at lines 451--451
\OT1/cmr/m/n/10 kar-bi-de
 []


Underfull \hbox (badness 1242) in paragraph at lines 451--451
[]|\OT1/cmr/m/n/10 Extremely high ther-
 []


Underfull \hbox (badness 10000) in paragraph at lines 451--451
[]|\OT1/cmr/m/n/10 power elec-
 []


Underfull \hbox (badness 10000) in paragraph at lines 451--451
\OT1/cmr/m/n/10 tro-nics, high-
 []


Underfull \hbox (badness 10000) in paragraph at lines 451--451
\OT1/cmr/m/n/10 temperature
 []

[5 <./svg-inkscape/GitterGaAs_1_svg-tex.pdf> <./svg-inkscape/GitterGaAs_2_svg-tex.pdf

pdfTeX warning: pdflatex (file ./svg-inkscape/GitterGaAs_2_svg-tex.pdf): PDF inclusion: multiple pdfs with page group included in a single page
>]
Package svg Info: Last page of `./svg-inkscape/GitterstrukturUndBaendermodellVonSi_1_svg-tex.pdf' is 7 on input line 511.
 (./svg-inkscape/GitterstrukturUndBaendermodellVonSi_1_svg-tex.pdf_tex
<./svg-inkscape/GitterstrukturUndBaendermodellVonSi_1_svg-tex.pdf, id=677, page=1, 230.15466pt x 108.1205pt>
File: ./svg-inkscape/GitterstrukturUndBaendermodellVonSi_1_svg-tex.pdf Graphic file (type pdf)
<use ./svg-inkscape/GitterstrukturUndBaendermodellVonSi_1_svg-tex.pdf, page 1>
Package pdftex.def Info: ./svg-inkscape/GitterstrukturUndBaendermodellVonSi_1_svg-tex.pdf , page1 used on input line 56.
(pdftex.def)             Requested size: 188.673pt x 88.63792pt.
<./svg-inkscape/GitterstrukturUndBaendermodellVonSi_1_svg-tex.pdf, id=678, page=2, 230.15466pt x 108.1205pt>
File: ./svg-inkscape/GitterstrukturUndBaendermodellVonSi_1_svg-tex.pdf Graphic file (type pdf)
<use ./svg-inkscape/GitterstrukturUndBaendermodellVonSi_1_svg-tex.pdf, page 2>
Package pdftex.def Info: ./svg-inkscape/GitterstrukturUndBaendermodellVonSi_1_svg-tex.pdf , page2 used on input line 58.
(pdftex.def)             Requested size: 188.673pt x 88.63792pt.
<./svg-inkscape/GitterstrukturUndBaendermodellVonSi_1_svg-tex.pdf, id=679, page=3, 230.15466pt x 108.1205pt>
File: ./svg-inkscape/GitterstrukturUndBaendermodellVonSi_1_svg-tex.pdf Graphic file (type pdf)
<use ./svg-inkscape/GitterstrukturUndBaendermodellVonSi_1_svg-tex.pdf, page 3>
Package pdftex.def Info: ./svg-inkscape/GitterstrukturUndBaendermodellVonSi_1_svg-tex.pdf , page3 used on input line 61.
(pdftex.def)             Requested size: 188.673pt x 88.63792pt.
<./svg-inkscape/GitterstrukturUndBaendermodellVonSi_1_svg-tex.pdf, id=680, page=4, 230.15466pt x 108.1205pt>
File: ./svg-inkscape/GitterstrukturUndBaendermodellVonSi_1_svg-tex.pdf Graphic file (type pdf)
<use ./svg-inkscape/GitterstrukturUndBaendermodellVonSi_1_svg-tex.pdf, page 4>
Package pdftex.def Info: ./svg-inkscape/GitterstrukturUndBaendermodellVonSi_1_svg-tex.pdf , page4 used on input line 63.
(pdftex.def)             Requested size: 188.673pt x 88.63792pt.
<./svg-inkscape/GitterstrukturUndBaendermodellVonSi_1_svg-tex.pdf, id=681, page=5, 230.15466pt x 108.1205pt>
File: ./svg-inkscape/GitterstrukturUndBaendermodellVonSi_1_svg-tex.pdf Graphic file (type pdf)
<use ./svg-inkscape/GitterstrukturUndBaendermodellVonSi_1_svg-tex.pdf, page 5>
Package pdftex.def Info: ./svg-inkscape/GitterstrukturUndBaendermodellVonSi_1_svg-tex.pdf , page5 used on input line 65.
(pdftex.def)             Requested size: 188.673pt x 88.63792pt.
<./svg-inkscape/GitterstrukturUndBaendermodellVonSi_1_svg-tex.pdf, id=682, page=6, 230.15466pt x 108.1205pt>
File: ./svg-inkscape/GitterstrukturUndBaendermodellVonSi_1_svg-tex.pdf Graphic file (type pdf)
<use ./svg-inkscape/GitterstrukturUndBaendermodellVonSi_1_svg-tex.pdf, page 6>
Package pdftex.def Info: ./svg-inkscape/GitterstrukturUndBaendermodellVonSi_1_svg-tex.pdf , page6 used on input line 67.
(pdftex.def)             Requested size: 188.673pt x 88.63792pt.
<./svg-inkscape/GitterstrukturUndBaendermodellVonSi_1_svg-tex.pdf, id=683, page=7, 230.15466pt x 108.1205pt>
File: ./svg-inkscape/GitterstrukturUndBaendermodellVonSi_1_svg-tex.pdf Graphic file (type pdf)
<use ./svg-inkscape/GitterstrukturUndBaendermodellVonSi_1_svg-tex.pdf, page 7>
Package pdftex.def Info: ./svg-inkscape/GitterstrukturUndBaendermodellVonSi_1_svg-tex.pdf , page7 used on input line 69.
(pdftex.def)             Requested size: 188.673pt x 88.63792pt.
)
Package svg Info: Last page of `./svg-inkscape/GitterstrukturUndBaendermodellVonSi_2_svg-tex.pdf' is 7 on input line 511.
 (./svg-inkscape/GitterstrukturUndBaendermodellVonSi_2_svg-tex.pdf_tex
<./svg-inkscape/GitterstrukturUndBaendermodellVonSi_2_svg-tex.pdf, id=685, page=1, 214.97925pt x 108.1205pt>
File: ./svg-inkscape/GitterstrukturUndBaendermodellVonSi_2_svg-tex.pdf Graphic file (type pdf)
<use ./svg-inkscape/GitterstrukturUndBaendermodellVonSi_2_svg-tex.pdf, page 1>
Package pdftex.def Info: ./svg-inkscape/GitterstrukturUndBaendermodellVonSi_2_svg-tex.pdf , page1 used on input line 56.
(pdftex.def)             Requested size: 188.673pt x 94.8939pt.
<./svg-inkscape/GitterstrukturUndBaendermodellVonSi_2_svg-tex.pdf, id=686, page=2, 214.97925pt x 108.1205pt>
File: ./svg-inkscape/GitterstrukturUndBaendermodellVonSi_2_svg-tex.pdf Graphic file (type pdf)
<use ./svg-inkscape/GitterstrukturUndBaendermodellVonSi_2_svg-tex.pdf, page 2>
Package pdftex.def Info: ./svg-inkscape/GitterstrukturUndBaendermodellVonSi_2_svg-tex.pdf , page2 used on input line 59.
(pdftex.def)             Requested size: 188.673pt x 94.8939pt.
<./svg-inkscape/GitterstrukturUndBaendermodellVonSi_2_svg-tex.pdf, id=687, page=3, 214.97925pt x 108.1205pt>
File: ./svg-inkscape/GitterstrukturUndBaendermodellVonSi_2_svg-tex.pdf Graphic file (type pdf)
<use ./svg-inkscape/GitterstrukturUndBaendermodellVonSi_2_svg-tex.pdf, page 3>
Package pdftex.def Info: ./svg-inkscape/GitterstrukturUndBaendermodellVonSi_2_svg-tex.pdf , page3 used on input line 61.
(pdftex.def)             Requested size: 188.673pt x 94.8939pt.
<./svg-inkscape/GitterstrukturUndBaendermodellVonSi_2_svg-tex.pdf, id=688, page=4, 214.97925pt x 108.1205pt>
File: ./svg-inkscape/GitterstrukturUndBaendermodellVonSi_2_svg-tex.pdf Graphic file (type pdf)
<use ./svg-inkscape/GitterstrukturUndBaendermodellVonSi_2_svg-tex.pdf, page 4>
Package pdftex.def Info: ./svg-inkscape/GitterstrukturUndBaendermodellVonSi_2_svg-tex.pdf , page4 used on input line 63.
(pdftex.def)             Requested size: 188.673pt x 94.8939pt.
<./svg-inkscape/GitterstrukturUndBaendermodellVonSi_2_svg-tex.pdf, id=689, page=5, 214.97925pt x 108.1205pt>
File: ./svg-inkscape/GitterstrukturUndBaendermodellVonSi_2_svg-tex.pdf Graphic file (type pdf)
<use ./svg-inkscape/GitterstrukturUndBaendermodellVonSi_2_svg-tex.pdf, page 5>
Package pdftex.def Info: ./svg-inkscape/GitterstrukturUndBaendermodellVonSi_2_svg-tex.pdf , page5 used on input line 66.
(pdftex.def)             Requested size: 188.673pt x 94.8939pt.
<./svg-inkscape/GitterstrukturUndBaendermodellVonSi_2_svg-tex.pdf, id=690, page=6, 214.97925pt x 108.1205pt>
File: ./svg-inkscape/GitterstrukturUndBaendermodellVonSi_2_svg-tex.pdf Graphic file (type pdf)
<use ./svg-inkscape/GitterstrukturUndBaendermodellVonSi_2_svg-tex.pdf, page 6>
Package pdftex.def Info: ./svg-inkscape/GitterstrukturUndBaendermodellVonSi_2_svg-tex.pdf , page6 used on input line 68.
(pdftex.def)             Requested size: 188.673pt x 94.8939pt.
<./svg-inkscape/GitterstrukturUndBaendermodellVonSi_2_svg-tex.pdf, id=691, page=7, 214.97925pt x 108.1205pt>
File: ./svg-inkscape/GitterstrukturUndBaendermodellVonSi_2_svg-tex.pdf Graphic file (type pdf)
<use ./svg-inkscape/GitterstrukturUndBaendermodellVonSi_2_svg-tex.pdf, page 7>
Package pdftex.def Info: ./svg-inkscape/GitterstrukturUndBaendermodellVonSi_2_svg-tex.pdf , page7 used on input line 70.
(pdftex.def)             Requested size: 188.673pt x 94.8939pt.
) [6 <./svg-inkscape/GitterstrukturUndBaendermodellVonSi_1_svg-tex.pdf> <./svg-inkscape/GitterstrukturUndBaendermodellVonSi_1_svg-tex.pdf

pdfTeX warning: pdflatex (file ./svg-inkscape/GitterstrukturUndBaendermodellVonSi_1_svg-tex.pdf): PDF inclusion: multiple pdfs with page group included in a single page
> <./svg-inkscape/GitterstrukturUndBaendermodellVonSi_1_svg-tex.pdf

pdfTeX warning: pdflatex (file ./svg-inkscape/GitterstrukturUndBaendermodellVonSi_1_svg-tex.pdf): PDF inclusion: multiple pdfs with page group included in a single page
> <./svg-inkscape/GitterstrukturUndBaendermodellVonSi_1_svg-tex.pdf

pdfTeX warning: pdflatex (file ./svg-inkscape/GitterstrukturUndBaendermodellVonSi_1_svg-tex.pdf): PDF inclusion: multiple pdfs with page group included in a single page
> <./svg-inkscape/GitterstrukturUndBaendermodellVonSi_1_svg-tex.pdf

pdfTeX warning: pdflatex (file ./svg-inkscape/GitterstrukturUndBaendermodellVonSi_1_svg-tex.pdf): PDF inclusion: multiple pdfs with page group included in a single page
> <./svg-inkscape/GitterstrukturUndBaendermodellVonSi_1_svg-tex.pdf

pdfTeX warning: pdflatex (file ./svg-inkscape/GitterstrukturUndBaendermodellVonSi_1_svg-tex.pdf): PDF inclusion: multiple pdfs with page group included in a single page
> <./svg-inkscape/GitterstrukturUndBaendermodellVonSi_1_svg-tex.pdf

pdfTeX warning: pdflatex (file ./svg-inkscape/GitterstrukturUndBaendermodellVonSi_1_svg-tex.pdf): PDF inclusion: multiple pdfs with page group included in a single page
> <./svg-inkscape/GitterstrukturUndBaendermodellVonSi_2_svg-tex.pdf

pdfTeX warning: pdflatex (file ./svg-inkscape/GitterstrukturUndBaendermodellVonSi_2_svg-tex.pdf): PDF inclusion: multiple pdfs with page group included in a single page
> <./svg-inkscape/GitterstrukturUndBaendermodellVonSi_2_svg-tex.pdf

pdfTeX warning: pdflatex (file ./svg-inkscape/GitterstrukturUndBaendermodellVonSi_2_svg-tex.pdf): PDF inclusion: multiple pdfs with page group included in a single page
> <./svg-inkscape/GitterstrukturUndBaendermodellVonSi_2_svg-tex.pdf

pdfTeX warning: pdflatex (file ./svg-inkscape/GitterstrukturUndBaendermodellVonSi_2_svg-tex.pdf): PDF inclusion: multiple pdfs with page group included in a single page
> <./svg-inkscape/GitterstrukturUndBaendermodellVonSi_2_svg-tex.pdf

pdfTeX warning: pdflatex (file ./svg-inkscape/GitterstrukturUndBaendermodellVonSi_2_svg-tex.pdf): PDF inclusion: multiple pdfs with page group included in a single page
> <./svg-inkscape/GitterstrukturUndBaendermodellVonSi_2_svg-tex.pdf

pdfTeX warning: pdflatex (file ./svg-inkscape/GitterstrukturUndBaendermodellVonSi_2_svg-tex.pdf): PDF inclusion: multiple pdfs with page group included in a single page
> <./svg-inkscape/GitterstrukturUndBaendermodellVonSi_2_svg-tex.pdf

pdfTeX warning: pdflatex (file ./svg-inkscape/GitterstrukturUndBaendermodellVonSi_2_svg-tex.pdf): PDF inclusion: multiple pdfs with page group included in a single page
> <./svg-inkscape/GitterstrukturUndBaendermodellVonSi_2_svg-tex.pdf

pdfTeX warning: pdflatex (file ./svg-inkscape/GitterstrukturUndBaendermodellVonSi_2_svg-tex.pdf): PDF inclusion: multiple pdfs with page group included in a single page
>]
Package svg Info: Last page of `./svg-inkscape/GitterstrukturUndBaendermodellVonN-dotiertesSi_1_svg-tex.pdf' is 7 on input line 565.
 (./svg-inkscape/GitterstrukturUndBaendermodellVonN-dotiertesSi_1_svg-tex.pdf_tex
<./svg-inkscape/GitterstrukturUndBaendermodellVonN-dotiertesSi_1_svg-tex.pdf, id=711, page=1, 214.97925pt x 108.1205pt>
File: ./svg-inkscape/GitterstrukturUndBaendermodellVonN-dotiertesSi_1_svg-tex.pdf Graphic file (type pdf)
<use ./svg-inkscape/GitterstrukturUndBaendermodellVonN-dotiertesSi_1_svg-tex.pdf, page 1>
Package pdftex.def Info: ./svg-inkscape/GitterstrukturUndBaendermodellVonN-dotiertesSi_1_svg-tex.pdf , page1 used on input line 56.
(pdftex.def)             Requested size: 188.673pt x 94.8939pt.
<./svg-inkscape/GitterstrukturUndBaendermodellVonN-dotiertesSi_1_svg-tex.pdf, id=712, page=2, 214.97925pt x 108.1205pt>
File: ./svg-inkscape/GitterstrukturUndBaendermodellVonN-dotiertesSi_1_svg-tex.pdf Graphic file (type pdf)
<use ./svg-inkscape/GitterstrukturUndBaendermodellVonN-dotiertesSi_1_svg-tex.pdf, page 2>
Package pdftex.def Info: ./svg-inkscape/GitterstrukturUndBaendermodellVonN-dotiertesSi_1_svg-tex.pdf , page2 used on input line 58.
(pdftex.def)             Requested size: 188.673pt x 94.8939pt.
<./svg-inkscape/GitterstrukturUndBaendermodellVonN-dotiertesSi_1_svg-tex.pdf, id=713, page=3, 214.97925pt x 108.1205pt>
File: ./svg-inkscape/GitterstrukturUndBaendermodellVonN-dotiertesSi_1_svg-tex.pdf Graphic file (type pdf)
<use ./svg-inkscape/GitterstrukturUndBaendermodellVonN-dotiertesSi_1_svg-tex.pdf, page 3>
Package pdftex.def Info: ./svg-inkscape/GitterstrukturUndBaendermodellVonN-dotiertesSi_1_svg-tex.pdf , page3 used on input line 62.
(pdftex.def)             Requested size: 188.673pt x 94.8939pt.
<./svg-inkscape/GitterstrukturUndBaendermodellVonN-dotiertesSi_1_svg-tex.pdf, id=714, page=4, 214.97925pt x 108.1205pt>
File: ./svg-inkscape/GitterstrukturUndBaendermodellVonN-dotiertesSi_1_svg-tex.pdf Graphic file (type pdf)
<use ./svg-inkscape/GitterstrukturUndBaendermodellVonN-dotiertesSi_1_svg-tex.pdf, page 4>
Package pdftex.def Info: ./svg-inkscape/GitterstrukturUndBaendermodellVonN-dotiertesSi_1_svg-tex.pdf , page4 used on input line 64.
(pdftex.def)             Requested size: 188.673pt x 94.8939pt.
<./svg-inkscape/GitterstrukturUndBaendermodellVonN-dotiertesSi_1_svg-tex.pdf, id=715, page=5, 214.97925pt x 108.1205pt>
File: ./svg-inkscape/GitterstrukturUndBaendermodellVonN-dotiertesSi_1_svg-tex.pdf Graphic file (type pdf)
<use ./svg-inkscape/GitterstrukturUndBaendermodellVonN-dotiertesSi_1_svg-tex.pdf, page 5>
Package pdftex.def Info: ./svg-inkscape/GitterstrukturUndBaendermodellVonN-dotiertesSi_1_svg-tex.pdf , page5 used on input line 66.
(pdftex.def)             Requested size: 188.673pt x 94.8939pt.
<./svg-inkscape/GitterstrukturUndBaendermodellVonN-dotiertesSi_1_svg-tex.pdf, id=716, page=6, 214.97925pt x 108.1205pt>
File: ./svg-inkscape/GitterstrukturUndBaendermodellVonN-dotiertesSi_1_svg-tex.pdf Graphic file (type pdf)
<use ./svg-inkscape/GitterstrukturUndBaendermodellVonN-dotiertesSi_1_svg-tex.pdf, page 6>
Package pdftex.def Info: ./svg-inkscape/GitterstrukturUndBaendermodellVonN-dotiertesSi_1_svg-tex.pdf , page6 used on input line 68.
(pdftex.def)             Requested size: 188.673pt x 94.8939pt.
<./svg-inkscape/GitterstrukturUndBaendermodellVonN-dotiertesSi_1_svg-tex.pdf, id=717, page=7, 214.97925pt x 108.1205pt>
File: ./svg-inkscape/GitterstrukturUndBaendermodellVonN-dotiertesSi_1_svg-tex.pdf Graphic file (type pdf)
<use ./svg-inkscape/GitterstrukturUndBaendermodellVonN-dotiertesSi_1_svg-tex.pdf, page 7>
Package pdftex.def Info: ./svg-inkscape/GitterstrukturUndBaendermodellVonN-dotiertesSi_1_svg-tex.pdf , page7 used on input line 70.
(pdftex.def)             Requested size: 188.673pt x 94.8939pt.
)
Package svg Info: Last page of `./svg-inkscape/GitterstrukturUndBaendermodellVonN-dotiertesSi_2_svg-tex.pdf' is 8 on input line 565.
 (./svg-inkscape/GitterstrukturUndBaendermodellVonN-dotiertesSi_2_svg-tex.pdf_tex
<./svg-inkscape/GitterstrukturUndBaendermodellVonN-dotiertesSi_2_svg-tex.pdf, id=719, page=1, 214.97925pt x 108.1205pt>
File: ./svg-inkscape/GitterstrukturUndBaendermodellVonN-dotiertesSi_2_svg-tex.pdf Graphic file (type pdf)
<use ./svg-inkscape/GitterstrukturUndBaendermodellVonN-dotiertesSi_2_svg-tex.pdf, page 1>
Package pdftex.def Info: ./svg-inkscape/GitterstrukturUndBaendermodellVonN-dotiertesSi_2_svg-tex.pdf , page1 used on input line 56.
(pdftex.def)             Requested size: 188.673pt x 94.8939pt.
<./svg-inkscape/GitterstrukturUndBaendermodellVonN-dotiertesSi_2_svg-tex.pdf, id=720, page=2, 214.97925pt x 108.1205pt>
File: ./svg-inkscape/GitterstrukturUndBaendermodellVonN-dotiertesSi_2_svg-tex.pdf Graphic file (type pdf)
<use ./svg-inkscape/GitterstrukturUndBaendermodellVonN-dotiertesSi_2_svg-tex.pdf, page 2>
Package pdftex.def Info: ./svg-inkscape/GitterstrukturUndBaendermodellVonN-dotiertesSi_2_svg-tex.pdf , page2 used on input line 58.
(pdftex.def)             Requested size: 188.673pt x 94.8939pt.
<./svg-inkscape/GitterstrukturUndBaendermodellVonN-dotiertesSi_2_svg-tex.pdf, id=721, page=3, 214.97925pt x 108.1205pt>
File: ./svg-inkscape/GitterstrukturUndBaendermodellVonN-dotiertesSi_2_svg-tex.pdf Graphic file (type pdf)
<use ./svg-inkscape/GitterstrukturUndBaendermodellVonN-dotiertesSi_2_svg-tex.pdf, page 3>
Package pdftex.def Info: ./svg-inkscape/GitterstrukturUndBaendermodellVonN-dotiertesSi_2_svg-tex.pdf , page3 used on input line 60.
(pdftex.def)             Requested size: 188.673pt x 94.8939pt.
<./svg-inkscape/GitterstrukturUndBaendermodellVonN-dotiertesSi_2_svg-tex.pdf, id=722, page=4, 214.97925pt x 108.1205pt>
File: ./svg-inkscape/GitterstrukturUndBaendermodellVonN-dotiertesSi_2_svg-tex.pdf Graphic file (type pdf)
<use ./svg-inkscape/GitterstrukturUndBaendermodellVonN-dotiertesSi_2_svg-tex.pdf, page 4>
Package pdftex.def Info: ./svg-inkscape/GitterstrukturUndBaendermodellVonN-dotiertesSi_2_svg-tex.pdf , page4 used on input line 62.
(pdftex.def)             Requested size: 188.673pt x 94.8939pt.
<./svg-inkscape/GitterstrukturUndBaendermodellVonN-dotiertesSi_2_svg-tex.pdf, id=723, page=5, 214.97925pt x 108.1205pt>
File: ./svg-inkscape/GitterstrukturUndBaendermodellVonN-dotiertesSi_2_svg-tex.pdf Graphic file (type pdf)
<use ./svg-inkscape/GitterstrukturUndBaendermodellVonN-dotiertesSi_2_svg-tex.pdf, page 5>
Package pdftex.def Info: ./svg-inkscape/GitterstrukturUndBaendermodellVonN-dotiertesSi_2_svg-tex.pdf , page5 used on input line 66.
(pdftex.def)             Requested size: 188.673pt x 94.8939pt.
<./svg-inkscape/GitterstrukturUndBaendermodellVonN-dotiertesSi_2_svg-tex.pdf, id=724, page=6, 214.97925pt x 108.1205pt>
File: ./svg-inkscape/GitterstrukturUndBaendermodellVonN-dotiertesSi_2_svg-tex.pdf Graphic file (type pdf)
<use ./svg-inkscape/GitterstrukturUndBaendermodellVonN-dotiertesSi_2_svg-tex.pdf, page 6>
Package pdftex.def Info: ./svg-inkscape/GitterstrukturUndBaendermodellVonN-dotiertesSi_2_svg-tex.pdf , page6 used on input line 68.
(pdftex.def)             Requested size: 188.673pt x 94.8939pt.
<./svg-inkscape/GitterstrukturUndBaendermodellVonN-dotiertesSi_2_svg-tex.pdf, id=725, page=7, 214.97925pt x 108.1205pt>
File: ./svg-inkscape/GitterstrukturUndBaendermodellVonN-dotiertesSi_2_svg-tex.pdf Graphic file (type pdf)
<use ./svg-inkscape/GitterstrukturUndBaendermodellVonN-dotiertesSi_2_svg-tex.pdf, page 7>
Package pdftex.def Info: ./svg-inkscape/GitterstrukturUndBaendermodellVonN-dotiertesSi_2_svg-tex.pdf , page7 used on input line 71.
(pdftex.def)             Requested size: 188.673pt x 94.8939pt.
<./svg-inkscape/GitterstrukturUndBaendermodellVonN-dotiertesSi_2_svg-tex.pdf, id=726, page=8, 214.97925pt x 108.1205pt>
File: ./svg-inkscape/GitterstrukturUndBaendermodellVonN-dotiertesSi_2_svg-tex.pdf Graphic file (type pdf)
<use ./svg-inkscape/GitterstrukturUndBaendermodellVonN-dotiertesSi_2_svg-tex.pdf, page 8>
Package pdftex.def Info: ./svg-inkscape/GitterstrukturUndBaendermodellVonN-dotiertesSi_2_svg-tex.pdf , page8 used on input line 73.
(pdftex.def)             Requested size: 188.673pt x 94.8939pt.
)
Package svg Info: Last page of `./svg-inkscape/GitterstrukturUndBaendermodellVonP-dotiertesSi_1_svg-tex.pdf' is 7 on input line 617.
 (./svg-inkscape/GitterstrukturUndBaendermodellVonP-dotiertesSi_1_svg-tex.pdf_tex
<./svg-inkscape/GitterstrukturUndBaendermodellVonP-dotiertesSi_1_svg-tex.pdf, id=728, page=1, 214.97926pt x 108.1205pt>
File: ./svg-inkscape/GitterstrukturUndBaendermodellVonP-dotiertesSi_1_svg-tex.pdf Graphic file (type pdf)
<use ./svg-inkscape/GitterstrukturUndBaendermodellVonP-dotiertesSi_1_svg-tex.pdf, page 1>
Package pdftex.def Info: ./svg-inkscape/GitterstrukturUndBaendermodellVonP-dotiertesSi_1_svg-tex.pdf , page1 used on input line 56.
(pdftex.def)             Requested size: 188.673pt x 94.8939pt.
<./svg-inkscape/GitterstrukturUndBaendermodellVonP-dotiertesSi_1_svg-tex.pdf, id=729, page=2, 214.97926pt x 108.1205pt>
File: ./svg-inkscape/GitterstrukturUndBaendermodellVonP-dotiertesSi_1_svg-tex.pdf Graphic file (type pdf)
<use ./svg-inkscape/GitterstrukturUndBaendermodellVonP-dotiertesSi_1_svg-tex.pdf, page 2>
Package pdftex.def Info: ./svg-inkscape/GitterstrukturUndBaendermodellVonP-dotiertesSi_1_svg-tex.pdf , page2 used on input line 58.
(pdftex.def)             Requested size: 188.673pt x 94.8939pt.
<./svg-inkscape/GitterstrukturUndBaendermodellVonP-dotiertesSi_1_svg-tex.pdf, id=730, page=3, 214.97926pt x 108.1205pt>
File: ./svg-inkscape/GitterstrukturUndBaendermodellVonP-dotiertesSi_1_svg-tex.pdf Graphic file (type pdf)
<use ./svg-inkscape/GitterstrukturUndBaendermodellVonP-dotiertesSi_1_svg-tex.pdf, page 3>
Package pdftex.def Info: ./svg-inkscape/GitterstrukturUndBaendermodellVonP-dotiertesSi_1_svg-tex.pdf , page3 used on input line 60.
(pdftex.def)             Requested size: 188.673pt x 94.8939pt.
<./svg-inkscape/GitterstrukturUndBaendermodellVonP-dotiertesSi_1_svg-tex.pdf, id=731, page=4, 214.97926pt x 108.1205pt>
File: ./svg-inkscape/GitterstrukturUndBaendermodellVonP-dotiertesSi_1_svg-tex.pdf Graphic file (type pdf)
<use ./svg-inkscape/GitterstrukturUndBaendermodellVonP-dotiertesSi_1_svg-tex.pdf, page 4>
Package pdftex.def Info: ./svg-inkscape/GitterstrukturUndBaendermodellVonP-dotiertesSi_1_svg-tex.pdf , page4 used on input line 64.
(pdftex.def)             Requested size: 188.673pt x 94.8939pt.
<./svg-inkscape/GitterstrukturUndBaendermodellVonP-dotiertesSi_1_svg-tex.pdf, id=732, page=5, 214.97926pt x 108.1205pt>
File: ./svg-inkscape/GitterstrukturUndBaendermodellVonP-dotiertesSi_1_svg-tex.pdf Graphic file (type pdf)
<use ./svg-inkscape/GitterstrukturUndBaendermodellVonP-dotiertesSi_1_svg-tex.pdf, page 5>
Package pdftex.def Info: ./svg-inkscape/GitterstrukturUndBaendermodellVonP-dotiertesSi_1_svg-tex.pdf , page5 used on input line 66.
(pdftex.def)             Requested size: 188.673pt x 94.8939pt.
<./svg-inkscape/GitterstrukturUndBaendermodellVonP-dotiertesSi_1_svg-tex.pdf, id=733, page=6, 214.97926pt x 108.1205pt>
File: ./svg-inkscape/GitterstrukturUndBaendermodellVonP-dotiertesSi_1_svg-tex.pdf Graphic file (type pdf)
<use ./svg-inkscape/GitterstrukturUndBaendermodellVonP-dotiertesSi_1_svg-tex.pdf, page 6>
Package pdftex.def Info: ./svg-inkscape/GitterstrukturUndBaendermodellVonP-dotiertesSi_1_svg-tex.pdf , page6 used on input line 68.
(pdftex.def)             Requested size: 188.673pt x 94.8939pt.
<./svg-inkscape/GitterstrukturUndBaendermodellVonP-dotiertesSi_1_svg-tex.pdf, id=734, page=7, 214.97926pt x 108.1205pt>
File: ./svg-inkscape/GitterstrukturUndBaendermodellVonP-dotiertesSi_1_svg-tex.pdf Graphic file (type pdf)
<use ./svg-inkscape/GitterstrukturUndBaendermodellVonP-dotiertesSi_1_svg-tex.pdf, page 7>
Package pdftex.def Info: ./svg-inkscape/GitterstrukturUndBaendermodellVonP-dotiertesSi_1_svg-tex.pdf , page7 used on input line 70.
(pdftex.def)             Requested size: 188.673pt x 94.8939pt.
)
Package svg Info: Last page of `./svg-inkscape/GitterstrukturUndBaendermodellVonP-dotiertesSi_2_svg-tex.pdf' is 7 on input line 617.
 (./svg-inkscape/GitterstrukturUndBaendermodellVonP-dotiertesSi_2_svg-tex.pdf_tex
<./svg-inkscape/GitterstrukturUndBaendermodellVonP-dotiertesSi_2_svg-tex.pdf, id=736, page=1, 214.97926pt x 108.1205pt>
File: ./svg-inkscape/GitterstrukturUndBaendermodellVonP-dotiertesSi_2_svg-tex.pdf Graphic file (type pdf)
<use ./svg-inkscape/GitterstrukturUndBaendermodellVonP-dotiertesSi_2_svg-tex.pdf, page 1>
Package pdftex.def Info: ./svg-inkscape/GitterstrukturUndBaendermodellVonP-dotiertesSi_2_svg-tex.pdf , page1 used on input line 56.
(pdftex.def)             Requested size: 188.673pt x 94.8939pt.
<./svg-inkscape/GitterstrukturUndBaendermodellVonP-dotiertesSi_2_svg-tex.pdf, id=737, page=2, 214.97926pt x 108.1205pt>
File: ./svg-inkscape/GitterstrukturUndBaendermodellVonP-dotiertesSi_2_svg-tex.pdf Graphic file (type pdf)
<use ./svg-inkscape/GitterstrukturUndBaendermodellVonP-dotiertesSi_2_svg-tex.pdf, page 2>
Package pdftex.def Info: ./svg-inkscape/GitterstrukturUndBaendermodellVonP-dotiertesSi_2_svg-tex.pdf , page2 used on input line 58.
(pdftex.def)             Requested size: 188.673pt x 94.8939pt.
<./svg-inkscape/GitterstrukturUndBaendermodellVonP-dotiertesSi_2_svg-tex.pdf, id=738, page=3, 214.97926pt x 108.1205pt>
File: ./svg-inkscape/GitterstrukturUndBaendermodellVonP-dotiertesSi_2_svg-tex.pdf Graphic file (type pdf)
<use ./svg-inkscape/GitterstrukturUndBaendermodellVonP-dotiertesSi_2_svg-tex.pdf, page 3>
Package pdftex.def Info: ./svg-inkscape/GitterstrukturUndBaendermodellVonP-dotiertesSi_2_svg-tex.pdf , page3 used on input line 60.
(pdftex.def)             Requested size: 188.673pt x 94.8939pt.
<./svg-inkscape/GitterstrukturUndBaendermodellVonP-dotiertesSi_2_svg-tex.pdf, id=739, page=4, 214.97926pt x 108.1205pt>
File: ./svg-inkscape/GitterstrukturUndBaendermodellVonP-dotiertesSi_2_svg-tex.pdf Graphic file (type pdf)
<use ./svg-inkscape/GitterstrukturUndBaendermodellVonP-dotiertesSi_2_svg-tex.pdf, page 4>
Package pdftex.def Info: ./svg-inkscape/GitterstrukturUndBaendermodellVonP-dotiertesSi_2_svg-tex.pdf , page4 used on input line 64.
(pdftex.def)             Requested size: 188.673pt x 94.8939pt.
<./svg-inkscape/GitterstrukturUndBaendermodellVonP-dotiertesSi_2_svg-tex.pdf, id=740, page=5, 214.97926pt x 108.1205pt>
File: ./svg-inkscape/GitterstrukturUndBaendermodellVonP-dotiertesSi_2_svg-tex.pdf Graphic file (type pdf)
<use ./svg-inkscape/GitterstrukturUndBaendermodellVonP-dotiertesSi_2_svg-tex.pdf, page 5>
Package pdftex.def Info: ./svg-inkscape/GitterstrukturUndBaendermodellVonP-dotiertesSi_2_svg-tex.pdf , page5 used on input line 66.
(pdftex.def)             Requested size: 188.673pt x 94.8939pt.
<./svg-inkscape/GitterstrukturUndBaendermodellVonP-dotiertesSi_2_svg-tex.pdf, id=741, page=6, 214.97926pt x 108.1205pt>
File: ./svg-inkscape/GitterstrukturUndBaendermodellVonP-dotiertesSi_2_svg-tex.pdf Graphic file (type pdf)
<use ./svg-inkscape/GitterstrukturUndBaendermodellVonP-dotiertesSi_2_svg-tex.pdf, page 6>
Package pdftex.def Info: ./svg-inkscape/GitterstrukturUndBaendermodellVonP-dotiertesSi_2_svg-tex.pdf , page6 used on input line 69.
(pdftex.def)             Requested size: 188.673pt x 94.8939pt.
<./svg-inkscape/GitterstrukturUndBaendermodellVonP-dotiertesSi_2_svg-tex.pdf, id=742, page=7, 214.97926pt x 108.1205pt>
File: ./svg-inkscape/GitterstrukturUndBaendermodellVonP-dotiertesSi_2_svg-tex.pdf Graphic file (type pdf)
<use ./svg-inkscape/GitterstrukturUndBaendermodellVonP-dotiertesSi_2_svg-tex.pdf, page 7>
Package pdftex.def Info: ./svg-inkscape/GitterstrukturUndBaendermodellVonP-dotiertesSi_2_svg-tex.pdf , page7 used on input line 71.
(pdftex.def)             Requested size: 188.673pt x 94.8939pt.
) [7 <./svg-inkscape/GitterstrukturUndBaendermodellVonN-dotiertesSi_1_svg-tex.pdf> <./svg-inkscape/GitterstrukturUndBaendermodellVonN-dotiertesSi_1_svg-tex.pdf

pdfTeX warning: pdflatex (file ./svg-inkscape/GitterstrukturUndBaendermodellVonN-dotiertesSi_1_svg-tex.pdf): PDF inclusion: multiple pdfs with page group included in a single page
> <./svg-inkscape/GitterstrukturUndBaendermodellVonN-dotiertesSi_1_svg-tex.pdf

pdfTeX warning: pdflatex (file ./svg-inkscape/GitterstrukturUndBaendermodellVonN-dotiertesSi_1_svg-tex.pdf): PDF inclusion: multiple pdfs with page group included in a single page
> <./svg-inkscape/GitterstrukturUndBaendermodellVonN-dotiertesSi_1_svg-tex.pdf

pdfTeX warning: pdflatex (file ./svg-inkscape/GitterstrukturUndBaendermodellVonN-dotiertesSi_1_svg-tex.pdf): PDF inclusion: multiple pdfs with page group included in a single page
> <./svg-inkscape/GitterstrukturUndBaendermodellVonN-dotiertesSi_1_svg-tex.pdf

pdfTeX warning: pdflatex (file ./svg-inkscape/GitterstrukturUndBaendermodellVonN-dotiertesSi_1_svg-tex.pdf): PDF inclusion: multiple pdfs with page group included in a single page
> <./svg-inkscape/GitterstrukturUndBaendermodellVonN-dotiertesSi_1_svg-tex.pdf

pdfTeX warning: pdflatex (file ./svg-inkscape/GitterstrukturUndBaendermodellVonN-dotiertesSi_1_svg-tex.pdf): PDF inclusion: multiple pdfs with page group included in a single page
> <./svg-inkscape/GitterstrukturUndBaendermodellVonN-dotiertesSi_1_svg-tex.pdf

pdfTeX warning: pdflatex (file ./svg-inkscape/GitterstrukturUndBaendermodellVonN-dotiertesSi_1_svg-tex.pdf): PDF inclusion: multiple pdfs with page group included in a single page
> <./svg-inkscape/GitterstrukturUndBaendermodellVonN-dotiertesSi_2_svg-tex.pdf

pdfTeX warning: pdflatex (file ./svg-inkscape/GitterstrukturUndBaendermodellVonN-dotiertesSi_2_svg-tex.pdf): PDF inclusion: multiple pdfs with page group included in a single page
> <./svg-inkscape/GitterstrukturUndBaendermodellVonN-dotiertesSi_2_svg-tex.pdf

pdfTeX warning: pdflatex (file ./svg-inkscape/GitterstrukturUndBaendermodellVonN-dotiertesSi_2_svg-tex.pdf): PDF inclusion: multiple pdfs with page group included in a single page
> <./svg-inkscape/GitterstrukturUndBaendermodellVonN-dotiertesSi_2_svg-tex.pdf

pdfTeX warning: pdflatex (file ./svg-inkscape/GitterstrukturUndBaendermodellVonN-dotiertesSi_2_svg-tex.pdf): PDF inclusion: multiple pdfs with page group included in a single page
> <./svg-inkscape/GitterstrukturUndBaendermodellVonN-dotiertesSi_2_svg-tex.pdf

pdfTeX warning: pdflatex (file ./svg-inkscape/GitterstrukturUndBaendermodellVonN-dotiertesSi_2_svg-tex.pdf): PDF inclusion: multiple pdfs with page group included in a single page
> <./svg-inkscape/GitterstrukturUndBaendermodellVonN-dotiertesSi_2_svg-tex.pdf

pdfTeX warning: pdflatex (file ./svg-inkscape/GitterstrukturUndBaendermodellVonN-dotiertesSi_2_svg-tex.pdf): PDF inclusion: multiple pdfs with page group included in a single page
> <./svg-inkscape/GitterstrukturUndBaendermodellVonN-dotiertesSi_2_svg-tex.pdf

pdfTeX warning: pdflatex (file ./svg-inkscape/GitterstrukturUndBaendermodellVonN-dotiertesSi_2_svg-tex.pdf): PDF inclusion: multiple pdfs with page group included in a single page
> <./svg-inkscape/GitterstrukturUndBaendermodellVonN-dotiertesSi_2_svg-tex.pdf

pdfTeX warning: pdflatex (file ./svg-inkscape/GitterstrukturUndBaendermodellVonN-dotiertesSi_2_svg-tex.pdf): PDF inclusion: multiple pdfs with page group included in a single page
> <./svg-inkscape/GitterstrukturUndBaendermodellVonN-dotiertesSi_2_svg-tex.pdf

pdfTeX warning: pdflatex (file ./svg-inkscape/GitterstrukturUndBaendermodellVonN-dotiertesSi_2_svg-tex.pdf): PDF inclusion: multiple pdfs with page group included in a single page
> <./svg-inkscape/GitterstrukturUndBaendermodellVonP-dotiertesSi_1_svg-tex.pdf

pdfTeX warning: pdflatex (file ./svg-inkscape/GitterstrukturUndBaendermodellVonP-dotiertesSi_1_svg-tex.pdf): PDF inclusion: multiple pdfs with page group included in a single page
> <./svg-inkscape/GitterstrukturUndBaendermodellVonP-dotiertesSi_1_svg-tex.pdf

pdfTeX warning: pdflatex (file ./svg-inkscape/GitterstrukturUndBaendermodellVonP-dotiertesSi_1_svg-tex.pdf): PDF inclusion: multiple pdfs with page group included in a single page
> <./svg-inkscape/GitterstrukturUndBaendermodellVonP-dotiertesSi_1_svg-tex.pdf

pdfTeX warning: pdflatex (file ./svg-inkscape/GitterstrukturUndBaendermodellVonP-dotiertesSi_1_svg-tex.pdf): PDF inclusion: multiple pdfs with page group included in a single page
> <./svg-inkscape/GitterstrukturUndBaendermodellVonP-dotiertesSi_1_svg-tex.pdf

pdfTeX warning: pdflatex (file ./svg-inkscape/GitterstrukturUndBaendermodellVonP-dotiertesSi_1_svg-tex.pdf): PDF inclusion: multiple pdfs with page group included in a single page
> <./svg-inkscape/GitterstrukturUndBaendermodellVonP-dotiertesSi_1_svg-tex.pdf

pdfTeX warning: pdflatex (file ./svg-inkscape/GitterstrukturUndBaendermodellVonP-dotiertesSi_1_svg-tex.pdf): PDF inclusion: multiple pdfs with page group included in a single page
> <./svg-inkscape/GitterstrukturUndBaendermodellVonP-dotiertesSi_1_svg-tex.pdf

pdfTeX warning: pdflatex (file ./svg-inkscape/GitterstrukturUndBaendermodellVonP-dotiertesSi_1_svg-tex.pdf): PDF inclusion: multiple pdfs with page group included in a single page
> <./svg-inkscape/GitterstrukturUndBaendermodellVonP-dotiertesSi_1_svg-tex.pdf

pdfTeX warning: pdflatex (file ./svg-inkscape/GitterstrukturUndBaendermodellVonP-dotiertesSi_1_svg-tex.pdf): PDF inclusion: multiple pdfs with page group included in a single page
> <./svg-inkscape/GitterstrukturUndBaendermodellVonP-dotiertesSi_2_svg-tex.pdf

pdfTeX warning: pdflatex (file ./svg-inkscape/GitterstrukturUndBaendermodellVonP-dotiertesSi_2_svg-tex.pdf): PDF inclusion: multiple pdfs with page group included in a single page
> <./svg-inkscape/GitterstrukturUndBaendermodellVonP-dotiertesSi_2_svg-tex.pdf

pdfTeX warning: pdflatex (file ./svg-inkscape/GitterstrukturUndBaendermodellVonP-dotiertesSi_2_svg-tex.pdf): PDF inclusion: multiple pdfs with page group included in a single page
> <./svg-inkscape/GitterstrukturUndBaendermodellVonP-dotiertesSi_2_svg-tex.pdf

pdfTeX warning: pdflatex (file ./svg-inkscape/GitterstrukturUndBaendermodellVonP-dotiertesSi_2_svg-tex.pdf): PDF inclusion: multiple pdfs with page group included in a single page
> <./svg-inkscape/GitterstrukturUndBaendermodellVonP-dotiertesSi_2_svg-tex.pdf

pdfTeX warning: pdflatex (file ./svg-inkscape/GitterstrukturUndBaendermodellVonP-dotiertesSi_2_svg-tex.pdf): PDF inclusion: multiple pdfs with page group included in a single page
> <./svg-inkscape/GitterstrukturUndBaendermodellVonP-dotiertesSi_2_svg-tex.pdf

pdfTeX warning: pdflatex (file ./svg-inkscape/GitterstrukturUndBaendermodellVonP-dotiertesSi_2_svg-tex.pdf): PDF inclusion: multiple pdfs with page group included in a single page
> <./svg-inkscape/GitterstrukturUndBaendermodellVonP-dotiertesSi_2_svg-tex.pdf

pdfTeX warning: pdflatex (file ./svg-inkscape/GitterstrukturUndBaendermodellVonP-dotiertesSi_2_svg-tex.pdf): PDF inclusion: multiple pdfs with page group included in a single page
> <./svg-inkscape/GitterstrukturUndBaendermodellVonP-dotiertesSi_2_svg-tex.pdf

pdfTeX warning: pdflatex (file ./svg-inkscape/GitterstrukturUndBaendermodellVonP-dotiertesSi_2_svg-tex.pdf): PDF inclusion: multiple pdfs with page group included in a single page
>]
Package svg Info: Last page of `./svg-inkscape/DriftstromInnerhalbEinesHalbleiters_svg-tex.pdf' is 2 on input line 687.
 (./svg-inkscape/DriftstromInnerhalbEinesHalbleiters_svg-tex.pdf_tex
<./svg-inkscape/DriftstromInnerhalbEinesHalbleiters_svg-tex.pdf, id=759, page=1, 499.64085pt x 213.49661pt>
File: ./svg-inkscape/DriftstromInnerhalbEinesHalbleiters_svg-tex.pdf Graphic file (type pdf)
<use ./svg-inkscape/DriftstromInnerhalbEinesHalbleiters_svg-tex.pdf, page 1>
Package pdftex.def Info: ./svg-inkscape/DriftstromInnerhalbEinesHalbleiters_svg-tex.pdf , page1 used on input line 56.
(pdftex.def)             Requested size: 131.02632pt x 55.98668pt.
<./svg-inkscape/DriftstromInnerhalbEinesHalbleiters_svg-tex.pdf, id=760, page=2, 499.64085pt x 213.49661pt>
File: ./svg-inkscape/DriftstromInnerhalbEinesHalbleiters_svg-tex.pdf Graphic file (type pdf)
<use ./svg-inkscape/DriftstromInnerhalbEinesHalbleiters_svg-tex.pdf, page 2>
Package pdftex.def Info: ./svg-inkscape/DriftstromInnerhalbEinesHalbleiters_svg-tex.pdf , page2 used on input line 59.
(pdftex.def)             Requested size: 131.02632pt x 55.98668pt.
)
Package svg Info: Last page of `./svg-inkscape/DiffusionsstromInnerhalbEinesHalbleiters_svg-tex.pdf' is 3 on input line 727.
 (./svg-inkscape/DiffusionsstromInnerhalbEinesHalbleiters_svg-tex.pdf_tex
<./svg-inkscape/DiffusionsstromInnerhalbEinesHalbleiters_svg-tex.pdf, id=762, page=1, 557.69383pt x 250.32588pt>
File: ./svg-inkscape/DiffusionsstromInnerhalbEinesHalbleiters_svg-tex.pdf Graphic file (type pdf)
<use ./svg-inkscape/DiffusionsstromInnerhalbEinesHalbleiters_svg-tex.pdf, page 1>
Package pdftex.def Info: ./svg-inkscape/DiffusionsstromInnerhalbEinesHalbleiters_svg-tex.pdf , page1 used on input line 56.
(pdftex.def)             Requested size: 349.4013pt x 156.83144pt.
<./svg-inkscape/DiffusionsstromInnerhalbEinesHalbleiters_svg-tex.pdf, id=763, page=2, 557.69383pt x 250.32588pt>
File: ./svg-inkscape/DiffusionsstromInnerhalbEinesHalbleiters_svg-tex.pdf Graphic file (type pdf)
<use ./svg-inkscape/DiffusionsstromInnerhalbEinesHalbleiters_svg-tex.pdf, page 2>
Package pdftex.def Info: ./svg-inkscape/DiffusionsstromInnerhalbEinesHalbleiters_svg-tex.pdf , page2 used on input line 66.
(pdftex.def)             Requested size: 349.4013pt x 156.83144pt.
<./svg-inkscape/DiffusionsstromInnerhalbEinesHalbleiters_svg-tex.pdf, id=764, page=3, 557.69383pt x 250.32588pt>
File: ./svg-inkscape/DiffusionsstromInnerhalbEinesHalbleiters_svg-tex.pdf Graphic file (type pdf)
<use ./svg-inkscape/DiffusionsstromInnerhalbEinesHalbleiters_svg-tex.pdf, page 3>
Package pdftex.def Info: ./svg-inkscape/DiffusionsstromInnerhalbEinesHalbleiters_svg-tex.pdf , page3 used on input line 70.
(pdftex.def)             Requested size: 349.4013pt x 156.83144pt.
) [8 <./svg-inkscape/DriftstromInnerhalbEinesHalbleiters_svg-tex.pdf> <./svg-inkscape/DriftstromInnerhalbEinesHalbleiters_svg-tex.pdf

pdfTeX warning: pdflatex (file ./svg-inkscape/DriftstromInnerhalbEinesHalbleiters_svg-tex.pdf): PDF inclusion: multiple pdfs with page group included in a single page
> <./svg-inkscape/DiffusionsstromInnerhalbEinesHalbleiters_svg-tex.pdf

pdfTeX warning: pdflatex (file ./svg-inkscape/DiffusionsstromInnerhalbEinesHalbleiters_svg-tex.pdf): PDF inclusion: multiple pdfs with page group included in a single page
> <./svg-inkscape/DiffusionsstromInnerhalbEinesHalbleiters_svg-tex.pdf

pdfTeX warning: pdflatex (file ./svg-inkscape/DiffusionsstromInnerhalbEinesHalbleiters_svg-tex.pdf): PDF inclusion: multiple pdfs with page group included in a single page
> <./svg-inkscape/DiffusionsstromInnerhalbEinesHalbleiters_svg-tex.pdf

pdfTeX warning: pdflatex (file ./svg-inkscape/DiffusionsstromInnerhalbEinesHalbleiters_svg-tex.pdf): PDF inclusion: multiple pdfs with page group included in a single page
>]
Package svg Info: Last page of `./svg-inkscape/EinflussvonSpannungenaufHalbleiter_1_svg-tex.pdf' is 3 on input line 787.
 (./svg-inkscape/EinflussvonSpannungenaufHalbleiter_1_svg-tex.pdf_tex
<./svg-inkscape/EinflussvonSpannungenaufHalbleiter_1_svg-tex.pdf, id=777, page=1, 254.42279pt x 334.88693pt>
File: ./svg-inkscape/EinflussvonSpannungenaufHalbleiter_1_svg-tex.pdf Graphic file (type pdf)
<use ./svg-inkscape/EinflussvonSpannungenaufHalbleiter_1_svg-tex.pdf, page 1>
Package pdftex.def Info: ./svg-inkscape/EinflussvonSpannungenaufHalbleiter_1_svg-tex.pdf , page1 used on input line 56.
(pdftex.def)             Requested size: 125.78413pt x 165.56258pt.
<./svg-inkscape/EinflussvonSpannungenaufHalbleiter_1_svg-tex.pdf, id=778, page=2, 254.42279pt x 334.88693pt>
File: ./svg-inkscape/EinflussvonSpannungenaufHalbleiter_1_svg-tex.pdf Graphic file (type pdf)
<use ./svg-inkscape/EinflussvonSpannungenaufHalbleiter_1_svg-tex.pdf, page 2>
Package pdftex.def Info: ./svg-inkscape/EinflussvonSpannungenaufHalbleiter_1_svg-tex.pdf , page2 used on input line 59.
(pdftex.def)             Requested size: 125.78413pt x 165.56258pt.
<./svg-inkscape/EinflussvonSpannungenaufHalbleiter_1_svg-tex.pdf, id=779, page=3, 254.42279pt x 334.88693pt>
File: ./svg-inkscape/EinflussvonSpannungenaufHalbleiter_1_svg-tex.pdf Graphic file (type pdf)
<use ./svg-inkscape/EinflussvonSpannungenaufHalbleiter_1_svg-tex.pdf, page 3>
Package pdftex.def Info: ./svg-inkscape/EinflussvonSpannungenaufHalbleiter_1_svg-tex.pdf , page3 used on input line 62.
(pdftex.def)             Requested size: 125.78413pt x 165.56258pt.
)
Package svg Info: Last page of `./svg-inkscape/EinflussvonSpannungenaufHalbleiter_2_svg-tex.pdf' is 3 on input line 787.
 (./svg-inkscape/EinflussvonSpannungenaufHalbleiter_2_svg-tex.pdf_tex
<./svg-inkscape/EinflussvonSpannungenaufHalbleiter_2_svg-tex.pdf, id=781, page=1, 254.04909pt x 334.88786pt>
File: ./svg-inkscape/EinflussvonSpannungenaufHalbleiter_2_svg-tex.pdf Graphic file (type pdf)
<use ./svg-inkscape/EinflussvonSpannungenaufHalbleiter_2_svg-tex.pdf, page 1>
Package pdftex.def Info: ./svg-inkscape/EinflussvonSpannungenaufHalbleiter_2_svg-tex.pdf , page1 used on input line 56.
(pdftex.def)             Requested size: 125.78413pt x 165.80832pt.
<./svg-inkscape/EinflussvonSpannungenaufHalbleiter_2_svg-tex.pdf, id=782, page=2, 254.04909pt x 334.88786pt>
File: ./svg-inkscape/EinflussvonSpannungenaufHalbleiter_2_svg-tex.pdf Graphic file (type pdf)
<use ./svg-inkscape/EinflussvonSpannungenaufHalbleiter_2_svg-tex.pdf, page 2>
Package pdftex.def Info: ./svg-inkscape/EinflussvonSpannungenaufHalbleiter_2_svg-tex.pdf , page2 used on input line 58.
(pdftex.def)             Requested size: 125.78413pt x 165.80832pt.
<./svg-inkscape/EinflussvonSpannungenaufHalbleiter_2_svg-tex.pdf, id=783, page=3, 254.04909pt x 334.88786pt>
File: ./svg-inkscape/EinflussvonSpannungenaufHalbleiter_2_svg-tex.pdf Graphic file (type pdf)
<use ./svg-inkscape/EinflussvonSpannungenaufHalbleiter_2_svg-tex.pdf, page 3>
Package pdftex.def Info: ./svg-inkscape/EinflussvonSpannungenaufHalbleiter_2_svg-tex.pdf , page3 used on input line 61.
(pdftex.def)             Requested size: 125.78413pt x 165.80832pt.
)
Package svg Info: Last page of `./svg-inkscape/VorgaengeInnerhalbDesPN-Uebergangs_svg-tex.pdf' is 6 on input line 865.
 (./svg-inkscape/VorgaengeInnerhalbDesPN-Uebergangs_svg-tex.pdf_tex
<./svg-inkscape/VorgaengeInnerhalbDesPN-Uebergangs_svg-tex.pdf, id=786, page=1, 540.60239pt x 240.5495pt>
File: ./svg-inkscape/VorgaengeInnerhalbDesPN-Uebergangs_svg-tex.pdf Graphic file (type pdf)
<use ./svg-inkscape/VorgaengeInnerhalbDesPN-Uebergangs_svg-tex.pdf, page 1>
Package pdftex.def Info: ./svg-inkscape/VorgaengeInnerhalbDesPN-Uebergangs_svg-tex.pdf , page1 used on input line 56.
(pdftex.def)             Requested size: 305.72363pt x 136.0355pt.
<./svg-inkscape/VorgaengeInnerhalbDesPN-Uebergangs_svg-tex.pdf, id=787, page=2, 540.60239pt x 240.5495pt>
File: ./svg-inkscape/VorgaengeInnerhalbDesPN-Uebergangs_svg-tex.pdf Graphic file (type pdf)
<use ./svg-inkscape/VorgaengeInnerhalbDesPN-Uebergangs_svg-tex.pdf, page 2>
Package pdftex.def Info: ./svg-inkscape/VorgaengeInnerhalbDesPN-Uebergangs_svg-tex.pdf , page2 used on input line 59.
(pdftex.def)             Requested size: 305.72363pt x 136.0355pt.
<./svg-inkscape/VorgaengeInnerhalbDesPN-Uebergangs_svg-tex.pdf, id=788, page=3, 540.60239pt x 240.5495pt>
File: ./svg-inkscape/VorgaengeInnerhalbDesPN-Uebergangs_svg-tex.pdf Graphic file (type pdf)
<use ./svg-inkscape/VorgaengeInnerhalbDesPN-Uebergangs_svg-tex.pdf, page 3>
Package pdftex.def Info: ./svg-inkscape/VorgaengeInnerhalbDesPN-Uebergangs_svg-tex.pdf , page3 used on input line 65.
(pdftex.def)             Requested size: 305.72363pt x 136.0355pt.
<./svg-inkscape/VorgaengeInnerhalbDesPN-Uebergangs_svg-tex.pdf, id=789, page=4, 540.60239pt x 240.5495pt>
File: ./svg-inkscape/VorgaengeInnerhalbDesPN-Uebergangs_svg-tex.pdf Graphic file (type pdf)
<use ./svg-inkscape/VorgaengeInnerhalbDesPN-Uebergangs_svg-tex.pdf, page 4>
Package pdftex.def Info: ./svg-inkscape/VorgaengeInnerhalbDesPN-Uebergangs_svg-tex.pdf , page4 used on input line 67.
(pdftex.def)             Requested size: 305.72363pt x 136.0355pt.
<./svg-inkscape/VorgaengeInnerhalbDesPN-Uebergangs_svg-tex.pdf, id=790, page=5, 540.60239pt x 240.5495pt>
File: ./svg-inkscape/VorgaengeInnerhalbDesPN-Uebergangs_svg-tex.pdf Graphic file (type pdf)
<use ./svg-inkscape/VorgaengeInnerhalbDesPN-Uebergangs_svg-tex.pdf, page 5>
Package pdftex.def Info: ./svg-inkscape/VorgaengeInnerhalbDesPN-Uebergangs_svg-tex.pdf , page5 used on input line 69.
(pdftex.def)             Requested size: 305.72363pt x 136.0355pt.
<./svg-inkscape/VorgaengeInnerhalbDesPN-Uebergangs_svg-tex.pdf, id=791, page=6, 540.60239pt x 240.5495pt>
File: ./svg-inkscape/VorgaengeInnerhalbDesPN-Uebergangs_svg-tex.pdf Graphic file (type pdf)
<use ./svg-inkscape/VorgaengeInnerhalbDesPN-Uebergangs_svg-tex.pdf, page 6>
Package pdftex.def Info: ./svg-inkscape/VorgaengeInnerhalbDesPN-Uebergangs_svg-tex.pdf , page6 used on input line 71.
(pdftex.def)             Requested size: 305.72363pt x 136.0355pt.
) [9 <./svg-inkscape/EinflussvonSpannungenaufHalbleiter_1_svg-tex.pdf> <./svg-inkscape/EinflussvonSpannungenaufHalbleiter_1_svg-tex.pdf

pdfTeX warning: pdflatex (file ./svg-inkscape/EinflussvonSpannungenaufHalbleiter_1_svg-tex.pdf): PDF inclusion: multiple pdfs with page group included in a single page
> <./svg-inkscape/EinflussvonSpannungenaufHalbleiter_1_svg-tex.pdf

pdfTeX warning: pdflatex (file ./svg-inkscape/EinflussvonSpannungenaufHalbleiter_1_svg-tex.pdf): PDF inclusion: multiple pdfs with page group included in a single page
> <./svg-inkscape/EinflussvonSpannungenaufHalbleiter_2_svg-tex.pdf

pdfTeX warning: pdflatex (file ./svg-inkscape/EinflussvonSpannungenaufHalbleiter_2_svg-tex.pdf): PDF inclusion: multiple pdfs with page group included in a single page
> <./svg-inkscape/EinflussvonSpannungenaufHalbleiter_2_svg-tex.pdf

pdfTeX warning: pdflatex (file ./svg-inkscape/EinflussvonSpannungenaufHalbleiter_2_svg-tex.pdf): PDF inclusion: multiple pdfs with page group included in a single page
> <./svg-inkscape/EinflussvonSpannungenaufHalbleiter_2_svg-tex.pdf

pdfTeX warning: pdflatex (file ./svg-inkscape/EinflussvonSpannungenaufHalbleiter_2_svg-tex.pdf): PDF inclusion: multiple pdfs with page group included in a single page
>]
Package svg Info: Last page of `./svg-inkscape/EinflussvonSpannungenaufpn-Uebergang_1_svg-tex.pdf' is 4 on input line 928.
 (./svg-inkscape/EinflussvonSpannungenaufpn-Uebergang_1_svg-tex.pdf_tex
<./svg-inkscape/EinflussvonSpannungenaufpn-Uebergang_1_svg-tex.pdf, id=807, page=1, 283.24496pt x 369.13017pt>
File: ./svg-inkscape/EinflussvonSpannungenaufpn-Uebergang_1_svg-tex.pdf Graphic file (type pdf)
<use ./svg-inkscape/EinflussvonSpannungenaufpn-Uebergang_1_svg-tex.pdf, page 1>
Package pdftex.def Info: ./svg-inkscape/EinflussvonSpannungenaufpn-Uebergang_1_svg-tex.pdf , page1 used on input line 56.
(pdftex.def)             Requested size: 125.78413pt x 163.92165pt.
<./svg-inkscape/EinflussvonSpannungenaufpn-Uebergang_1_svg-tex.pdf, id=808, page=2, 283.24496pt x 369.13017pt>
File: ./svg-inkscape/EinflussvonSpannungenaufpn-Uebergang_1_svg-tex.pdf Graphic file (type pdf)
<use ./svg-inkscape/EinflussvonSpannungenaufpn-Uebergang_1_svg-tex.pdf, page 2>
Package pdftex.def Info: ./svg-inkscape/EinflussvonSpannungenaufpn-Uebergang_1_svg-tex.pdf , page2 used on input line 58.
(pdftex.def)             Requested size: 125.78413pt x 163.92165pt.
<./svg-inkscape/EinflussvonSpannungenaufpn-Uebergang_1_svg-tex.pdf, id=809, page=3, 283.24496pt x 369.13017pt>
File: ./svg-inkscape/EinflussvonSpannungenaufpn-Uebergang_1_svg-tex.pdf Graphic file (type pdf)
<use ./svg-inkscape/EinflussvonSpannungenaufpn-Uebergang_1_svg-tex.pdf, page 3>
Package pdftex.def Info: ./svg-inkscape/EinflussvonSpannungenaufpn-Uebergang_1_svg-tex.pdf , page3 used on input line 61.
(pdftex.def)             Requested size: 125.78413pt x 163.92165pt.
<./svg-inkscape/EinflussvonSpannungenaufpn-Uebergang_1_svg-tex.pdf, id=810, page=4, 283.24496pt x 369.13017pt>
File: ./svg-inkscape/EinflussvonSpannungenaufpn-Uebergang_1_svg-tex.pdf Graphic file (type pdf)
<use ./svg-inkscape/EinflussvonSpannungenaufpn-Uebergang_1_svg-tex.pdf, page 4>
Package pdftex.def Info: ./svg-inkscape/EinflussvonSpannungenaufpn-Uebergang_1_svg-tex.pdf , page4 used on input line 63.
(pdftex.def)             Requested size: 125.78413pt x 163.92165pt.
)
Package svg Info: Last page of `./svg-inkscape/EinflussvonSpannungenaufpn-Uebergang_2_svg-tex.pdf' is 4 on input line 928.
 (./svg-inkscape/EinflussvonSpannungenaufpn-Uebergang_2_svg-tex.pdf_tex
<./svg-inkscape/EinflussvonSpannungenaufpn-Uebergang_2_svg-tex.pdf, id=812, page=1, 283.17464pt x 369.55519pt>
File: ./svg-inkscape/EinflussvonSpannungenaufpn-Uebergang_2_svg-tex.pdf Graphic file (type pdf)
<use ./svg-inkscape/EinflussvonSpannungenaufpn-Uebergang_2_svg-tex.pdf, page 1>
Package pdftex.def Info: ./svg-inkscape/EinflussvonSpannungenaufpn-Uebergang_2_svg-tex.pdf , page1 used on input line 56.
(pdftex.def)             Requested size: 125.78413pt x 164.14984pt.
<./svg-inkscape/EinflussvonSpannungenaufpn-Uebergang_2_svg-tex.pdf, id=813, page=2, 283.17464pt x 369.55519pt>
File: ./svg-inkscape/EinflussvonSpannungenaufpn-Uebergang_2_svg-tex.pdf Graphic file (type pdf)
<use ./svg-inkscape/EinflussvonSpannungenaufpn-Uebergang_2_svg-tex.pdf, page 2>
Package pdftex.def Info: ./svg-inkscape/EinflussvonSpannungenaufpn-Uebergang_2_svg-tex.pdf , page2 used on input line 58.
(pdftex.def)             Requested size: 125.78413pt x 164.14984pt.
<./svg-inkscape/EinflussvonSpannungenaufpn-Uebergang_2_svg-tex.pdf, id=814, page=3, 283.17464pt x 369.55519pt>
File: ./svg-inkscape/EinflussvonSpannungenaufpn-Uebergang_2_svg-tex.pdf Graphic file (type pdf)
<use ./svg-inkscape/EinflussvonSpannungenaufpn-Uebergang_2_svg-tex.pdf, page 3>
Package pdftex.def Info: ./svg-inkscape/EinflussvonSpannungenaufpn-Uebergang_2_svg-tex.pdf , page3 used on input line 60.
(pdftex.def)             Requested size: 125.78413pt x 164.14984pt.
<./svg-inkscape/EinflussvonSpannungenaufpn-Uebergang_2_svg-tex.pdf, id=815, page=4, 283.17464pt x 369.55519pt>
File: ./svg-inkscape/EinflussvonSpannungenaufpn-Uebergang_2_svg-tex.pdf Graphic file (type pdf)
<use ./svg-inkscape/EinflussvonSpannungenaufpn-Uebergang_2_svg-tex.pdf, page 4>
Package pdftex.def Info: ./svg-inkscape/EinflussvonSpannungenaufpn-Uebergang_2_svg-tex.pdf , page4 used on input line 64.
(pdftex.def)             Requested size: 125.78413pt x 164.14984pt.
)) (./kap1_slides.tex) (./kap2.tex [10 <./svg-inkscape/VorgaengeInnerhalbDesPN-Uebergangs_svg-tex.pdf> <./svg-inkscape/VorgaengeInnerhalbDesPN-Uebergangs_svg-tex.pdf

pdfTeX warning: pdflatex (file ./svg-inkscape/VorgaengeInnerhalbDesPN-Uebergangs_svg-tex.pdf): PDF inclusion: multiple pdfs with page group included in a single page
> <./svg-inkscape/VorgaengeInnerhalbDesPN-Uebergangs_svg-tex.pdf

pdfTeX warning: pdflatex (file ./svg-inkscape/VorgaengeInnerhalbDesPN-Uebergangs_svg-tex.pdf): PDF inclusion: multiple pdfs with page group included in a single page
> <./svg-inkscape/VorgaengeInnerhalbDesPN-Uebergangs_svg-tex.pdf

pdfTeX warning: pdflatex (file ./svg-inkscape/VorgaengeInnerhalbDesPN-Uebergangs_svg-tex.pdf): PDF inclusion: multiple pdfs with page group included in a single page
> <./svg-inkscape/VorgaengeInnerhalbDesPN-Uebergangs_svg-tex.pdf

pdfTeX warning: pdflatex (file ./svg-inkscape/VorgaengeInnerhalbDesPN-Uebergangs_svg-tex.pdf): PDF inclusion: multiple pdfs with page group included in a single page
> <./svg-inkscape/VorgaengeInnerhalbDesPN-Uebergangs_svg-tex.pdf

pdfTeX warning: pdflatex (file ./svg-inkscape/VorgaengeInnerhalbDesPN-Uebergangs_svg-tex.pdf): PDF inclusion: multiple pdfs with page group included in a single page
> <./svg-inkscape/EinflussvonSpannungenaufpn-Uebergang_1_svg-tex.pdf

pdfTeX warning: pdflatex (file ./svg-inkscape/EinflussvonSpannungenaufpn-Uebergang_1_svg-tex.pdf): PDF inclusion: multiple pdfs with page group included in a single page
> <./svg-inkscape/EinflussvonSpannungenaufpn-Uebergang_1_svg-tex.pdf

pdfTeX warning: pdflatex (file ./svg-inkscape/EinflussvonSpannungenaufpn-Uebergang_1_svg-tex.pdf): PDF inclusion: multiple pdfs with page group included in a single page
> <./svg-inkscape/EinflussvonSpannungenaufpn-Uebergang_1_svg-tex.pdf

pdfTeX warning: pdflatex (file ./svg-inkscape/EinflussvonSpannungenaufpn-Uebergang_1_svg-tex.pdf): PDF inclusion: multiple pdfs with page group included in a single page
> <./svg-inkscape/EinflussvonSpannungenaufpn-Uebergang_1_svg-tex.pdf

pdfTeX warning: pdflatex (file ./svg-inkscape/EinflussvonSpannungenaufpn-Uebergang_1_svg-tex.pdf): PDF inclusion: multiple pdfs with page group included in a single page
> <./svg-inkscape/EinflussvonSpannungenaufpn-Uebergang_2_svg-tex.pdf

pdfTeX warning: pdflatex (file ./svg-inkscape/EinflussvonSpannungenaufpn-Uebergang_2_svg-tex.pdf): PDF inclusion: multiple pdfs with page group included in a single page
> <./svg-inkscape/EinflussvonSpannungenaufpn-Uebergang_2_svg-tex.pdf

pdfTeX warning: pdflatex (file ./svg-inkscape/EinflussvonSpannungenaufpn-Uebergang_2_svg-tex.pdf): PDF inclusion: multiple pdfs with page group included in a single page
> <./svg-inkscape/EinflussvonSpannungenaufpn-Uebergang_2_svg-tex.pdf

pdfTeX warning: pdflatex (file ./svg-inkscape/EinflussvonSpannungenaufpn-Uebergang_2_svg-tex.pdf): PDF inclusion: multiple pdfs with page group included in a single page
> <./svg-inkscape/EinflussvonSpannungenaufpn-Uebergang_2_svg-tex.pdf

pdfTeX warning: pdflatex (file ./svg-inkscape/EinflussvonSpannungenaufpn-Uebergang_2_svg-tex.pdf): PDF inclusion: multiple pdfs with page group included in a single page
>] (./Tikz/src/Siliziumdiode.tex
\absvshift=\dimen379
)
Package svg Info: Last page of `./svg-inkscape/SiliziumDiode2_svg-tex.pdf' is 1 on input line 53.
 (./svg-inkscape/SiliziumDiode2_svg-tex.pdf_tex
<./svg-inkscape/SiliziumDiode2_svg-tex.pdf, id=854, page=1, 60.86946pt x 380.41043pt>
File: ./svg-inkscape/SiliziumDiode2_svg-tex.pdf Graphic file (type pdf)
<use ./svg-inkscape/SiliziumDiode2_svg-tex.pdf, page 1>
Package pdftex.def Info: ./svg-inkscape/SiliziumDiode2_svg-tex.pdf , page1 used on input line 56.
(pdftex.def)             Requested size: 19.65314pt x 122.81927pt.
)
Package svg Info: Last page of `./svg-inkscape/SiliziumDiode3_svg-tex.pdf' is 2 on input line 53.
 (./svg-inkscape/SiliziumDiode3_svg-tex.pdf_tex
<./svg-inkscape/SiliziumDiode3_svg-tex.pdf, id=856, page=1, 162.95503pt x 248.8511pt>
File: ./svg-inkscape/SiliziumDiode3_svg-tex.pdf Graphic file (type pdf)
<use ./svg-inkscape/SiliziumDiode3_svg-tex.pdf, page 1>
Package pdftex.def Info: ./svg-inkscape/SiliziumDiode3_svg-tex.pdf , page1 used on input line 56.
(pdftex.def)             Requested size: 87.35031pt x 133.39412pt.
<./svg-inkscape/SiliziumDiode3_svg-tex.pdf, id=857, page=2, 162.95503pt x 248.8511pt>
File: ./svg-inkscape/SiliziumDiode3_svg-tex.pdf Graphic file (type pdf)
<use ./svg-inkscape/SiliziumDiode3_svg-tex.pdf, page 2>
Package pdftex.def Info: ./svg-inkscape/SiliziumDiode3_svg-tex.pdf , page2 used on input line 59.
(pdftex.def)             Requested size: 87.35031pt x 133.39412pt.
) [11 <./svg-inkscape/SiliziumDiode2_svg-tex.pdf> <./svg-inkscape/SiliziumDiode3_svg-tex.pdf

pdfTeX warning: pdflatex (file ./svg-inkscape/SiliziumDiode3_svg-tex.pdf): PDF inclusion: multiple pdfs with page group included in a single page
> <./svg-inkscape/SiliziumDiode3_svg-tex.pdf

pdfTeX warning: pdflatex (file ./svg-inkscape/SiliziumDiode3_svg-tex.pdf): PDF inclusion: multiple pdfs with page group included in a single page
>]
Package svg Info: Last page of `./svg-inkscape/Diodenkennlinie_svg-tex.pdf' is 2 on input line 143.
 (./svg-inkscape/Diodenkennlinie_svg-tex.pdf_tex
<./svg-inkscape/Diodenkennlinie_svg-tex.pdf, id=869, page=1, 557.14784pt x 421.10078pt>
File: ./svg-inkscape/Diodenkennlinie_svg-tex.pdf Graphic file (type pdf)
<use ./svg-inkscape/Diodenkennlinie_svg-tex.pdf, page 1>
Package pdftex.def Info: ./svg-inkscape/Diodenkennlinie_svg-tex.pdf , page1 used on input line 56.
(pdftex.def)             Requested size: 262.05264pt x 198.06517pt.
<./svg-inkscape/Diodenkennlinie_svg-tex.pdf, id=870, page=2, 557.14784pt x 421.10078pt>
File: ./svg-inkscape/Diodenkennlinie_svg-tex.pdf Graphic file (type pdf)
<use ./svg-inkscape/Diodenkennlinie_svg-tex.pdf, page 2>
Package pdftex.def Info: ./svg-inkscape/Diodenkennlinie_svg-tex.pdf , page2 used on input line 63.
(pdftex.def)             Requested size: 262.05264pt x 198.06517pt.
)
Package svg Info: Last page of `./svg-inkscape/DiodenkennlinieUndErsatzschaltbild1_svg-tex.pdf' is 2 on input line 211.
 (./svg-inkscape/DiodenkennlinieUndErsatzschaltbild1_svg-tex.pdf_tex
<./svg-inkscape/DiodenkennlinieUndErsatzschaltbild1_svg-tex.pdf, id=872, page=1, 458.79097pt x 350.19275pt>
File: ./svg-inkscape/DiodenkennlinieUndErsatzschaltbild1_svg-tex.pdf Graphic file (type pdf)
<use ./svg-inkscape/DiodenkennlinieUndErsatzschaltbild1_svg-tex.pdf, page 1>
Package pdftex.def Info: ./svg-inkscape/DiodenkennlinieUndErsatzschaltbild1_svg-tex.pdf , page1 used on input line 56.
(pdftex.def)             Requested size: 196.53615pt x 150.01352pt.
<./svg-inkscape/DiodenkennlinieUndErsatzschaltbild1_svg-tex.pdf, id=873, page=2, 458.79097pt x 350.19275pt>
File: ./svg-inkscape/DiodenkennlinieUndErsatzschaltbild1_svg-tex.pdf Graphic file (type pdf)
<use ./svg-inkscape/DiodenkennlinieUndErsatzschaltbild1_svg-tex.pdf, page 2>
Package pdftex.def Info: ./svg-inkscape/DiodenkennlinieUndErsatzschaltbild1_svg-tex.pdf , page2 used on input line 58.
(pdftex.def)             Requested size: 196.53615pt x 150.01352pt.
) (./Tikz/src/DiodenkennlinieUndErsatzschaltbild2.tex
\absvshift=\dimen380
) [12 <./svg-inkscape/Diodenkennlinie_svg-tex.pdf> <./svg-inkscape/Diodenkennlinie_svg-tex.pdf

pdfTeX warning: pdflatex (file ./svg-inkscape/Diodenkennlinie_svg-tex.pdf): PDF inclusion: multiple pdfs with page group included in a single page
>]
Package svg Info: Last page of `./svg-inkscape/GrafischeBestimmungArbeitspunkt1_svg-tex.pdf' is 1 on input line 292.
 (./svg-inkscape/GrafischeBestimmungArbeitspunkt1_svg-tex.pdf_tex
<./svg-inkscape/GrafischeBestimmungArbeitspunkt1_svg-tex.pdf, id=883, page=1, 332.81664pt x 216.98688pt>
File: ./svg-inkscape/GrafischeBestimmungArbeitspunkt1_svg-tex.pdf Graphic file (type pdf)
<use ./svg-inkscape/GrafischeBestimmungArbeitspunkt1_svg-tex.pdf, page 1>
Package pdftex.def Info: ./svg-inkscape/GrafischeBestimmungArbeitspunkt1_svg-tex.pdf , page1 used on input line 56.
(pdftex.def)             Requested size: 196.53615pt x 128.13702pt.
) (./Tikz/src/GrafischeBestimmungArbeitspunkt2.tex
\absvshift=\dimen381
) [13 <./svg-inkscape/DiodenkennlinieUndErsatzschaltbild1_svg-tex.pdf> <./svg-inkscape/DiodenkennlinieUndErsatzschaltbild1_svg-tex.pdf

pdfTeX warning: pdflatex (file ./svg-inkscape/DiodenkennlinieUndErsatzschaltbild1_svg-tex.pdf): PDF inclusion: multiple pdfs with page group included in a single page
> <./svg-inkscape/GrafischeBestimmungArbeitspunkt1_svg-tex.pdf

pdfTeX warning: pdflatex (file ./svg-inkscape/GrafischeBestimmungArbeitspunkt1_svg-tex.pdf): PDF inclusion: multiple pdfs with page group included in a single page
>]
Package svg Info: Last page of `./svg-inkscape/SchichtaufbauVonDioden1_svg-tex.pdf' is 4 on input line 378.
 (./svg-inkscape/SchichtaufbauVonDioden1_svg-tex.pdf_tex
<./svg-inkscape/SchichtaufbauVonDioden1_svg-tex.pdf, id=895, page=1, 291.20023pt x 343.84488pt>
File: ./svg-inkscape/SchichtaufbauVonDioden1_svg-tex.pdf Graphic file (type pdf)
<use ./svg-inkscape/SchichtaufbauVonDioden1_svg-tex.pdf, page 1>
Package pdftex.def Info: ./svg-inkscape/SchichtaufbauVonDioden1_svg-tex.pdf , page1 used on input line 56.
(pdftex.def)             Requested size: 174.72191pt x 206.31377pt.
<./svg-inkscape/SchichtaufbauVonDioden1_svg-tex.pdf, id=896, page=2, 291.20023pt x 343.84488pt>
File: ./svg-inkscape/SchichtaufbauVonDioden1_svg-tex.pdf Graphic file (type pdf)
<use ./svg-inkscape/SchichtaufbauVonDioden1_svg-tex.pdf, page 2>
Package pdftex.def Info: ./svg-inkscape/SchichtaufbauVonDioden1_svg-tex.pdf , page2 used on input line 59.
(pdftex.def)             Requested size: 174.72191pt x 206.31377pt.
<./svg-inkscape/SchichtaufbauVonDioden1_svg-tex.pdf, id=897, page=3, 291.20023pt x 343.84488pt>
File: ./svg-inkscape/SchichtaufbauVonDioden1_svg-tex.pdf Graphic file (type pdf)
<use ./svg-inkscape/SchichtaufbauVonDioden1_svg-tex.pdf, page 3>
Package pdftex.def Info: ./svg-inkscape/SchichtaufbauVonDioden1_svg-tex.pdf , page3 used on input line 65.
(pdftex.def)             Requested size: 174.72191pt x 206.31377pt.
<./svg-inkscape/SchichtaufbauVonDioden1_svg-tex.pdf, id=898, page=4, 291.20023pt x 343.84488pt>
File: ./svg-inkscape/SchichtaufbauVonDioden1_svg-tex.pdf Graphic file (type pdf)
<use ./svg-inkscape/SchichtaufbauVonDioden1_svg-tex.pdf, page 4>
Package pdftex.def Info: ./svg-inkscape/SchichtaufbauVonDioden1_svg-tex.pdf , page4 used on input line 67.
(pdftex.def)             Requested size: 174.72191pt x 206.31377pt.
)
Package svg Info: Last page of `./svg-inkscape/SchichtaufbauVonDioden2_svg-tex.pdf' is 5 on input line 382.
 (./svg-inkscape/SchichtaufbauVonDioden2_svg-tex.pdf_tex
<./svg-inkscape/SchichtaufbauVonDioden2_svg-tex.pdf, id=900, page=1, 374.40582pt x 343.84485pt>
File: ./svg-inkscape/SchichtaufbauVonDioden2_svg-tex.pdf Graphic file (type pdf)
<use ./svg-inkscape/SchichtaufbauVonDioden2_svg-tex.pdf, page 1>
Package pdftex.def Info: ./svg-inkscape/SchichtaufbauVonDioden2_svg-tex.pdf , page1 used on input line 56.
(pdftex.def)             Requested size: 224.64577pt x 206.31374pt.
<./svg-inkscape/SchichtaufbauVonDioden2_svg-tex.pdf, id=901, page=2, 374.40582pt x 343.84485pt>
File: ./svg-inkscape/SchichtaufbauVonDioden2_svg-tex.pdf Graphic file (type pdf)
<use ./svg-inkscape/SchichtaufbauVonDioden2_svg-tex.pdf, page 2>
Package pdftex.def Info: ./svg-inkscape/SchichtaufbauVonDioden2_svg-tex.pdf , page2 used on input line 58.
(pdftex.def)             Requested size: 224.64577pt x 206.31374pt.
<./svg-inkscape/SchichtaufbauVonDioden2_svg-tex.pdf, id=902, page=3, 374.40582pt x 343.84485pt>
File: ./svg-inkscape/SchichtaufbauVonDioden2_svg-tex.pdf Graphic file (type pdf)
<use ./svg-inkscape/SchichtaufbauVonDioden2_svg-tex.pdf, page 3>
Package pdftex.def Info: ./svg-inkscape/SchichtaufbauVonDioden2_svg-tex.pdf , page3 used on input line 64.
(pdftex.def)             Requested size: 224.64577pt x 206.31374pt.
<./svg-inkscape/SchichtaufbauVonDioden2_svg-tex.pdf, id=903, page=4, 374.40582pt x 343.84485pt>
File: ./svg-inkscape/SchichtaufbauVonDioden2_svg-tex.pdf Graphic file (type pdf)
<use ./svg-inkscape/SchichtaufbauVonDioden2_svg-tex.pdf, page 4>
Package pdftex.def Info: ./svg-inkscape/SchichtaufbauVonDioden2_svg-tex.pdf , page4 used on input line 66.
(pdftex.def)             Requested size: 224.64577pt x 206.31374pt.
<./svg-inkscape/SchichtaufbauVonDioden2_svg-tex.pdf, id=904, page=5, 374.40582pt x 343.84485pt>
File: ./svg-inkscape/SchichtaufbauVonDioden2_svg-tex.pdf Graphic file (type pdf)
<use ./svg-inkscape/SchichtaufbauVonDioden2_svg-tex.pdf, page 5>
Package pdftex.def Info: ./svg-inkscape/SchichtaufbauVonDioden2_svg-tex.pdf , page5 used on input line 69.
(pdftex.def)             Requested size: 224.64577pt x 206.31374pt.
)
Overfull \hbox (10.6359pt too wide) in paragraph at lines 382--383
 [][] 
 []

[14 <./svg-inkscape/SchichtaufbauVonDioden1_svg-tex.pdf> <./svg-inkscape/SchichtaufbauVonDioden1_svg-tex.pdf

pdfTeX warning: pdflatex (file ./svg-inkscape/SchichtaufbauVonDioden1_svg-tex.pdf): PDF inclusion: multiple pdfs with page group included in a single page
> <./svg-inkscape/SchichtaufbauVonDioden1_svg-tex.pdf

pdfTeX warning: pdflatex (file ./svg-inkscape/SchichtaufbauVonDioden1_svg-tex.pdf): PDF inclusion: multiple pdfs with page group included in a single page
> <./svg-inkscape/SchichtaufbauVonDioden1_svg-tex.pdf

pdfTeX warning: pdflatex (file ./svg-inkscape/SchichtaufbauVonDioden1_svg-tex.pdf): PDF inclusion: multiple pdfs with page group included in a single page
> <./svg-inkscape/SchichtaufbauVonDioden2_svg-tex.pdf

pdfTeX warning: pdflatex (file ./svg-inkscape/SchichtaufbauVonDioden2_svg-tex.pdf): PDF inclusion: multiple pdfs with page group included in a single page
> <./svg-inkscape/SchichtaufbauVonDioden2_svg-tex.pdf

pdfTeX warning: pdflatex (file ./svg-inkscape/SchichtaufbauVonDioden2_svg-tex.pdf): PDF inclusion: multiple pdfs with page group included in a single page
> <./svg-inkscape/SchichtaufbauVonDioden2_svg-tex.pdf

pdfTeX warning: pdflatex (file ./svg-inkscape/SchichtaufbauVonDioden2_svg-tex.pdf): PDF inclusion: multiple pdfs with page group included in a single page
> <./svg-inkscape/SchichtaufbauVonDioden2_svg-tex.pdf

pdfTeX warning: pdflatex (file ./svg-inkscape/SchichtaufbauVonDioden2_svg-tex.pdf): PDF inclusion: multiple pdfs with page group included in a single page
> <./svg-inkscape/SchichtaufbauVonDioden2_svg-tex.pdf

pdfTeX warning: pdflatex (file ./svg-inkscape/SchichtaufbauVonDioden2_svg-tex.pdf): PDF inclusion: multiple pdfs with page group included in a single page
>]
Underfull \hbox (badness 10000) in paragraph at lines 526--526
[]|\OT1/cmr/m/n/10 Rectifier- di-
 []

(./Tikz/src/Diode.tex)
Package svg Info: Last page of `./svg-inkscape/KennlinieGleichrichterdiode_svg-tex.pdf' is 1 on input line 526.
 (./svg-inkscape/KennlinieGleichrichterdiode_svg-tex.pdf_tex
<./svg-inkscape/KennlinieGleichrichterdiode_svg-tex.pdf, id=914, page=1, 610.18805pt x 433.67232pt>
File: ./svg-inkscape/KennlinieGleichrichterdiode_svg-tex.pdf Graphic file (type pdf)
<use ./svg-inkscape/KennlinieGleichrichterdiode_svg-tex.pdf, page 1>
Package pdftex.def Info: ./svg-inkscape/KennlinieGleichrichterdiode_svg-tex.pdf , page1 used on input line 56.
(pdftex.def)             Requested size: 93.89418pt x 66.72882pt.
)
Underfull \hbox (badness 2856) in paragraph at lines 526--526
[]|\OT1/cmr/m/n/10 Switching- di-
 []

(./Tikz/src/Diode.tex)
Package svg Info: Last page of `./svg-inkscape/KennlinieSchaltdiode_svg-tex.pdf' is 2 on input line 526.
 (./svg-inkscape/KennlinieSchaltdiode_svg-tex.pdf_tex
<./svg-inkscape/KennlinieSchaltdiode_svg-tex.pdf, id=916, page=1, 610.18805pt x 433.67229pt>
File: ./svg-inkscape/KennlinieSchaltdiode_svg-tex.pdf Graphic file (type pdf)
<use ./svg-inkscape/KennlinieSchaltdiode_svg-tex.pdf, page 1>
Package pdftex.def Info: ./svg-inkscape/KennlinieSchaltdiode_svg-tex.pdf , page1 used on input line 56.
(pdftex.def)             Requested size: 93.89418pt x 66.72882pt.
<./svg-inkscape/KennlinieSchaltdiode_svg-tex.pdf, id=917, page=2, 610.18805pt x 433.67229pt>
File: ./svg-inkscape/KennlinieSchaltdiode_svg-tex.pdf Graphic file (type pdf)
<use ./svg-inkscape/KennlinieSchaltdiode_svg-tex.pdf, page 2>
Package pdftex.def Info: ./svg-inkscape/KennlinieSchaltdiode_svg-tex.pdf , page2 used on input line 59.
(pdftex.def)             Requested size: 93.89418pt x 66.72882pt.
) (./Tikz/src/Schottkydiode.tex)
Package svg Info: Last page of `./svg-inkscape/KennlinieSchottkydiode_svg-tex.pdf' is 2 on input line 526.
 (./svg-inkscape/KennlinieSchottkydiode_svg-tex.pdf_tex
<./svg-inkscape/KennlinieSchottkydiode_svg-tex.pdf, id=919, page=1, 610.18805pt x 433.67229pt>
File: ./svg-inkscape/KennlinieSchottkydiode_svg-tex.pdf Graphic file (type pdf)
<use ./svg-inkscape/KennlinieSchottkydiode_svg-tex.pdf, page 1>
Package pdftex.def Info: ./svg-inkscape/KennlinieSchottkydiode_svg-tex.pdf , page1 used on input line 56.
(pdftex.def)             Requested size: 93.89418pt x 66.72882pt.
<./svg-inkscape/KennlinieSchottkydiode_svg-tex.pdf, id=920, page=2, 610.18805pt x 433.67229pt>
File: ./svg-inkscape/KennlinieSchottkydiode_svg-tex.pdf Graphic file (type pdf)
<use ./svg-inkscape/KennlinieSchottkydiode_svg-tex.pdf, page 2>
Package pdftex.def Info: ./svg-inkscape/KennlinieSchottkydiode_svg-tex.pdf , page2 used on input line 59.
(pdftex.def)             Requested size: 93.89418pt x 66.72882pt.
) (./Tikz/src/ZDiode.tex)
Package svg Info: Last page of `./svg-inkscape/KennlinieZ-Diode_svg-tex.pdf' is 1 on input line 526.
 (./svg-inkscape/KennlinieZ-Diode_svg-tex.pdf_tex
<./svg-inkscape/KennlinieZ-Diode_svg-tex.pdf, id=922, page=1, 610.18805pt x 433.67232pt>
File: ./svg-inkscape/KennlinieZ-Diode_svg-tex.pdf Graphic file (type pdf)
<use ./svg-inkscape/KennlinieZ-Diode_svg-tex.pdf, page 1>
Package pdftex.def Info: ./svg-inkscape/KennlinieZ-Diode_svg-tex.pdf , page1 used on input line 56.
(pdftex.def)             Requested size: 93.89418pt x 66.72882pt.
)
Underfull \hbox (badness 10000) in paragraph at lines 526--526
[]|\OT1/cmr/m/n/10 defined break-
 []

(./Tikz/src/Tunneldiode.tex)
Package svg Info: Last page of `./svg-inkscape/KennlinieTunneldiode_svg-tex.pdf' is 2 on input line 526.
 (./svg-inkscape/KennlinieTunneldiode_svg-tex.pdf_tex
<./svg-inkscape/KennlinieTunneldiode_svg-tex.pdf, id=924, page=1, 610.18805pt x 439.44786pt>
File: ./svg-inkscape/KennlinieTunneldiode_svg-tex.pdf Graphic file (type pdf)
<use ./svg-inkscape/KennlinieTunneldiode_svg-tex.pdf, page 1>
Package pdftex.def Info: ./svg-inkscape/KennlinieTunneldiode_svg-tex.pdf , page1 used on input line 56.
(pdftex.def)             Requested size: 93.89418pt x 67.61751pt.
<./svg-inkscape/KennlinieTunneldiode_svg-tex.pdf, id=925, page=2, 610.18805pt x 439.44786pt>
File: ./svg-inkscape/KennlinieTunneldiode_svg-tex.pdf Graphic file (type pdf)
<use ./svg-inkscape/KennlinieTunneldiode_svg-tex.pdf, page 2>
Package pdftex.def Info: ./svg-inkscape/KennlinieTunneldiode_svg-tex.pdf , page2 used on input line 59.
(pdftex.def)             Requested size: 93.89418pt x 67.61751pt.
)
Underfull \hbox (badness 1789) in paragraph at lines 526--526
[]|\OT1/cmr/m/n/10 negative dif-fe-ren-
 []

(./Tikz/src/Diac.tex)
Package svg Info: Last page of `./svg-inkscape/KennlinieDiac-Diode_svg-tex.pdf' is 2 on input line 526.
 (./svg-inkscape/KennlinieDiac-Diode_svg-tex.pdf_tex
<./svg-inkscape/KennlinieDiac-Diode_svg-tex.pdf, id=927, page=1, 611.80026pt x 433.75517pt>
File: ./svg-inkscape/KennlinieDiac-Diode_svg-tex.pdf Graphic file (type pdf)
<use ./svg-inkscape/KennlinieDiac-Diode_svg-tex.pdf, page 1>
Package pdftex.def Info: ./svg-inkscape/KennlinieDiac-Diode_svg-tex.pdf , page1 used on input line 56.
(pdftex.def)             Requested size: 93.89418pt x 66.56288pt.
<./svg-inkscape/KennlinieDiac-Diode_svg-tex.pdf, id=928, page=2, 611.80026pt x 433.75517pt>
File: ./svg-inkscape/KennlinieDiac-Diode_svg-tex.pdf Graphic file (type pdf)
<use ./svg-inkscape/KennlinieDiac-Diode_svg-tex.pdf, page 2>
Package pdftex.def Info: ./svg-inkscape/KennlinieDiac-Diode_svg-tex.pdf , page2 used on input line 59.
(pdftex.def)             Requested size: 93.89418pt x 66.56288pt.
) (./Tikz/src/Photodiode.tex)
Package svg Info: Last page of `./svg-inkscape/KennliniePhotodiode_svg-tex.pdf' is 2 on input line 565.
 (./svg-inkscape/KennliniePhotodiode_svg-tex.pdf_tex
<./svg-inkscape/KennliniePhotodiode_svg-tex.pdf, id=930, page=1, 610.18805pt x 433.67229pt>
File: ./svg-inkscape/KennliniePhotodiode_svg-tex.pdf Graphic file (type pdf)
<use ./svg-inkscape/KennliniePhotodiode_svg-tex.pdf, page 1>
Package pdftex.def Info: ./svg-inkscape/KennliniePhotodiode_svg-tex.pdf , page1 used on input line 56.
(pdftex.def)             Requested size: 93.89418pt x 66.72882pt.
<./svg-inkscape/KennliniePhotodiode_svg-tex.pdf, id=931, page=2, 610.18805pt x 433.67229pt>
File: ./svg-inkscape/KennliniePhotodiode_svg-tex.pdf Graphic file (type pdf)
<use ./svg-inkscape/KennliniePhotodiode_svg-tex.pdf, page 2>
Package pdftex.def Info: ./svg-inkscape/KennliniePhotodiode_svg-tex.pdf , page2 used on input line 59.
(pdftex.def)             Requested size: 93.89418pt x 66.72882pt.
)
Underfull \hbox (badness 10000) in paragraph at lines 565--565
[]|\OT1/cmr/m/n/10 Current chan-ges
 []


Underfull \hbox (badness 2970) in paragraph at lines 565--565
\OT1/cmr/m/n/10 pro-por-tio-nal-ly to
 []

(./Tikz/src/LED.tex)
Package svg Info: Last page of `./svg-inkscape/KennlinieLED_svg-tex.pdf' is 3 on input line 565.
 (./svg-inkscape/KennlinieLED_svg-tex.pdf_tex
<./svg-inkscape/KennlinieLED_svg-tex.pdf, id=933, page=1, 610.18805pt x 433.67229pt>
File: ./svg-inkscape/KennlinieLED_svg-tex.pdf Graphic file (type pdf)
<use ./svg-inkscape/KennlinieLED_svg-tex.pdf, page 1>
Package pdftex.def Info: ./svg-inkscape/KennlinieLED_svg-tex.pdf , page1 used on input line 56.
(pdftex.def)             Requested size: 93.89418pt x 66.72882pt.
<./svg-inkscape/KennlinieLED_svg-tex.pdf, id=934, page=2, 610.18805pt x 433.67229pt>
File: ./svg-inkscape/KennlinieLED_svg-tex.pdf Graphic file (type pdf)
<use ./svg-inkscape/KennlinieLED_svg-tex.pdf, page 2>
Package pdftex.def Info: ./svg-inkscape/KennlinieLED_svg-tex.pdf , page2 used on input line 58.
(pdftex.def)             Requested size: 93.89418pt x 66.72882pt.
<./svg-inkscape/KennlinieLED_svg-tex.pdf, id=935, page=3, 610.18805pt x 433.67229pt>
File: ./svg-inkscape/KennlinieLED_svg-tex.pdf Graphic file (type pdf)
<use ./svg-inkscape/KennlinieLED_svg-tex.pdf, page 3>
Package pdftex.def Info: ./svg-inkscape/KennlinieLED_svg-tex.pdf , page3 used on input line 60.
(pdftex.def)             Requested size: 93.89418pt x 66.72882pt.
)
Underfull \hbox (badness 10000) in paragraph at lines 565--565
[]|\OT1/cmr/m/n/10 Passage cur-rent
 []


Underfull \hbox (badness 5260) in paragraph at lines 565--565
\OT1/cmr/m/n/10 ge-ne-ra-tes op-ti-cal
 []

[15 <./svg-inkscape/KennlinieGleichrichterdiode_svg-tex.pdf> <./svg-inkscape/KennlinieSchaltdiode_svg-tex.pdf

pdfTeX warning: pdflatex (file ./svg-inkscape/KennlinieSchaltdiode_svg-tex.pdf): PDF inclusion: multiple pdfs with page group included in a single page
> <./svg-inkscape/KennlinieSchaltdiode_svg-tex.pdf

pdfTeX warning: pdflatex (file ./svg-inkscape/KennlinieSchaltdiode_svg-tex.pdf): PDF inclusion: multiple pdfs with page group included in a single page
> <./svg-inkscape/KennlinieSchottkydiode_svg-tex.pdf

pdfTeX warning: pdflatex (file ./svg-inkscape/KennlinieSchottkydiode_svg-tex.pdf): PDF inclusion: multiple pdfs with page group included in a single page
> <./svg-inkscape/KennlinieSchottkydiode_svg-tex.pdf

pdfTeX warning: pdflatex (file ./svg-inkscape/KennlinieSchottkydiode_svg-tex.pdf): PDF inclusion: multiple pdfs with page group included in a single page
> <./svg-inkscape/KennlinieZ-Diode_svg-tex.pdf

pdfTeX warning: pdflatex (file ./svg-inkscape/KennlinieZ-Diode_svg-tex.pdf): PDF inclusion: multiple pdfs with page group included in a single page
> <./svg-inkscape/KennlinieTunneldiode_svg-tex.pdf

pdfTeX warning: pdflatex (file ./svg-inkscape/KennlinieTunneldiode_svg-tex.pdf): PDF inclusion: multiple pdfs with page group included in a single page
> <./svg-inkscape/KennlinieTunneldiode_svg-tex.pdf

pdfTeX warning: pdflatex (file ./svg-inkscape/KennlinieTunneldiode_svg-tex.pdf): PDF inclusion: multiple pdfs with page group included in a single page
> <./svg-inkscape/KennlinieDiac-Diode_svg-tex.pdf

pdfTeX warning: pdflatex (file ./svg-inkscape/KennlinieDiac-Diode_svg-tex.pdf): PDF inclusion: multiple pdfs with page group included in a single page
> <./svg-inkscape/KennlinieDiac-Diode_svg-tex.pdf

pdfTeX warning: pdflatex (file ./svg-inkscape/KennlinieDiac-Diode_svg-tex.pdf): PDF inclusion: multiple pdfs with page group included in a single page
>] (./Tikz/src/EinweggleichrichterTeil1.tex
\absvshift=\dimen382
)
Package svg Info: Last page of `./svg-inkscape/EinweggleichrichterTeil2_svg-tex.pdf' is 3 on input line 634.
 (./svg-inkscape/EinweggleichrichterTeil2_svg-tex.pdf_tex
<./svg-inkscape/EinweggleichrichterTeil2_svg-tex.pdf, id=951, page=1, 326.3562pt x 169.18623pt>
File: ./svg-inkscape/EinweggleichrichterTeil2_svg-tex.pdf Graphic file (type pdf)
<use ./svg-inkscape/EinweggleichrichterTeil2_svg-tex.pdf, page 1>
Package pdftex.def Info: ./svg-inkscape/EinweggleichrichterTeil2_svg-tex.pdf , page1 used on input line 56.
(pdftex.def)             Requested size: 235.84576pt x 122.26834pt.
<./svg-inkscape/EinweggleichrichterTeil2_svg-tex.pdf, id=952, page=2, 326.3562pt x 169.18623pt>
File: ./svg-inkscape/EinweggleichrichterTeil2_svg-tex.pdf Graphic file (type pdf)
<use ./svg-inkscape/EinweggleichrichterTeil2_svg-tex.pdf, page 2>
Package pdftex.def Info: ./svg-inkscape/EinweggleichrichterTeil2_svg-tex.pdf , page2 used on input line 60.
(pdftex.def)             Requested size: 235.84576pt x 122.26834pt.
<./svg-inkscape/EinweggleichrichterTeil2_svg-tex.pdf, id=953, page=3, 326.3562pt x 169.18623pt>
File: ./svg-inkscape/EinweggleichrichterTeil2_svg-tex.pdf Graphic file (type pdf)
<use ./svg-inkscape/EinweggleichrichterTeil2_svg-tex.pdf, page 3>
Package pdftex.def Info: ./svg-inkscape/EinweggleichrichterTeil2_svg-tex.pdf , page3 used on input line 63.
(pdftex.def)             Requested size: 235.84576pt x 122.26834pt.
)
Overfull \hbox (2.2222pt too wide) in paragraph at lines 634--634
[]$[]$ $[]$
 []

[16 <./svg-inkscape/KennliniePhotodiode_svg-tex.pdf> <./svg-inkscape/KennliniePhotodiode_svg-tex.pdf

pdfTeX warning: pdflatex (file ./svg-inkscape/KennliniePhotodiode_svg-tex.pdf): PDF inclusion: multiple pdfs with page group included in a single page
> <./svg-inkscape/KennlinieLED_svg-tex.pdf

pdfTeX warning: pdflatex (file ./svg-inkscape/KennlinieLED_svg-tex.pdf): PDF inclusion: multiple pdfs with page group included in a single page
> <./svg-inkscape/KennlinieLED_svg-tex.pdf

pdfTeX warning: pdflatex (file ./svg-inkscape/KennlinieLED_svg-tex.pdf): PDF inclusion: multiple pdfs with page group included in a single page
> <./svg-inkscape/KennlinieLED_svg-tex.pdf

pdfTeX warning: pdflatex (file ./svg-inkscape/KennlinieLED_svg-tex.pdf): PDF inclusion: multiple pdfs with page group included in a single page
> <./svg-inkscape/EinweggleichrichterTeil2_svg-tex.pdf

pdfTeX warning: pdflatex (file ./svg-inkscape/EinweggleichrichterTeil2_svg-tex.pdf): PDF inclusion: multiple pdfs with page group included in a single page
> <./svg-inkscape/EinweggleichrichterTeil2_svg-tex.pdf

pdfTeX warning: pdflatex (file ./svg-inkscape/EinweggleichrichterTeil2_svg-tex.pdf): PDF inclusion: multiple pdfs with page group included in a single page
> <./svg-inkscape/EinweggleichrichterTeil2_svg-tex.pdf

pdfTeX warning: pdflatex (file ./svg-inkscape/EinweggleichrichterTeil2_svg-tex.pdf): PDF inclusion: multiple pdfs with page group included in a single page
>] (./Tikz/src/Brueckengleichrichter_1.tex
\absvshift=\dimen383
) (./Tikz/src/Brueckengleichrichter_2.tex
\absvshift=\dimen384
) (./Tikz/src/Brueckengleichrichter_3.tex
\absvshift=\dimen385
)
Package svg Info: Last page of `./svg-inkscape/BrueckengleichrichterSignalverlaeufe_svg-tex.pdf' is 4 on input line 792.
 (./svg-inkscape/BrueckengleichrichterSignalverlaeufe_svg-tex.pdf_tex
<./svg-inkscape/BrueckengleichrichterSignalverlaeufe_svg-tex.pdf, id=968, page=1, 326.35623pt x 170.08057pt>
File: ./svg-inkscape/BrueckengleichrichterSignalverlaeufe_svg-tex.pdf Graphic file (type pdf)
<use ./svg-inkscape/BrueckengleichrichterSignalverlaeufe_svg-tex.pdf, page 1>
Package pdftex.def Info: ./svg-inkscape/BrueckengleichrichterSignalverlaeufe_svg-tex.pdf , page1 used on input line 56.
(pdftex.def)             Requested size: 218.37498pt x 113.80804pt.
<./svg-inkscape/BrueckengleichrichterSignalverlaeufe_svg-tex.pdf, id=969, page=2, 326.35623pt x 170.08057pt>
File: ./svg-inkscape/BrueckengleichrichterSignalverlaeufe_svg-tex.pdf Graphic file (type pdf)
<use ./svg-inkscape/BrueckengleichrichterSignalverlaeufe_svg-tex.pdf, page 2>
Package pdftex.def Info: ./svg-inkscape/BrueckengleichrichterSignalverlaeufe_svg-tex.pdf , page2 used on input line 59.
(pdftex.def)             Requested size: 218.37498pt x 113.80804pt.
<./svg-inkscape/BrueckengleichrichterSignalverlaeufe_svg-tex.pdf, id=970, page=3, 326.35623pt x 170.08057pt>
File: ./svg-inkscape/BrueckengleichrichterSignalverlaeufe_svg-tex.pdf Graphic file (type pdf)
<use ./svg-inkscape/BrueckengleichrichterSignalverlaeufe_svg-tex.pdf, page 3>
Package pdftex.def Info: ./svg-inkscape/BrueckengleichrichterSignalverlaeufe_svg-tex.pdf , page3 used on input line 62.
(pdftex.def)             Requested size: 218.37498pt x 113.80804pt.
<./svg-inkscape/BrueckengleichrichterSignalverlaeufe_svg-tex.pdf, id=971, page=4, 326.35623pt x 170.08057pt>
File: ./svg-inkscape/BrueckengleichrichterSignalverlaeufe_svg-tex.pdf Graphic file (type pdf)
<use ./svg-inkscape/BrueckengleichrichterSignalverlaeufe_svg-tex.pdf, page 4>
Package pdftex.def Info: ./svg-inkscape/BrueckengleichrichterSignalverlaeufe_svg-tex.pdf , page4 used on input line 64.
(pdftex.def)             Requested size: 218.37498pt x 113.80804pt.
) [17] [18 <./svg-inkscape/BrueckengleichrichterSignalverlaeufe_svg-tex.pdf> <./svg-inkscape/BrueckengleichrichterSignalverlaeufe_svg-tex.pdf

pdfTeX warning: pdflatex (file ./svg-inkscape/BrueckengleichrichterSignalverlaeufe_svg-tex.pdf): PDF inclusion: multiple pdfs with page group included in a single page
> <./svg-inkscape/BrueckengleichrichterSignalverlaeufe_svg-tex.pdf

pdfTeX warning: pdflatex (file ./svg-inkscape/BrueckengleichrichterSignalverlaeufe_svg-tex.pdf): PDF inclusion: multiple pdfs with page group included in a single page
> <./svg-inkscape/BrueckengleichrichterSignalverlaeufe_svg-tex.pdf

pdfTeX warning: pdflatex (file ./svg-inkscape/BrueckengleichrichterSignalverlaeufe_svg-tex.pdf): PDF inclusion: multiple pdfs with page group included in a single page
>] (./Tikz/src/UebersichtBipolartransistoren.tex)
Package svg Info: Last page of `./svg-inkscape/VerhaltenUnbeschalteterBipolartransistor_svg-tex.pdf' is 4 on input line 952.
 (./svg-inkscape/VerhaltenUnbeschalteterBipolartransistor_svg-tex.pdf_tex
<./svg-inkscape/VerhaltenUnbeschalteterBipolartransistor_svg-tex.pdf, id=987, page=1, 447.22328pt x 349.11238pt>
File: ./svg-inkscape/VerhaltenUnbeschalteterBipolartransistor_svg-tex.pdf Graphic file (type pdf)
<use ./svg-inkscape/VerhaltenUnbeschalteterBipolartransistor_svg-tex.pdf, page 1>
Package pdftex.def Info: ./svg-inkscape/VerhaltenUnbeschalteterBipolartransistor_svg-tex.pdf , page1 used on input line 56.
(pdftex.def)             Requested size: 223.61163pt x 174.55576pt.
<./svg-inkscape/VerhaltenUnbeschalteterBipolartransistor_svg-tex.pdf, id=988, page=2, 447.22328pt x 349.11238pt>
File: ./svg-inkscape/VerhaltenUnbeschalteterBipolartransistor_svg-tex.pdf Graphic file (type pdf)
<use ./svg-inkscape/VerhaltenUnbeschalteterBipolartransistor_svg-tex.pdf, page 2>
Package pdftex.def Info: ./svg-inkscape/VerhaltenUnbeschalteterBipolartransistor_svg-tex.pdf , page2 used on input line 60.
(pdftex.def)             Requested size: 223.61163pt x 174.55576pt.
<./svg-inkscape/VerhaltenUnbeschalteterBipolartransistor_svg-tex.pdf, id=989, page=3, 447.22328pt x 349.11238pt>
File: ./svg-inkscape/VerhaltenUnbeschalteterBipolartransistor_svg-tex.pdf Graphic file (type pdf)
<use ./svg-inkscape/VerhaltenUnbeschalteterBipolartransistor_svg-tex.pdf, page 3>
Package pdftex.def Info: ./svg-inkscape/VerhaltenUnbeschalteterBipolartransistor_svg-tex.pdf , page3 used on input line 65.
(pdftex.def)             Requested size: 223.61163pt x 174.55576pt.
<./svg-inkscape/VerhaltenUnbeschalteterBipolartransistor_svg-tex.pdf, id=990, page=4, 447.22328pt x 349.11238pt>
File: ./svg-inkscape/VerhaltenUnbeschalteterBipolartransistor_svg-tex.pdf Graphic file (type pdf)
<use ./svg-inkscape/VerhaltenUnbeschalteterBipolartransistor_svg-tex.pdf, page 4>
Package pdftex.def Info: ./svg-inkscape/VerhaltenUnbeschalteterBipolartransistor_svg-tex.pdf , page4 used on input line 67.
(pdftex.def)             Requested size: 223.61163pt x 174.55576pt.
) [19]
Package svg Info: Last page of `./svg-inkscape/BipolartransistorMitKollektor-Emitter-Spannung_svg-tex.pdf' is 3 on input line 998.
 (./svg-inkscape/BipolartransistorMitKollektor-Emitter-Spannung_svg-tex.pdf_tex
<./svg-inkscape/BipolartransistorMitKollektor-Emitter-Spannung_svg-tex.pdf, id=997, page=1, 498.50223pt x 369.42696pt>
File: ./svg-inkscape/BipolartransistorMitKollektor-Emitter-Spannung_svg-tex.pdf Graphic file (type pdf)
<use ./svg-inkscape/BipolartransistorMitKollektor-Emitter-Spannung_svg-tex.pdf, page 1>
Package pdftex.def Info: ./svg-inkscape/BipolartransistorMitKollektor-Emitter-Spannung_svg-tex.pdf , page1 used on input line 56.
(pdftex.def)             Requested size: 249.25111pt x 184.71301pt.
<./svg-inkscape/BipolartransistorMitKollektor-Emitter-Spannung_svg-tex.pdf, id=998, page=2, 498.50223pt x 369.42696pt>
File: ./svg-inkscape/BipolartransistorMitKollektor-Emitter-Spannung_svg-tex.pdf Graphic file (type pdf)
<use ./svg-inkscape/BipolartransistorMitKollektor-Emitter-Spannung_svg-tex.pdf, page 2>
Package pdftex.def Info: ./svg-inkscape/BipolartransistorMitKollektor-Emitter-Spannung_svg-tex.pdf , page2 used on input line 60.
(pdftex.def)             Requested size: 249.25111pt x 184.71301pt.
<./svg-inkscape/BipolartransistorMitKollektor-Emitter-Spannung_svg-tex.pdf, id=999, page=3, 498.50223pt x 369.42696pt>
File: ./svg-inkscape/BipolartransistorMitKollektor-Emitter-Spannung_svg-tex.pdf Graphic file (type pdf)
<use ./svg-inkscape/BipolartransistorMitKollektor-Emitter-Spannung_svg-tex.pdf, page 3>
Package pdftex.def Info: ./svg-inkscape/BipolartransistorMitKollektor-Emitter-Spannung_svg-tex.pdf , page3 used on input line 64.
(pdftex.def)             Requested size: 249.25111pt x 184.71301pt.
)
Package svg Info: Last page of `./svg-inkscape/BeschalteterBipolartransistor_svg-tex.pdf' is 5 on input line 1047.
 (./svg-inkscape/BeschalteterBipolartransistor_svg-tex.pdf_tex
<./svg-inkscape/BeschalteterBipolartransistor_svg-tex.pdf, id=1001, page=1, 498.50226pt x 379.96631pt>
File: ./svg-inkscape/BeschalteterBipolartransistor_svg-tex.pdf Graphic file (type pdf)
<use ./svg-inkscape/BeschalteterBipolartransistor_svg-tex.pdf, page 1>
Package pdftex.def Info: ./svg-inkscape/BeschalteterBipolartransistor_svg-tex.pdf , page1 used on input line 56.
(pdftex.def)             Requested size: 249.25113pt x 189.98268pt.
<./svg-inkscape/BeschalteterBipolartransistor_svg-tex.pdf, id=1002, page=2, 498.50226pt x 379.96631pt>
File: ./svg-inkscape/BeschalteterBipolartransistor_svg-tex.pdf Graphic file (type pdf)
<use ./svg-inkscape/BeschalteterBipolartransistor_svg-tex.pdf, page 2>
Package pdftex.def Info: ./svg-inkscape/BeschalteterBipolartransistor_svg-tex.pdf , page2 used on input line 60.
(pdftex.def)             Requested size: 249.25113pt x 189.98268pt.
<./svg-inkscape/BeschalteterBipolartransistor_svg-tex.pdf, id=1003, page=3, 498.50226pt x 379.96631pt>
File: ./svg-inkscape/BeschalteterBipolartransistor_svg-tex.pdf Graphic file (type pdf)
<use ./svg-inkscape/BeschalteterBipolartransistor_svg-tex.pdf, page 3>
Package pdftex.def Info: ./svg-inkscape/BeschalteterBipolartransistor_svg-tex.pdf , page3 used on input line 62.
(pdftex.def)             Requested size: 249.25113pt x 189.98268pt.
<./svg-inkscape/BeschalteterBipolartransistor_svg-tex.pdf, id=1004, page=4, 498.50226pt x 379.96631pt>
File: ./svg-inkscape/BeschalteterBipolartransistor_svg-tex.pdf Graphic file (type pdf)
<use ./svg-inkscape/BeschalteterBipolartransistor_svg-tex.pdf, page 4>
Package pdftex.def Info: ./svg-inkscape/BeschalteterBipolartransistor_svg-tex.pdf , page4 used on input line 67.
(pdftex.def)             Requested size: 249.25113pt x 189.98268pt.
<./svg-inkscape/BeschalteterBipolartransistor_svg-tex.pdf, id=1005, page=5, 498.50226pt x 379.96631pt>
File: ./svg-inkscape/BeschalteterBipolartransistor_svg-tex.pdf Graphic file (type pdf)
<use ./svg-inkscape/BeschalteterBipolartransistor_svg-tex.pdf, page 5>
Package pdftex.def Info: ./svg-inkscape/BeschalteterBipolartransistor_svg-tex.pdf , page5 used on input line 69.
(pdftex.def)             Requested size: 249.25113pt x 189.98268pt.
) [20 <./svg-inkscape/VerhaltenUnbeschalteterBipolartransistor_svg-tex.pdf> <./svg-inkscape/VerhaltenUnbeschalteterBipolartransistor_svg-tex.pdf

pdfTeX warning: pdflatex (file ./svg-inkscape/VerhaltenUnbeschalteterBipolartransistor_svg-tex.pdf): PDF inclusion: multiple pdfs with page group included in a single page
> <./svg-inkscape/VerhaltenUnbeschalteterBipolartransistor_svg-tex.pdf

pdfTeX warning: pdflatex (file ./svg-inkscape/VerhaltenUnbeschalteterBipolartransistor_svg-tex.pdf): PDF inclusion: multiple pdfs with page group included in a single page
> <./svg-inkscape/VerhaltenUnbeschalteterBipolartransistor_svg-tex.pdf

pdfTeX warning: pdflatex (file ./svg-inkscape/VerhaltenUnbeschalteterBipolartransistor_svg-tex.pdf): PDF inclusion: multiple pdfs with page group included in a single page
> <./svg-inkscape/BipolartransistorMitKollektor-Emitter-Spannung_svg-tex.pdf

pdfTeX warning: pdflatex (file ./svg-inkscape/BipolartransistorMitKollektor-Emitter-Spannung_svg-tex.pdf): PDF inclusion: multiple pdfs with page group included in a single page
> <./svg-inkscape/BipolartransistorMitKollektor-Emitter-Spannung_svg-tex.pdf

pdfTeX warning: pdflatex (file ./svg-inkscape/BipolartransistorMitKollektor-Emitter-Spannung_svg-tex.pdf): PDF inclusion: multiple pdfs with page group included in a single page
> <./svg-inkscape/BipolartransistorMitKollektor-Emitter-Spannung_svg-tex.pdf

pdfTeX warning: pdflatex (file ./svg-inkscape/BipolartransistorMitKollektor-Emitter-Spannung_svg-tex.pdf): PDF inclusion: multiple pdfs with page group included in a single page
>] (./Tikz/src/StroemeUndSpannungenBeimBipolartransistor_1.tex) (./Tikz/src/StroemeUndSpannungenBeimBipolartransistor_2.tex) [21 <./svg-inkscape/BeschalteterBipolartransistor_svg-tex.pdf> <./svg-inkscape/BeschalteterBipolartransistor_svg-tex.pdf

pdfTeX warning: pdflatex (file ./svg-inkscape/BeschalteterBipolartransistor_svg-tex.pdf): PDF inclusion: multiple pdfs with page group included in a single page
> <./svg-inkscape/BeschalteterBipolartransistor_svg-tex.pdf

pdfTeX warning: pdflatex (file ./svg-inkscape/BeschalteterBipolartransistor_svg-tex.pdf): PDF inclusion: multiple pdfs with page group included in a single page
> <./svg-inkscape/BeschalteterBipolartransistor_svg-tex.pdf

pdfTeX warning: pdflatex (file ./svg-inkscape/BeschalteterBipolartransistor_svg-tex.pdf): PDF inclusion: multiple pdfs with page group included in a single page
> <./svg-inkscape/BeschalteterBipolartransistor_svg-tex.pdf

pdfTeX warning: pdflatex (file ./svg-inkscape/BeschalteterBipolartransistor_svg-tex.pdf): PDF inclusion: multiple pdfs with page group included in a single page
>]
Package svg Info: Last page of `./svg-inkscape/EingangskennlinieEinesNpnTransistors_svg-tex.pdf' is 2 on input line 1184.
 (./svg-inkscape/EingangskennlinieEinesNpnTransistors_svg-tex.pdf_tex
<./svg-inkscape/EingangskennlinieEinesNpnTransistors_svg-tex.pdf, id=1025, page=1, 457.30875pt x 350.19275pt>
File: ./svg-inkscape/EingangskennlinieEinesNpnTransistors_svg-tex.pdf Graphic file (type pdf)
<use ./svg-inkscape/EingangskennlinieEinesNpnTransistors_svg-tex.pdf, page 1>
Package pdftex.def Info: ./svg-inkscape/EingangskennlinieEinesNpnTransistors_svg-tex.pdf , page1 used on input line 56.
(pdftex.def)             Requested size: 218.37498pt x 167.22495pt.
<./svg-inkscape/EingangskennlinieEinesNpnTransistors_svg-tex.pdf, id=1026, page=2, 457.30875pt x 350.19275pt>
File: ./svg-inkscape/EingangskennlinieEinesNpnTransistors_svg-tex.pdf Graphic file (type pdf)
<use ./svg-inkscape/EingangskennlinieEinesNpnTransistors_svg-tex.pdf, page 2>
Package pdftex.def Info: ./svg-inkscape/EingangskennlinieEinesNpnTransistors_svg-tex.pdf , page2 used on input line 58.
(pdftex.def)             Requested size: 218.37498pt x 167.22495pt.
)
Package svg Info: Last page of `./svg-inkscape/AusgangskennlinienfeldEinesNpnTransistors_svg-tex.pdf' is 5 on input line 1256.
 (./svg-inkscape/AusgangskennlinienfeldEinesNpnTransistors_svg-tex.pdf_tex
<./svg-inkscape/AusgangskennlinienfeldEinesNpnTransistors_svg-tex.pdf, id=1029, page=1, 598.42952pt x 231.4802pt>
File: ./svg-inkscape/AusgangskennlinienfeldEinesNpnTransistors_svg-tex.pdf Graphic file (type pdf)
<use ./svg-inkscape/AusgangskennlinienfeldEinesNpnTransistors_svg-tex.pdf, page 1>
Package pdftex.def Info: ./svg-inkscape/AusgangskennlinienfeldEinesNpnTransistors_svg-tex.pdf , page1 used on input line 56.
(pdftex.def)             Requested size: 393.0723pt x 152.04977pt.
<./svg-inkscape/AusgangskennlinienfeldEinesNpnTransistors_svg-tex.pdf, id=1030, page=2, 598.42952pt x 231.4802pt>
File: ./svg-inkscape/AusgangskennlinienfeldEinesNpnTransistors_svg-tex.pdf Graphic file (type pdf)
<use ./svg-inkscape/AusgangskennlinienfeldEinesNpnTransistors_svg-tex.pdf, page 2>
Package pdftex.def Info: ./svg-inkscape/AusgangskennlinienfeldEinesNpnTransistors_svg-tex.pdf , page2 used on input line 58.
(pdftex.def)             Requested size: 393.0723pt x 152.04977pt.
<./svg-inkscape/AusgangskennlinienfeldEinesNpnTransistors_svg-tex.pdf, id=1031, page=3, 598.42952pt x 231.4802pt>
File: ./svg-inkscape/AusgangskennlinienfeldEinesNpnTransistors_svg-tex.pdf Graphic file (type pdf)
<use ./svg-inkscape/AusgangskennlinienfeldEinesNpnTransistors_svg-tex.pdf, page 3>
Package pdftex.def Info: ./svg-inkscape/AusgangskennlinienfeldEinesNpnTransistors_svg-tex.pdf , page3 used on input line 60.
(pdftex.def)             Requested size: 393.0723pt x 152.04977pt.
<./svg-inkscape/AusgangskennlinienfeldEinesNpnTransistors_svg-tex.pdf, id=1032, page=4, 598.42952pt x 231.4802pt>
File: ./svg-inkscape/AusgangskennlinienfeldEinesNpnTransistors_svg-tex.pdf Graphic file (type pdf)
<use ./svg-inkscape/AusgangskennlinienfeldEinesNpnTransistors_svg-tex.pdf, page 4>
Package pdftex.def Info: ./svg-inkscape/AusgangskennlinienfeldEinesNpnTransistors_svg-tex.pdf , page4 used on input line 68.
(pdftex.def)             Requested size: 393.0723pt x 152.04977pt.
<./svg-inkscape/AusgangskennlinienfeldEinesNpnTransistors_svg-tex.pdf, id=1033, page=5, 598.42952pt x 231.4802pt>
File: ./svg-inkscape/AusgangskennlinienfeldEinesNpnTransistors_svg-tex.pdf Graphic file (type pdf)
<use ./svg-inkscape/AusgangskennlinienfeldEinesNpnTransistors_svg-tex.pdf, page 5>
Package pdftex.def Info: ./svg-inkscape/AusgangskennlinienfeldEinesNpnTransistors_svg-tex.pdf , page5 used on input line 71.
(pdftex.def)             Requested size: 393.0723pt x 152.04977pt.
) [22 <./svg-inkscape/EingangskennlinieEinesNpnTransistors_svg-tex.pdf> <./svg-inkscape/EingangskennlinieEinesNpnTransistors_svg-tex.pdf

pdfTeX warning: pdflatex (file ./svg-inkscape/EingangskennlinieEinesNpnTransistors_svg-tex.pdf): PDF inclusion: multiple pdfs with page group included in a single page
>]
Package svg Info: Last page of `./svg-inkscape/Vierquadranten-KennlinienfeldEinesNpnTransistors_svg-tex.pdf' is 6 on input line 1382.
 (./svg-inkscape/Vierquadranten-KennlinienfeldEinesNpnTransistors_svg-tex.pdf_tex
<./svg-inkscape/Vierquadranten-KennlinienfeldEinesNpnTransistors_svg-tex.pdf, id=1046, page=1, 527.89745pt x 444.32053pt>
File: ./svg-inkscape/Vierquadranten-KennlinienfeldEinesNpnTransistors_svg-tex.pdf Graphic file (type pdf)
<use ./svg-inkscape/Vierquadranten-KennlinienfeldEinesNpnTransistors_svg-tex.pdf, page 1>
Package pdftex.def Info: ./svg-inkscape/Vierquadranten-KennlinienfeldEinesNpnTransistors_svg-tex.pdf , page1 used on input line 56.
(pdftex.def)             Requested size: 327.56247pt x 275.71317pt.
<./svg-inkscape/Vierquadranten-KennlinienfeldEinesNpnTransistors_svg-tex.pdf, id=1047, page=2, 527.89745pt x 444.32053pt>
File: ./svg-inkscape/Vierquadranten-KennlinienfeldEinesNpnTransistors_svg-tex.pdf Graphic file (type pdf)
<use ./svg-inkscape/Vierquadranten-KennlinienfeldEinesNpnTransistors_svg-tex.pdf, page 2>
Package pdftex.def Info: ./svg-inkscape/Vierquadranten-KennlinienfeldEinesNpnTransistors_svg-tex.pdf , page2 used on input line 76.
(pdftex.def)             Requested size: 327.56247pt x 275.71317pt.
<./svg-inkscape/Vierquadranten-KennlinienfeldEinesNpnTransistors_svg-tex.pdf, id=1048, page=3, 527.89745pt x 444.32053pt>
File: ./svg-inkscape/Vierquadranten-KennlinienfeldEinesNpnTransistors_svg-tex.pdf Graphic file (type pdf)
<use ./svg-inkscape/Vierquadranten-KennlinienfeldEinesNpnTransistors_svg-tex.pdf, page 3>
Package pdftex.def Info: ./svg-inkscape/Vierquadranten-KennlinienfeldEinesNpnTransistors_svg-tex.pdf , page3 used on input line 78.
(pdftex.def)             Requested size: 327.56247pt x 275.71317pt.
<./svg-inkscape/Vierquadranten-KennlinienfeldEinesNpnTransistors_svg-tex.pdf, id=1049, page=4, 527.89745pt x 444.32053pt>
File: ./svg-inkscape/Vierquadranten-KennlinienfeldEinesNpnTransistors_svg-tex.pdf Graphic file (type pdf)
<use ./svg-inkscape/Vierquadranten-KennlinienfeldEinesNpnTransistors_svg-tex.pdf, page 4>
Package pdftex.def Info: ./svg-inkscape/Vierquadranten-KennlinienfeldEinesNpnTransistors_svg-tex.pdf , page4 used on input line 80.
(pdftex.def)             Requested size: 327.56247pt x 275.71317pt.
<./svg-inkscape/Vierquadranten-KennlinienfeldEinesNpnTransistors_svg-tex.pdf, id=1050, page=5, 527.89745pt x 444.32053pt>
File: ./svg-inkscape/Vierquadranten-KennlinienfeldEinesNpnTransistors_svg-tex.pdf Graphic file (type pdf)
<use ./svg-inkscape/Vierquadranten-KennlinienfeldEinesNpnTransistors_svg-tex.pdf, page 5>
Package pdftex.def Info: ./svg-inkscape/Vierquadranten-KennlinienfeldEinesNpnTransistors_svg-tex.pdf , page5 used on input line 82.
(pdftex.def)             Requested size: 327.56247pt x 275.71317pt.
<./svg-inkscape/Vierquadranten-KennlinienfeldEinesNpnTransistors_svg-tex.pdf, id=1051, page=6, 527.89745pt x 444.32053pt>
File: ./svg-inkscape/Vierquadranten-KennlinienfeldEinesNpnTransistors_svg-tex.pdf Graphic file (type pdf)
<use ./svg-inkscape/Vierquadranten-KennlinienfeldEinesNpnTransistors_svg-tex.pdf, page 6>
Package pdftex.def Info: ./svg-inkscape/Vierquadranten-KennlinienfeldEinesNpnTransistors_svg-tex.pdf , page6 used on input line 91.
(pdftex.def)             Requested size: 327.56247pt x 275.71317pt.
) [23 <./svg-inkscape/AusgangskennlinienfeldEinesNpnTransistors_svg-tex.pdf> <./svg-inkscape/AusgangskennlinienfeldEinesNpnTransistors_svg-tex.pdf

pdfTeX warning: pdflatex (file ./svg-inkscape/AusgangskennlinienfeldEinesNpnTransistors_svg-tex.pdf): PDF inclusion: multiple pdfs with page group included in a single page
> <./svg-inkscape/AusgangskennlinienfeldEinesNpnTransistors_svg-tex.pdf

pdfTeX warning: pdflatex (file ./svg-inkscape/AusgangskennlinienfeldEinesNpnTransistors_svg-tex.pdf): PDF inclusion: multiple pdfs with page group included in a single page
> <./svg-inkscape/AusgangskennlinienfeldEinesNpnTransistors_svg-tex.pdf

pdfTeX warning: pdflatex (file ./svg-inkscape/AusgangskennlinienfeldEinesNpnTransistors_svg-tex.pdf): PDF inclusion: multiple pdfs with page group included in a single page
> <./svg-inkscape/AusgangskennlinienfeldEinesNpnTransistors_svg-tex.pdf

pdfTeX warning: pdflatex (file ./svg-inkscape/AusgangskennlinienfeldEinesNpnTransistors_svg-tex.pdf): PDF inclusion: multiple pdfs with page group included in a single page
>] (./Tikz/src/ErsatzschaltbildEinesBipolartransistors_1.tex
\absvshift=\dimen386
\absvshift=\dimen387
) (./Tikz/src/ErsatzschaltbildEinesBipolartransistors_2.tex
\absvshift=\dimen388
\absvshift=\dimen389
) [24 <./svg-inkscape/Vierquadranten-KennlinienfeldEinesNpnTransistors_svg-tex.pdf> <./svg-inkscape/Vierquadranten-KennlinienfeldEinesNpnTransistors_svg-tex.pdf

pdfTeX warning: pdflatex (file ./svg-inkscape/Vierquadranten-KennlinienfeldEinesNpnTransistors_svg-tex.pdf): PDF inclusion: multiple pdfs with page group included in a single page
> <./svg-inkscape/Vierquadranten-KennlinienfeldEinesNpnTransistors_svg-tex.pdf

pdfTeX warning: pdflatex (file ./svg-inkscape/Vierquadranten-KennlinienfeldEinesNpnTransistors_svg-tex.pdf): PDF inclusion: multiple pdfs with page group included in a single page
> <./svg-inkscape/Vierquadranten-KennlinienfeldEinesNpnTransistors_svg-tex.pdf

pdfTeX warning: pdflatex (file ./svg-inkscape/Vierquadranten-KennlinienfeldEinesNpnTransistors_svg-tex.pdf): PDF inclusion: multiple pdfs with page group included in a single page
> <./svg-inkscape/Vierquadranten-KennlinienfeldEinesNpnTransistors_svg-tex.pdf

pdfTeX warning: pdflatex (file ./svg-inkscape/Vierquadranten-KennlinienfeldEinesNpnTransistors_svg-tex.pdf): PDF inclusion: multiple pdfs with page group included in a single page
> <./svg-inkscape/Vierquadranten-KennlinienfeldEinesNpnTransistors_svg-tex.pdf

pdfTeX warning: pdflatex (file ./svg-inkscape/Vierquadranten-KennlinienfeldEinesNpnTransistors_svg-tex.pdf): PDF inclusion: multiple pdfs with page group included in a single page
>] (./Tikz/src/BeispieleinerTransistorschaltungzurBestimmungvonrelevantenParametern.tex
\absvshift=\dimen390
\absvshift=\dimen391
)
Package svg Info: Last page of `./svg-inkscape/Vierquadranten-KennlinienfeldMitArbeitspunkt_svg-tex.pdf' is 7 on input line 1582.
 (./svg-inkscape/Vierquadranten-KennlinienfeldMitArbeitspunkt_svg-tex.pdf_tex
<./svg-inkscape/Vierquadranten-KennlinienfeldMitArbeitspunkt_svg-tex.pdf, id=1074, page=1, 527.89745pt x 444.32056pt>
File: ./svg-inkscape/Vierquadranten-KennlinienfeldMitArbeitspunkt_svg-tex.pdf Graphic file (type pdf)
<use ./svg-inkscape/Vierquadranten-KennlinienfeldMitArbeitspunkt_svg-tex.pdf, page 1>
Package pdftex.def Info: ./svg-inkscape/Vierquadranten-KennlinienfeldMitArbeitspunkt_svg-tex.pdf , page1 used on input line 56.
(pdftex.def)             Requested size: 324.36285pt x 273.01483pt.
<./svg-inkscape/Vierquadranten-KennlinienfeldMitArbeitspunkt_svg-tex.pdf, id=1075, page=2, 527.89745pt x 444.32056pt>
File: ./svg-inkscape/Vierquadranten-KennlinienfeldMitArbeitspunkt_svg-tex.pdf Graphic file (type pdf)
<use ./svg-inkscape/Vierquadranten-KennlinienfeldMitArbeitspunkt_svg-tex.pdf, page 2>
Package pdftex.def Info: ./svg-inkscape/Vierquadranten-KennlinienfeldMitArbeitspunkt_svg-tex.pdf , page2 used on input line 74.
(pdftex.def)             Requested size: 324.36285pt x 273.01483pt.
<./svg-inkscape/Vierquadranten-KennlinienfeldMitArbeitspunkt_svg-tex.pdf, id=1076, page=3, 527.89745pt x 444.32056pt>
File: ./svg-inkscape/Vierquadranten-KennlinienfeldMitArbeitspunkt_svg-tex.pdf Graphic file (type pdf)
<use ./svg-inkscape/Vierquadranten-KennlinienfeldMitArbeitspunkt_svg-tex.pdf, page 3>
Package pdftex.def Info: ./svg-inkscape/Vierquadranten-KennlinienfeldMitArbeitspunkt_svg-tex.pdf , page3 used on input line 79.
(pdftex.def)             Requested size: 324.36285pt x 273.01483pt.
<./svg-inkscape/Vierquadranten-KennlinienfeldMitArbeitspunkt_svg-tex.pdf, id=1077, page=4, 527.89745pt x 444.32056pt>
File: ./svg-inkscape/Vierquadranten-KennlinienfeldMitArbeitspunkt_svg-tex.pdf Graphic file (type pdf)
<use ./svg-inkscape/Vierquadranten-KennlinienfeldMitArbeitspunkt_svg-tex.pdf, page 4>
Package pdftex.def Info: ./svg-inkscape/Vierquadranten-KennlinienfeldMitArbeitspunkt_svg-tex.pdf , page4 used on input line 84.
(pdftex.def)             Requested size: 324.36285pt x 273.01483pt.
<./svg-inkscape/Vierquadranten-KennlinienfeldMitArbeitspunkt_svg-tex.pdf, id=1078, page=5, 527.89745pt x 444.32056pt>
File: ./svg-inkscape/Vierquadranten-KennlinienfeldMitArbeitspunkt_svg-tex.pdf Graphic file (type pdf)
<use ./svg-inkscape/Vierquadranten-KennlinienfeldMitArbeitspunkt_svg-tex.pdf, page 5>
Package pdftex.def Info: ./svg-inkscape/Vierquadranten-KennlinienfeldMitArbeitspunkt_svg-tex.pdf , page5 used on input line 89.
(pdftex.def)             Requested size: 324.36285pt x 273.01483pt.
<./svg-inkscape/Vierquadranten-KennlinienfeldMitArbeitspunkt_svg-tex.pdf, id=1079, page=6, 527.89745pt x 444.32056pt>
File: ./svg-inkscape/Vierquadranten-KennlinienfeldMitArbeitspunkt_svg-tex.pdf Graphic file (type pdf)
<use ./svg-inkscape/Vierquadranten-KennlinienfeldMitArbeitspunkt_svg-tex.pdf, page 6>
Package pdftex.def Info: ./svg-inkscape/Vierquadranten-KennlinienfeldMitArbeitspunkt_svg-tex.pdf , page6 used on input line 91.
(pdftex.def)             Requested size: 324.36285pt x 273.01483pt.
<./svg-inkscape/Vierquadranten-KennlinienfeldMitArbeitspunkt_svg-tex.pdf, id=1080, page=7, 527.89745pt x 444.32056pt>
File: ./svg-inkscape/Vierquadranten-KennlinienfeldMitArbeitspunkt_svg-tex.pdf Graphic file (type pdf)
<use ./svg-inkscape/Vierquadranten-KennlinienfeldMitArbeitspunkt_svg-tex.pdf, page 7>
Package pdftex.def Info: ./svg-inkscape/Vierquadranten-KennlinienfeldMitArbeitspunkt_svg-tex.pdf , page7 used on input line 93.
(pdftex.def)             Requested size: 324.36285pt x 273.01483pt.
) [25] [26 <./svg-inkscape/Vierquadranten-KennlinienfeldMitArbeitspunkt_svg-tex.pdf> <./svg-inkscape/Vierquadranten-KennlinienfeldMitArbeitspunkt_svg-tex.pdf

pdfTeX warning: pdflatex (file ./svg-inkscape/Vierquadranten-KennlinienfeldMitArbeitspunkt_svg-tex.pdf): PDF inclusion: multiple pdfs with page group included in a single page
> <./svg-inkscape/Vierquadranten-KennlinienfeldMitArbeitspunkt_svg-tex.pdf

pdfTeX warning: pdflatex (file ./svg-inkscape/Vierquadranten-KennlinienfeldMitArbeitspunkt_svg-tex.pdf): PDF inclusion: multiple pdfs with page group included in a single page
> <./svg-inkscape/Vierquadranten-KennlinienfeldMitArbeitspunkt_svg-tex.pdf

pdfTeX warning: pdflatex (file ./svg-inkscape/Vierquadranten-KennlinienfeldMitArbeitspunkt_svg-tex.pdf): PDF inclusion: multiple pdfs with page group included in a single page
> <./svg-inkscape/Vierquadranten-KennlinienfeldMitArbeitspunkt_svg-tex.pdf

pdfTeX warning: pdflatex (file ./svg-inkscape/Vierquadranten-KennlinienfeldMitArbeitspunkt_svg-tex.pdf): PDF inclusion: multiple pdfs with page group included in a single page
> <./svg-inkscape/Vierquadranten-KennlinienfeldMitArbeitspunkt_svg-tex.pdf

pdfTeX warning: pdflatex (file ./svg-inkscape/Vierquadranten-KennlinienfeldMitArbeitspunkt_svg-tex.pdf): PDF inclusion: multiple pdfs with page group included in a single page
> <./svg-inkscape/Vierquadranten-KennlinienfeldMitArbeitspunkt_svg-tex.pdf

pdfTeX warning: pdflatex (file ./svg-inkscape/Vierquadranten-KennlinienfeldMitArbeitspunkt_svg-tex.pdf): PDF inclusion: multiple pdfs with page group included in a single page
>]
Package svg Info: Last page of `./svg-inkscape/Vierquadranten-KennlinienfeldBeiACEingangssignal_svg-tex.pdf' is 6 on input line 1712.
 (./svg-inkscape/Vierquadranten-KennlinienfeldBeiACEingangssignal_svg-tex.pdf_tex
<./svg-inkscape/Vierquadranten-KennlinienfeldBeiACEingangssignal_svg-tex.pdf, id=1096, page=1, 527.89745pt x 444.32056pt>
File: ./svg-inkscape/Vierquadranten-KennlinienfeldBeiACEingangssignal_svg-tex.pdf Graphic file (type pdf)
<use ./svg-inkscape/Vierquadranten-KennlinienfeldBeiACEingangssignal_svg-tex.pdf, page 1>
Package pdftex.def Info: ./svg-inkscape/Vierquadranten-KennlinienfeldBeiACEingangssignal_svg-tex.pdf , page1 used on input line 56.
(pdftex.def)             Requested size: 349.4013pt x 294.09315pt.
<./svg-inkscape/Vierquadranten-KennlinienfeldBeiACEingangssignal_svg-tex.pdf, id=1097, page=2, 527.89745pt x 444.32056pt>
File: ./svg-inkscape/Vierquadranten-KennlinienfeldBeiACEingangssignal_svg-tex.pdf Graphic file (type pdf)
<use ./svg-inkscape/Vierquadranten-KennlinienfeldBeiACEingangssignal_svg-tex.pdf, page 2>
Package pdftex.def Info: ./svg-inkscape/Vierquadranten-KennlinienfeldBeiACEingangssignal_svg-tex.pdf , page2 used on input line 68.
(pdftex.def)             Requested size: 349.4013pt x 294.09315pt.
<./svg-inkscape/Vierquadranten-KennlinienfeldBeiACEingangssignal_svg-tex.pdf, id=1098, page=3, 527.89745pt x 444.32056pt>
File: ./svg-inkscape/Vierquadranten-KennlinienfeldBeiACEingangssignal_svg-tex.pdf Graphic file (type pdf)
<use ./svg-inkscape/Vierquadranten-KennlinienfeldBeiACEingangssignal_svg-tex.pdf, page 3>
Package pdftex.def Info: ./svg-inkscape/Vierquadranten-KennlinienfeldBeiACEingangssignal_svg-tex.pdf , page3 used on input line 73.
(pdftex.def)             Requested size: 349.4013pt x 294.09315pt.
<./svg-inkscape/Vierquadranten-KennlinienfeldBeiACEingangssignal_svg-tex.pdf, id=1099, page=4, 527.89745pt x 444.32056pt>
File: ./svg-inkscape/Vierquadranten-KennlinienfeldBeiACEingangssignal_svg-tex.pdf Graphic file (type pdf)
<use ./svg-inkscape/Vierquadranten-KennlinienfeldBeiACEingangssignal_svg-tex.pdf, page 4>
Package pdftex.def Info: ./svg-inkscape/Vierquadranten-KennlinienfeldBeiACEingangssignal_svg-tex.pdf , page4 used on input line 83.
(pdftex.def)             Requested size: 349.4013pt x 294.09315pt.
<./svg-inkscape/Vierquadranten-KennlinienfeldBeiACEingangssignal_svg-tex.pdf, id=1100, page=5, 527.89745pt x 444.32056pt>
File: ./svg-inkscape/Vierquadranten-KennlinienfeldBeiACEingangssignal_svg-tex.pdf Graphic file (type pdf)
<use ./svg-inkscape/Vierquadranten-KennlinienfeldBeiACEingangssignal_svg-tex.pdf, page 5>
Package pdftex.def Info: ./svg-inkscape/Vierquadranten-KennlinienfeldBeiACEingangssignal_svg-tex.pdf , page5 used on input line 85.
(pdftex.def)             Requested size: 349.4013pt x 294.09315pt.
<./svg-inkscape/Vierquadranten-KennlinienfeldBeiACEingangssignal_svg-tex.pdf, id=1101, page=6, 527.89745pt x 444.32056pt>
File: ./svg-inkscape/Vierquadranten-KennlinienfeldBeiACEingangssignal_svg-tex.pdf Graphic file (type pdf)
<use ./svg-inkscape/Vierquadranten-KennlinienfeldBeiACEingangssignal_svg-tex.pdf, page 6>
Package pdftex.def Info: ./svg-inkscape/Vierquadranten-KennlinienfeldBeiACEingangssignal_svg-tex.pdf , page6 used on input line 87.
(pdftex.def)             Requested size: 349.4013pt x 294.09315pt.
)
Package svg Info: Last page of `./svg-inkscape/Aufbaunpn-Bipolartransistor_svg-tex.pdf' is 3 on input line 1789.
 (./svg-inkscape/Aufbaunpn-Bipolartransistor_svg-tex.pdf_tex
<./svg-inkscape/Aufbaunpn-Bipolartransistor_svg-tex.pdf, id=1105, page=1, 555.8681pt x 251.06062pt>
File: ./svg-inkscape/Aufbaunpn-Bipolartransistor_svg-tex.pdf Graphic file (type pdf)
<use ./svg-inkscape/Aufbaunpn-Bipolartransistor_svg-tex.pdf, page 1>
Package pdftex.def Info: ./svg-inkscape/Aufbaunpn-Bipolartransistor_svg-tex.pdf , page1 used on input line 56.
(pdftex.def)             Requested size: 349.4013pt x 157.81274pt.
<./svg-inkscape/Aufbaunpn-Bipolartransistor_svg-tex.pdf, id=1106, page=2, 555.8681pt x 251.06062pt>
File: ./svg-inkscape/Aufbaunpn-Bipolartransistor_svg-tex.pdf Graphic file (type pdf)
<use ./svg-inkscape/Aufbaunpn-Bipolartransistor_svg-tex.pdf, page 2>
Package pdftex.def Info: ./svg-inkscape/Aufbaunpn-Bipolartransistor_svg-tex.pdf , page2 used on input line 63.
(pdftex.def)             Requested size: 349.4013pt x 157.81274pt.
<./svg-inkscape/Aufbaunpn-Bipolartransistor_svg-tex.pdf, id=1107, page=3, 555.8681pt x 251.06062pt>
File: ./svg-inkscape/Aufbaunpn-Bipolartransistor_svg-tex.pdf Graphic file (type pdf)
<use ./svg-inkscape/Aufbaunpn-Bipolartransistor_svg-tex.pdf, page 3>
Package pdftex.def Info: ./svg-inkscape/Aufbaunpn-Bipolartransistor_svg-tex.pdf , page3 used on input line 70.
(pdftex.def)             Requested size: 349.4013pt x 157.81274pt.
) [27 <./svg-inkscape/Vierquadranten-KennlinienfeldBeiACEingangssignal_svg-tex.pdf> <./svg-inkscape/Vierquadranten-KennlinienfeldBeiACEingangssignal_svg-tex.pdf

pdfTeX warning: pdflatex (file ./svg-inkscape/Vierquadranten-KennlinienfeldBeiACEingangssignal_svg-tex.pdf): PDF inclusion: multiple pdfs with page group included in a single page
> <./svg-inkscape/Vierquadranten-KennlinienfeldBeiACEingangssignal_svg-tex.pdf

pdfTeX warning: pdflatex (file ./svg-inkscape/Vierquadranten-KennlinienfeldBeiACEingangssignal_svg-tex.pdf): PDF inclusion: multiple pdfs with page group included in a single page
> <./svg-inkscape/Vierquadranten-KennlinienfeldBeiACEingangssignal_svg-tex.pdf

pdfTeX warning: pdflatex (file ./svg-inkscape/Vierquadranten-KennlinienfeldBeiACEingangssignal_svg-tex.pdf): PDF inclusion: multiple pdfs with page group included in a single page
> <./svg-inkscape/Vierquadranten-KennlinienfeldBeiACEingangssignal_svg-tex.pdf

pdfTeX warning: pdflatex (file ./svg-inkscape/Vierquadranten-KennlinienfeldBeiACEingangssignal_svg-tex.pdf): PDF inclusion: multiple pdfs with page group included in a single page
> <./svg-inkscape/Vierquadranten-KennlinienfeldBeiACEingangssignal_svg-tex.pdf

pdfTeX warning: pdflatex (file ./svg-inkscape/Vierquadranten-KennlinienfeldBeiACEingangssignal_svg-tex.pdf): PDF inclusion: multiple pdfs with page group included in a single page
>] (./Tikz/src/Grundschaltungen1.tex
\absvshift=\dimen392
\absvshift=\dimen393
\absvshift=\dimen394
) (./Tikz/src/Grundschaltungen2.tex
\absvshift=\dimen395
\absvshift=\dimen396
\absvshift=\dimen397
) (./Tikz/src/Grundschaltungen3.tex
\absvshift=\dimen398
\absvshift=\dimen399
\absvshift=\dimen400
)
Overfull \hbox (4.45108pt too wide) in paragraph at lines 1860--1860
[]$[]$ $[]$ $[]$ 
 []

(./Tikz/src/EKBGrundschaltungen1.tex
\absvshift=\dimen401
) (./Tikz/src/EKBGrundschaltungen2.tex
\absvshift=\dimen402
) (./Tikz/src/EKBGrundschaltungen3.tex
\absvshift=\dimen403
\absvshift=\dimen404
\absvshift=\dimen405
) [28 <./svg-inkscape/Aufbaunpn-Bipolartransistor_svg-tex.pdf> <./svg-inkscape/Aufbaunpn-Bipolartransistor_svg-tex.pdf

pdfTeX warning: pdflatex (file ./svg-inkscape/Aufbaunpn-Bipolartransistor_svg-tex.pdf): PDF inclusion: multiple pdfs with page group included in a single page
> <./svg-inkscape/Aufbaunpn-Bipolartransistor_svg-tex.pdf

pdfTeX warning: pdflatex (file ./svg-inkscape/Aufbaunpn-Bipolartransistor_svg-tex.pdf): PDF inclusion: multiple pdfs with page group included in a single page
>] (./Tikz/src/TransistorAlsSchalter1.tex
\absvshift=\dimen406
\absvshift=\dimen407
)
Package svg Info: Last page of `./svg-inkscape/TransistorAlsSchalter2_svg-tex.pdf' is 3 on input line 2042.
 (./svg-inkscape/TransistorAlsSchalter2_svg-tex.pdf_tex
<./svg-inkscape/TransistorAlsSchalter2_svg-tex.pdf, id=1129, page=1, 569.05513pt x 287.37282pt>
File: ./svg-inkscape/TransistorAlsSchalter2_svg-tex.pdf Graphic file (type pdf)
<use ./svg-inkscape/TransistorAlsSchalter2_svg-tex.pdf, page 1>
Package pdftex.def Info: ./svg-inkscape/TransistorAlsSchalter2_svg-tex.pdf , page1 used on input line 56.
(pdftex.def)             Requested size: 218.37498pt x 110.2771pt.
<./svg-inkscape/TransistorAlsSchalter2_svg-tex.pdf, id=1130, page=2, 569.05513pt x 287.37282pt>
File: ./svg-inkscape/TransistorAlsSchalter2_svg-tex.pdf Graphic file (type pdf)
<use ./svg-inkscape/TransistorAlsSchalter2_svg-tex.pdf, page 2>
Package pdftex.def Info: ./svg-inkscape/TransistorAlsSchalter2_svg-tex.pdf , page2 used on input line 61.
(pdftex.def)             Requested size: 218.37498pt x 110.2771pt.
)
Underfull \hbox (badness 10000) in paragraph at lines 2089--2089

 []

Package svg Info: Last page of `./svg-inkscape/DarlingtonTransistor_svg-tex.pdf' is 5 on input line 2128.
(./svg-inkscape/DarlingtonTransistor_svg-tex.pdf_tex
<./svg-inkscape/DarlingtonTransistor_svg-tex.pdf, id=1132, page=1, 367.04054pt x 273.14648pt>
File: ./svg-inkscape/DarlingtonTransistor_svg-tex.pdf Graphic file (type pdf)
<use ./svg-inkscape/DarlingtonTransistor_svg-tex.pdf, page 1>
Package pdftex.def Info: ./svg-inkscape/DarlingtonTransistor_svg-tex.pdf , page1 used on input line 56.
(pdftex.def)             Requested size: 218.37498pt x 162.51375pt.
<./svg-inkscape/DarlingtonTransistor_svg-tex.pdf, id=1133, page=2, 367.04054pt x 273.14648pt>
File: ./svg-inkscape/DarlingtonTransistor_svg-tex.pdf Graphic file (type pdf)
<use ./svg-inkscape/DarlingtonTransistor_svg-tex.pdf, page 2>
Package pdftex.def Info: ./svg-inkscape/DarlingtonTransistor_svg-tex.pdf , page2 used on input line 62.
(pdftex.def)             Requested size: 218.37498pt x 162.51375pt.
<./svg-inkscape/DarlingtonTransistor_svg-tex.pdf, id=1134, page=3, 367.04054pt x 273.14648pt>
File: ./svg-inkscape/DarlingtonTransistor_svg-tex.pdf Graphic file (type pdf)
<use ./svg-inkscape/DarlingtonTransistor_svg-tex.pdf, page 3>
Package pdftex.def Info: ./svg-inkscape/DarlingtonTransistor_svg-tex.pdf , page3 used on input line 64.
(pdftex.def)             Requested size: 218.37498pt x 162.51375pt.
<./svg-inkscape/DarlingtonTransistor_svg-tex.pdf, id=1135, page=4, 367.04054pt x 273.14648pt>
File: ./svg-inkscape/DarlingtonTransistor_svg-tex.pdf Graphic file (type pdf)
<use ./svg-inkscape/DarlingtonTransistor_svg-tex.pdf, page 4>
Package pdftex.def Info: ./svg-inkscape/DarlingtonTransistor_svg-tex.pdf , page4 used on input line 66.
(pdftex.def)             Requested size: 218.37498pt x 162.51375pt.
) [29 <./svg-inkscape/TransistorAlsSchalter2_svg-tex.pdf> <./svg-inkscape/TransistorAlsSchalter2_svg-tex.pdf

pdfTeX warning: pdflatex (file ./svg-inkscape/TransistorAlsSchalter2_svg-tex.pdf): PDF inclusion: multiple pdfs with page group included in a single page
>] [30 <./svg-inkscape/DarlingtonTransistor_svg-tex.pdf> <./svg-inkscape/DarlingtonTransistor_svg-tex.pdf

pdfTeX warning: pdflatex (file ./svg-inkscape/DarlingtonTransistor_svg-tex.pdf): PDF inclusion: multiple pdfs with page group included in a single page
> <./svg-inkscape/DarlingtonTransistor_svg-tex.pdf

pdfTeX warning: pdflatex (file ./svg-inkscape/DarlingtonTransistor_svg-tex.pdf): PDF inclusion: multiple pdfs with page group included in a single page
> <./svg-inkscape/DarlingtonTransistor_svg-tex.pdf

pdfTeX warning: pdflatex (file ./svg-inkscape/DarlingtonTransistor_svg-tex.pdf): PDF inclusion: multiple pdfs with page group included in a single page
>] (./Tikz/src/Transistortypen.tex)
Overfull \hbox (1.52419pt too wide) in paragraph at lines 33--2201
 [][] 
 []

[31]
Package svg Info: Last page of `./svg-inkscape/Sperrbereichn-KanalMOSFET_svg-tex.pdf' is 2 on input line 2265.
 (./svg-inkscape/Sperrbereichn-KanalMOSFET_svg-tex.pdf_tex
<./svg-inkscape/Sperrbereichn-KanalMOSFET_svg-tex.pdf, id=1157, page=1, 664.71396pt x 265.28545pt>
File: ./svg-inkscape/Sperrbereichn-KanalMOSFET_svg-tex.pdf Graphic file (type pdf)
<use ./svg-inkscape/Sperrbereichn-KanalMOSFET_svg-tex.pdf, page 1>
Package pdftex.def Info: ./svg-inkscape/Sperrbereichn-KanalMOSFET_svg-tex.pdf , page1 used on input line 56.
(pdftex.def)             Requested size: 265.8815pt x 106.11633pt.
<./svg-inkscape/Sperrbereichn-KanalMOSFET_svg-tex.pdf, id=1158, page=2, 664.71396pt x 265.28545pt>
File: ./svg-inkscape/Sperrbereichn-KanalMOSFET_svg-tex.pdf Graphic file (type pdf)
<use ./svg-inkscape/Sperrbereichn-KanalMOSFET_svg-tex.pdf, page 2>
Package pdftex.def Info: ./svg-inkscape/Sperrbereichn-KanalMOSFET_svg-tex.pdf , page2 used on input line 65.
(pdftex.def)             Requested size: 265.8815pt x 106.11633pt.
)
Package svg Info: Last page of `./svg-inkscape/ohmscherBereichn-KanalMOSFET_svg-tex.pdf' is 3 on input line 2309.
 (./svg-inkscape/ohmscherBereichn-KanalMOSFET_svg-tex.pdf_tex
<./svg-inkscape/ohmscherBereichn-KanalMOSFET_svg-tex.pdf, id=1160, page=1, 719.73439pt x 300.41476pt>
File: ./svg-inkscape/ohmscherBereichn-KanalMOSFET_svg-tex.pdf Graphic file (type pdf)
<use ./svg-inkscape/ohmscherBereichn-KanalMOSFET_svg-tex.pdf, page 1>
Package pdftex.def Info: ./svg-inkscape/ohmscherBereichn-KanalMOSFET_svg-tex.pdf , page1 used on input line 56.
(pdftex.def)             Requested size: 287.88936pt x 120.16377pt.
<./svg-inkscape/ohmscherBereichn-KanalMOSFET_svg-tex.pdf, id=1161, page=2, 719.73439pt x 300.41476pt>
File: ./svg-inkscape/ohmscherBereichn-KanalMOSFET_svg-tex.pdf Graphic file (type pdf)
<use ./svg-inkscape/ohmscherBereichn-KanalMOSFET_svg-tex.pdf, page 2>
Package pdftex.def Info: ./svg-inkscape/ohmscherBereichn-KanalMOSFET_svg-tex.pdf , page2 used on input line 62.
(pdftex.def)             Requested size: 287.88936pt x 120.16377pt.
<./svg-inkscape/ohmscherBereichn-KanalMOSFET_svg-tex.pdf, id=1162, page=3, 719.73439pt x 300.41476pt>
File: ./svg-inkscape/ohmscherBereichn-KanalMOSFET_svg-tex.pdf Graphic file (type pdf)
<use ./svg-inkscape/ohmscherBereichn-KanalMOSFET_svg-tex.pdf, page 3>
Package pdftex.def Info: ./svg-inkscape/ohmscherBereichn-KanalMOSFET_svg-tex.pdf , page3 used on input line 65.
(pdftex.def)             Requested size: 287.88936pt x 120.16377pt.
)
Package svg Info: Last page of `./svg-inkscape/Ausgangskennlinienfeldn-KanalMOSFET_svg-tex.pdf' is 2 on input line 2382.
 (./svg-inkscape/Ausgangskennlinienfeldn-KanalMOSFET_svg-tex.pdf_tex
<./svg-inkscape/Ausgangskennlinienfeldn-KanalMOSFET_svg-tex.pdf, id=1164, page=1, 626.62299pt x 346.1016pt>
File: ./svg-inkscape/Ausgangskennlinienfeldn-KanalMOSFET_svg-tex.pdf Graphic file (type pdf)
<use ./svg-inkscape/Ausgangskennlinienfeldn-KanalMOSFET_svg-tex.pdf, page 1>
Package pdftex.def Info: ./svg-inkscape/Ausgangskennlinienfeldn-KanalMOSFET_svg-tex.pdf , page1 used on input line 56.
(pdftex.def)             Requested size: 262.05264pt x 144.74379pt.
<./svg-inkscape/Ausgangskennlinienfeldn-KanalMOSFET_svg-tex.pdf, id=1165, page=2, 626.62299pt x 346.1016pt>
File: ./svg-inkscape/Ausgangskennlinienfeldn-KanalMOSFET_svg-tex.pdf Graphic file (type pdf)
<use ./svg-inkscape/Ausgangskennlinienfeldn-KanalMOSFET_svg-tex.pdf, page 2>
Package pdftex.def Info: ./svg-inkscape/Ausgangskennlinienfeldn-KanalMOSFET_svg-tex.pdf , page2 used on input line 62.
(pdftex.def)             Requested size: 262.05264pt x 144.74379pt.
) [32 <./svg-inkscape/Sperrbereichn-KanalMOSFET_svg-tex.pdf> <./svg-inkscape/Sperrbereichn-KanalMOSFET_svg-tex.pdf

pdfTeX warning: pdflatex (file ./svg-inkscape/Sperrbereichn-KanalMOSFET_svg-tex.pdf): PDF inclusion: multiple pdfs with page group included in a single page
> <./svg-inkscape/ohmscherBereichn-KanalMOSFET_svg-tex.pdf

pdfTeX warning: pdflatex (file ./svg-inkscape/ohmscherBereichn-KanalMOSFET_svg-tex.pdf): PDF inclusion: multiple pdfs with page group included in a single page
> <./svg-inkscape/ohmscherBereichn-KanalMOSFET_svg-tex.pdf

pdfTeX warning: pdflatex (file ./svg-inkscape/ohmscherBereichn-KanalMOSFET_svg-tex.pdf): PDF inclusion: multiple pdfs with page group included in a single page
> <./svg-inkscape/ohmscherBereichn-KanalMOSFET_svg-tex.pdf

pdfTeX warning: pdflatex (file ./svg-inkscape/ohmscherBereichn-KanalMOSFET_svg-tex.pdf): PDF inclusion: multiple pdfs with page group included in a single page
>]
Package svg Info: Last page of `./svg-inkscape/SaettigungsbereichN-KanalMOSFET_svg-tex.pdf' is 6 on input line 2382.
 (./svg-inkscape/SaettigungsbereichN-KanalMOSFET_svg-tex.pdf_tex
<./svg-inkscape/SaettigungsbereichN-KanalMOSFET_svg-tex.pdf, id=1176, page=1, 719.73439pt x 285.94334pt>
File: ./svg-inkscape/SaettigungsbereichN-KanalMOSFET_svg-tex.pdf Graphic file (type pdf)
<use ./svg-inkscape/SaettigungsbereichN-KanalMOSFET_svg-tex.pdf, page 1>
Package pdftex.def Info: ./svg-inkscape/SaettigungsbereichN-KanalMOSFET_svg-tex.pdf , page1 used on input line 56.
(pdftex.def)             Requested size: 287.88934pt x 114.3753pt.
<./svg-inkscape/SaettigungsbereichN-KanalMOSFET_svg-tex.pdf, id=1177, page=2, 719.73439pt x 285.94334pt>
File: ./svg-inkscape/SaettigungsbereichN-KanalMOSFET_svg-tex.pdf Graphic file (type pdf)
<use ./svg-inkscape/SaettigungsbereichN-KanalMOSFET_svg-tex.pdf, page 2>
Package pdftex.def Info: ./svg-inkscape/SaettigungsbereichN-KanalMOSFET_svg-tex.pdf , page2 used on input line 62.
(pdftex.def)             Requested size: 287.88934pt x 114.3753pt.
<./svg-inkscape/SaettigungsbereichN-KanalMOSFET_svg-tex.pdf, id=1178, page=3, 719.73439pt x 285.94334pt>
File: ./svg-inkscape/SaettigungsbereichN-KanalMOSFET_svg-tex.pdf Graphic file (type pdf)
<use ./svg-inkscape/SaettigungsbereichN-KanalMOSFET_svg-tex.pdf, page 3>
Package pdftex.def Info: ./svg-inkscape/SaettigungsbereichN-KanalMOSFET_svg-tex.pdf , page3 used on input line 64.
(pdftex.def)             Requested size: 287.88934pt x 114.3753pt.
<./svg-inkscape/SaettigungsbereichN-KanalMOSFET_svg-tex.pdf, id=1179, page=4, 719.73439pt x 285.94334pt>
File: ./svg-inkscape/SaettigungsbereichN-KanalMOSFET_svg-tex.pdf Graphic file (type pdf)
<use ./svg-inkscape/SaettigungsbereichN-KanalMOSFET_svg-tex.pdf, page 4>
Package pdftex.def Info: ./svg-inkscape/SaettigungsbereichN-KanalMOSFET_svg-tex.pdf , page4 used on input line 66.
(pdftex.def)             Requested size: 287.88934pt x 114.3753pt.
<./svg-inkscape/SaettigungsbereichN-KanalMOSFET_svg-tex.pdf, id=1180, page=5, 719.73439pt x 285.94334pt>
File: ./svg-inkscape/SaettigungsbereichN-KanalMOSFET_svg-tex.pdf Graphic file (type pdf)
<use ./svg-inkscape/SaettigungsbereichN-KanalMOSFET_svg-tex.pdf, page 5>
Package pdftex.def Info: ./svg-inkscape/SaettigungsbereichN-KanalMOSFET_svg-tex.pdf , page5 used on input line 68.
(pdftex.def)             Requested size: 287.88934pt x 114.3753pt.
<./svg-inkscape/SaettigungsbereichN-KanalMOSFET_svg-tex.pdf, id=1181, page=6, 719.73439pt x 285.94334pt>
File: ./svg-inkscape/SaettigungsbereichN-KanalMOSFET_svg-tex.pdf Graphic file (type pdf)
<use ./svg-inkscape/SaettigungsbereichN-KanalMOSFET_svg-tex.pdf, page 6>
Package pdftex.def Info: ./svg-inkscape/SaettigungsbereichN-KanalMOSFET_svg-tex.pdf , page6 used on input line 70.
(pdftex.def)             Requested size: 287.88934pt x 114.3753pt.
) (./Tikz/src/NJFET.tex)
Package svg Info: Last page of `./svg-inkscape/EingangskennlinieN-Jfet_svg-tex.pdf' is 3 on input line 2685.
 (./svg-inkscape/EingangskennlinieN-Jfet_svg-tex.pdf_tex
<./svg-inkscape/EingangskennlinieN-Jfet_svg-tex.pdf, id=1183, page=1, 356.6577pt x 222.35826pt>
File: ./svg-inkscape/EingangskennlinieN-Jfet_svg-tex.pdf Graphic file (type pdf)
<use ./svg-inkscape/EingangskennlinieN-Jfet_svg-tex.pdf, page 1>
Package pdftex.def Info: ./svg-inkscape/EingangskennlinieN-Jfet_svg-tex.pdf , page1 used on input line 56.
(pdftex.def)             Requested size: 117.92288pt x 73.51755pt.
<./svg-inkscape/EingangskennlinieN-Jfet_svg-tex.pdf, id=1184, page=2, 356.6577pt x 222.35826pt>
File: ./svg-inkscape/EingangskennlinieN-Jfet_svg-tex.pdf Graphic file (type pdf)
<use ./svg-inkscape/EingangskennlinieN-Jfet_svg-tex.pdf, page 2>
Package pdftex.def Info: ./svg-inkscape/EingangskennlinieN-Jfet_svg-tex.pdf , page2 used on input line 58.
(pdftex.def)             Requested size: 117.92288pt x 73.51755pt.
<./svg-inkscape/EingangskennlinieN-Jfet_svg-tex.pdf, id=1185, page=3, 356.6577pt x 222.35826pt>
File: ./svg-inkscape/EingangskennlinieN-Jfet_svg-tex.pdf Graphic file (type pdf)
<use ./svg-inkscape/EingangskennlinieN-Jfet_svg-tex.pdf, page 3>
Package pdftex.def Info: ./svg-inkscape/EingangskennlinieN-Jfet_svg-tex.pdf , page3 used on input line 60.
(pdftex.def)             Requested size: 117.92288pt x 73.51755pt.
)
Package svg Info: Last page of `./svg-inkscape/AusgangskennlinieN-Jfet_svg-tex.pdf' is 3 on input line 2685.
 (./svg-inkscape/AusgangskennlinieN-Jfet_svg-tex.pdf_tex
<./svg-inkscape/AusgangskennlinieN-Jfet_svg-tex.pdf, id=1187, page=1, 349.13634pt x 222.35826pt>
File: ./svg-inkscape/AusgangskennlinieN-Jfet_svg-tex.pdf Graphic file (type pdf)
<use ./svg-inkscape/AusgangskennlinieN-Jfet_svg-tex.pdf, page 1>
Package pdftex.def Info: ./svg-inkscape/AusgangskennlinieN-Jfet_svg-tex.pdf , page1 used on input line 56.
(pdftex.def)             Requested size: 117.92288pt x 75.10204pt.
<./svg-inkscape/AusgangskennlinieN-Jfet_svg-tex.pdf, id=1188, page=2, 349.13634pt x 222.35826pt>
File: ./svg-inkscape/AusgangskennlinieN-Jfet_svg-tex.pdf Graphic file (type pdf)
<use ./svg-inkscape/AusgangskennlinieN-Jfet_svg-tex.pdf, page 2>
Package pdftex.def Info: ./svg-inkscape/AusgangskennlinieN-Jfet_svg-tex.pdf , page2 used on input line 58.
(pdftex.def)             Requested size: 117.92288pt x 75.10204pt.
<./svg-inkscape/AusgangskennlinieN-Jfet_svg-tex.pdf, id=1189, page=3, 349.13634pt x 222.35826pt>
File: ./svg-inkscape/AusgangskennlinieN-Jfet_svg-tex.pdf Graphic file (type pdf)
<use ./svg-inkscape/AusgangskennlinieN-Jfet_svg-tex.pdf, page 3>
Package pdftex.def Info: ./svg-inkscape/AusgangskennlinieN-Jfet_svg-tex.pdf , page3 used on input line 60.
(pdftex.def)             Requested size: 117.92288pt x 75.10204pt.
) (./Tikz/src/PJFET.tex)
Package svg Info: Last page of `./svg-inkscape/EingangskennlinieP-Jfet_svg-tex.pdf' is 3 on input line 2685.
 (./svg-inkscape/EingangskennlinieP-Jfet_svg-tex.pdf_tex
<./svg-inkscape/EingangskennlinieP-Jfet_svg-tex.pdf, id=1191, page=1, 364.85893pt x 222.35826pt>
File: ./svg-inkscape/EingangskennlinieP-Jfet_svg-tex.pdf Graphic file (type pdf)
<use ./svg-inkscape/EingangskennlinieP-Jfet_svg-tex.pdf, page 1>
Package pdftex.def Info: ./svg-inkscape/EingangskennlinieP-Jfet_svg-tex.pdf , page1 used on input line 56.
(pdftex.def)             Requested size: 117.92288pt x 71.8652pt.
<./svg-inkscape/EingangskennlinieP-Jfet_svg-tex.pdf, id=1192, page=2, 364.85893pt x 222.35826pt>
File: ./svg-inkscape/EingangskennlinieP-Jfet_svg-tex.pdf Graphic file (type pdf)
<use ./svg-inkscape/EingangskennlinieP-Jfet_svg-tex.pdf, page 2>
Package pdftex.def Info: ./svg-inkscape/EingangskennlinieP-Jfet_svg-tex.pdf , page2 used on input line 58.
(pdftex.def)             Requested size: 117.92288pt x 71.8652pt.
<./svg-inkscape/EingangskennlinieP-Jfet_svg-tex.pdf, id=1193, page=3, 364.85893pt x 222.35826pt>
File: ./svg-inkscape/EingangskennlinieP-Jfet_svg-tex.pdf Graphic file (type pdf)
<use ./svg-inkscape/EingangskennlinieP-Jfet_svg-tex.pdf, page 3>
Package pdftex.def Info: ./svg-inkscape/EingangskennlinieP-Jfet_svg-tex.pdf , page3 used on input line 60.
(pdftex.def)             Requested size: 117.92288pt x 71.8652pt.
)
Package svg Info: Last page of `./svg-inkscape/AusgangskennlinieP-Jfet_svg-tex.pdf' is 3 on input line 2685.
 (./svg-inkscape/AusgangskennlinieP-Jfet_svg-tex.pdf_tex
<./svg-inkscape/AusgangskennlinieP-Jfet_svg-tex.pdf, id=1195, page=1, 374.86745pt x 222.35826pt>
File: ./svg-inkscape/AusgangskennlinieP-Jfet_svg-tex.pdf Graphic file (type pdf)
<use ./svg-inkscape/AusgangskennlinieP-Jfet_svg-tex.pdf, page 1>
Package pdftex.def Info: ./svg-inkscape/AusgangskennlinieP-Jfet_svg-tex.pdf , page1 used on input line 56.
(pdftex.def)             Requested size: 117.92288pt x 69.94821pt.
<./svg-inkscape/AusgangskennlinieP-Jfet_svg-tex.pdf, id=1196, page=2, 374.86745pt x 222.35826pt>
File: ./svg-inkscape/AusgangskennlinieP-Jfet_svg-tex.pdf Graphic file (type pdf)
<use ./svg-inkscape/AusgangskennlinieP-Jfet_svg-tex.pdf, page 2>
Package pdftex.def Info: ./svg-inkscape/AusgangskennlinieP-Jfet_svg-tex.pdf , page2 used on input line 58.
(pdftex.def)             Requested size: 117.92288pt x 69.94821pt.
<./svg-inkscape/AusgangskennlinieP-Jfet_svg-tex.pdf, id=1197, page=3, 374.86745pt x 222.35826pt>
File: ./svg-inkscape/AusgangskennlinieP-Jfet_svg-tex.pdf Graphic file (type pdf)
<use ./svg-inkscape/AusgangskennlinieP-Jfet_svg-tex.pdf, page 3>
Package pdftex.def Info: ./svg-inkscape/AusgangskennlinieP-Jfet_svg-tex.pdf , page3 used on input line 60.
(pdftex.def)             Requested size: 117.92288pt x 69.94821pt.
) (./Tikz/src/NMOSFETsperrend.tex)
Package svg Info: Last page of `./svg-inkscape/EingangskennlinieN-MosfetSelbstsperrend_svg-tex.pdf' is 3 on input line 2685.
 (./svg-inkscape/EingangskennlinieN-MosfetSelbstsperrend_svg-tex.pdf_tex
<./svg-inkscape/EingangskennlinieN-MosfetSelbstsperrend_svg-tex.pdf, id=1199, page=1, 365.99702pt x 222.35826pt>
File: ./svg-inkscape/EingangskennlinieN-MosfetSelbstsperrend_svg-tex.pdf Graphic file (type pdf)
<use ./svg-inkscape/EingangskennlinieN-MosfetSelbstsperrend_svg-tex.pdf, page 1>
Package pdftex.def Info: ./svg-inkscape/EingangskennlinieN-MosfetSelbstsperrend_svg-tex.pdf , page1 used on input line 56.
(pdftex.def)             Requested size: 117.92288pt x 71.64128pt.
<./svg-inkscape/EingangskennlinieN-MosfetSelbstsperrend_svg-tex.pdf, id=1200, page=2, 365.99702pt x 222.35826pt>
File: ./svg-inkscape/EingangskennlinieN-MosfetSelbstsperrend_svg-tex.pdf Graphic file (type pdf)
<use ./svg-inkscape/EingangskennlinieN-MosfetSelbstsperrend_svg-tex.pdf, page 2>
Package pdftex.def Info: ./svg-inkscape/EingangskennlinieN-MosfetSelbstsperrend_svg-tex.pdf , page2 used on input line 58.
(pdftex.def)             Requested size: 117.92288pt x 71.64128pt.
<./svg-inkscape/EingangskennlinieN-MosfetSelbstsperrend_svg-tex.pdf, id=1201, page=3, 365.99702pt x 222.35826pt>
File: ./svg-inkscape/EingangskennlinieN-MosfetSelbstsperrend_svg-tex.pdf Graphic file (type pdf)
<use ./svg-inkscape/EingangskennlinieN-MosfetSelbstsperrend_svg-tex.pdf, page 3>
Package pdftex.def Info: ./svg-inkscape/EingangskennlinieN-MosfetSelbstsperrend_svg-tex.pdf , page3 used on input line 60.
(pdftex.def)             Requested size: 117.92288pt x 71.64128pt.
)
Package svg Info: Last page of `./svg-inkscape/AusgangskennlinieN-MostfetSelbstsperrend_svg-tex.pdf' is 3 on input line 2685.
 (./svg-inkscape/AusgangskennlinieN-MostfetSelbstsperrend_svg-tex.pdf_tex
<./svg-inkscape/AusgangskennlinieN-MostfetSelbstsperrend_svg-tex.pdf, id=1203, page=1, 349.13634pt x 222.35826pt>
File: ./svg-inkscape/AusgangskennlinieN-MostfetSelbstsperrend_svg-tex.pdf Graphic file (type pdf)
<use ./svg-inkscape/AusgangskennlinieN-MostfetSelbstsperrend_svg-tex.pdf, page 1>
Package pdftex.def Info: ./svg-inkscape/AusgangskennlinieN-MostfetSelbstsperrend_svg-tex.pdf , page1 used on input line 56.
(pdftex.def)             Requested size: 117.92288pt x 75.10204pt.
<./svg-inkscape/AusgangskennlinieN-MostfetSelbstsperrend_svg-tex.pdf, id=1204, page=2, 349.13634pt x 222.35826pt>
File: ./svg-inkscape/AusgangskennlinieN-MostfetSelbstsperrend_svg-tex.pdf Graphic file (type pdf)
<use ./svg-inkscape/AusgangskennlinieN-MostfetSelbstsperrend_svg-tex.pdf, page 2>
Package pdftex.def Info: ./svg-inkscape/AusgangskennlinieN-MostfetSelbstsperrend_svg-tex.pdf , page2 used on input line 58.
(pdftex.def)             Requested size: 117.92288pt x 75.10204pt.
<./svg-inkscape/AusgangskennlinieN-MostfetSelbstsperrend_svg-tex.pdf, id=1205, page=3, 349.13634pt x 222.35826pt>
File: ./svg-inkscape/AusgangskennlinieN-MostfetSelbstsperrend_svg-tex.pdf Graphic file (type pdf)
<use ./svg-inkscape/AusgangskennlinieN-MostfetSelbstsperrend_svg-tex.pdf, page 3>
Package pdftex.def Info: ./svg-inkscape/AusgangskennlinieN-MostfetSelbstsperrend_svg-tex.pdf , page3 used on input line 60.
(pdftex.def)             Requested size: 117.92288pt x 75.10204pt.
) (./Tikz/src/PMOSFETsperrend.tex)
Package svg Info: Last page of `./svg-inkscape/EingangskennlinieP-MosfetSelbstsperrend_svg-tex.pdf' is 3 on input line 2685.
 (./svg-inkscape/EingangskennlinieP-MosfetSelbstsperrend_svg-tex.pdf_tex
<./svg-inkscape/EingangskennlinieP-MosfetSelbstsperrend_svg-tex.pdf, id=1207, page=1, 356.6577pt x 222.35826pt>
File: ./svg-inkscape/EingangskennlinieP-MosfetSelbstsperrend_svg-tex.pdf Graphic file (type pdf)
<use ./svg-inkscape/EingangskennlinieP-MosfetSelbstsperrend_svg-tex.pdf, page 1>
Package pdftex.def Info: ./svg-inkscape/EingangskennlinieP-MosfetSelbstsperrend_svg-tex.pdf , page1 used on input line 56.
(pdftex.def)             Requested size: 117.92288pt x 73.51755pt.
<./svg-inkscape/EingangskennlinieP-MosfetSelbstsperrend_svg-tex.pdf, id=1208, page=2, 356.6577pt x 222.35826pt>
File: ./svg-inkscape/EingangskennlinieP-MosfetSelbstsperrend_svg-tex.pdf Graphic file (type pdf)
<use ./svg-inkscape/EingangskennlinieP-MosfetSelbstsperrend_svg-tex.pdf, page 2>
Package pdftex.def Info: ./svg-inkscape/EingangskennlinieP-MosfetSelbstsperrend_svg-tex.pdf , page2 used on input line 58.
(pdftex.def)             Requested size: 117.92288pt x 73.51755pt.
<./svg-inkscape/EingangskennlinieP-MosfetSelbstsperrend_svg-tex.pdf, id=1209, page=3, 356.6577pt x 222.35826pt>
File: ./svg-inkscape/EingangskennlinieP-MosfetSelbstsperrend_svg-tex.pdf Graphic file (type pdf)
<use ./svg-inkscape/EingangskennlinieP-MosfetSelbstsperrend_svg-tex.pdf, page 3>
Package pdftex.def Info: ./svg-inkscape/EingangskennlinieP-MosfetSelbstsperrend_svg-tex.pdf , page3 used on input line 60.
(pdftex.def)             Requested size: 117.92288pt x 73.51755pt.
)
Package svg Info: Last page of `./svg-inkscape/AusgangskennlinieP-MosfetSelbstsperrend_svg-tex.pdf' is 3 on input line 2685.
 (./svg-inkscape/AusgangskennlinieP-MosfetSelbstsperrend_svg-tex.pdf_tex
<./svg-inkscape/AusgangskennlinieP-MosfetSelbstsperrend_svg-tex.pdf, id=1211, page=1, 374.86745pt x 222.35826pt>
File: ./svg-inkscape/AusgangskennlinieP-MosfetSelbstsperrend_svg-tex.pdf Graphic file (type pdf)
<use ./svg-inkscape/AusgangskennlinieP-MosfetSelbstsperrend_svg-tex.pdf, page 1>
Package pdftex.def Info: ./svg-inkscape/AusgangskennlinieP-MosfetSelbstsperrend_svg-tex.pdf , page1 used on input line 56.
(pdftex.def)             Requested size: 117.92288pt x 69.94821pt.
<./svg-inkscape/AusgangskennlinieP-MosfetSelbstsperrend_svg-tex.pdf, id=1212, page=2, 374.86745pt x 222.35826pt>
File: ./svg-inkscape/AusgangskennlinieP-MosfetSelbstsperrend_svg-tex.pdf Graphic file (type pdf)
<use ./svg-inkscape/AusgangskennlinieP-MosfetSelbstsperrend_svg-tex.pdf, page 2>
Package pdftex.def Info: ./svg-inkscape/AusgangskennlinieP-MosfetSelbstsperrend_svg-tex.pdf , page2 used on input line 58.
(pdftex.def)             Requested size: 117.92288pt x 69.94821pt.
<./svg-inkscape/AusgangskennlinieP-MosfetSelbstsperrend_svg-tex.pdf, id=1213, page=3, 374.86745pt x 222.35826pt>
File: ./svg-inkscape/AusgangskennlinieP-MosfetSelbstsperrend_svg-tex.pdf Graphic file (type pdf)
<use ./svg-inkscape/AusgangskennlinieP-MosfetSelbstsperrend_svg-tex.pdf, page 3>
Package pdftex.def Info: ./svg-inkscape/AusgangskennlinieP-MosfetSelbstsperrend_svg-tex.pdf , page3 used on input line 60.
(pdftex.def)             Requested size: 117.92288pt x 69.94821pt.
) (./Tikz/src/NMOSFETleitend.tex)
Package svg Info: Last page of `./svg-inkscape/EingangskennlinieN-MosfetSelbstleitend_svg-tex.pdf' is 3 on input line 2685.
 (./svg-inkscape/EingangskennlinieN-MosfetSelbstleitend_svg-tex.pdf_tex
<./svg-inkscape/EingangskennlinieN-MosfetSelbstleitend_svg-tex.pdf, id=1215, page=1, 356.6577pt x 222.35826pt>
File: ./svg-inkscape/EingangskennlinieN-MosfetSelbstleitend_svg-tex.pdf Graphic file (type pdf)
<use ./svg-inkscape/EingangskennlinieN-MosfetSelbstleitend_svg-tex.pdf, page 1>
Package pdftex.def Info: ./svg-inkscape/EingangskennlinieN-MosfetSelbstleitend_svg-tex.pdf , page1 used on input line 56.
(pdftex.def)             Requested size: 117.92288pt x 73.51755pt.
<./svg-inkscape/EingangskennlinieN-MosfetSelbstleitend_svg-tex.pdf, id=1216, page=2, 356.6577pt x 222.35826pt>
File: ./svg-inkscape/EingangskennlinieN-MosfetSelbstleitend_svg-tex.pdf Graphic file (type pdf)
<use ./svg-inkscape/EingangskennlinieN-MosfetSelbstleitend_svg-tex.pdf, page 2>
Package pdftex.def Info: ./svg-inkscape/EingangskennlinieN-MosfetSelbstleitend_svg-tex.pdf , page2 used on input line 58.
(pdftex.def)             Requested size: 117.92288pt x 73.51755pt.
<./svg-inkscape/EingangskennlinieN-MosfetSelbstleitend_svg-tex.pdf, id=1217, page=3, 356.6577pt x 222.35826pt>
File: ./svg-inkscape/EingangskennlinieN-MosfetSelbstleitend_svg-tex.pdf Graphic file (type pdf)
<use ./svg-inkscape/EingangskennlinieN-MosfetSelbstleitend_svg-tex.pdf, page 3>
Package pdftex.def Info: ./svg-inkscape/EingangskennlinieN-MosfetSelbstleitend_svg-tex.pdf , page3 used on input line 60.
(pdftex.def)             Requested size: 117.92288pt x 73.51755pt.
)
Package svg Info: Last page of `./svg-inkscape/AusgangskennlinieN-MosfetSelbstleitend_svg-tex.pdf' is 3 on input line 2685.
 (./svg-inkscape/AusgangskennlinieN-MosfetSelbstleitend_svg-tex.pdf_tex
<./svg-inkscape/AusgangskennlinieN-MosfetSelbstleitend_svg-tex.pdf, id=1219, page=1, 349.13634pt x 222.35826pt>
File: ./svg-inkscape/AusgangskennlinieN-MosfetSelbstleitend_svg-tex.pdf Graphic file (type pdf)
<use ./svg-inkscape/AusgangskennlinieN-MosfetSelbstleitend_svg-tex.pdf, page 1>
Package pdftex.def Info: ./svg-inkscape/AusgangskennlinieN-MosfetSelbstleitend_svg-tex.pdf , page1 used on input line 56.
(pdftex.def)             Requested size: 117.92288pt x 75.10204pt.
<./svg-inkscape/AusgangskennlinieN-MosfetSelbstleitend_svg-tex.pdf, id=1220, page=2, 349.13634pt x 222.35826pt>
File: ./svg-inkscape/AusgangskennlinieN-MosfetSelbstleitend_svg-tex.pdf Graphic file (type pdf)
<use ./svg-inkscape/AusgangskennlinieN-MosfetSelbstleitend_svg-tex.pdf, page 2>
Package pdftex.def Info: ./svg-inkscape/AusgangskennlinieN-MosfetSelbstleitend_svg-tex.pdf , page2 used on input line 58.
(pdftex.def)             Requested size: 117.92288pt x 75.10204pt.
<./svg-inkscape/AusgangskennlinieN-MosfetSelbstleitend_svg-tex.pdf, id=1221, page=3, 349.13634pt x 222.35826pt>
File: ./svg-inkscape/AusgangskennlinieN-MosfetSelbstleitend_svg-tex.pdf Graphic file (type pdf)
<use ./svg-inkscape/AusgangskennlinieN-MosfetSelbstleitend_svg-tex.pdf, page 3>
Package pdftex.def Info: ./svg-inkscape/AusgangskennlinieN-MosfetSelbstleitend_svg-tex.pdf , page3 used on input line 60.
(pdftex.def)             Requested size: 117.92288pt x 75.10204pt.
) (./Tikz/src/PMOSFETleitend.tex)
Package svg Info: Last page of `./svg-inkscape/EingangskennlinieP-MosfetSelbstleitend_svg-tex.pdf' is 3 on input line 2685.
 (./svg-inkscape/EingangskennlinieP-MosfetSelbstleitend_svg-tex.pdf_tex
<./svg-inkscape/EingangskennlinieP-MosfetSelbstleitend_svg-tex.pdf, id=1223, page=1, 356.6577pt x 222.35826pt>
File: ./svg-inkscape/EingangskennlinieP-MosfetSelbstleitend_svg-tex.pdf Graphic file (type pdf)
<use ./svg-inkscape/EingangskennlinieP-MosfetSelbstleitend_svg-tex.pdf, page 1>
Package pdftex.def Info: ./svg-inkscape/EingangskennlinieP-MosfetSelbstleitend_svg-tex.pdf , page1 used on input line 56.
(pdftex.def)             Requested size: 117.92288pt x 73.51755pt.
<./svg-inkscape/EingangskennlinieP-MosfetSelbstleitend_svg-tex.pdf, id=1224, page=2, 356.6577pt x 222.35826pt>
File: ./svg-inkscape/EingangskennlinieP-MosfetSelbstleitend_svg-tex.pdf Graphic file (type pdf)
<use ./svg-inkscape/EingangskennlinieP-MosfetSelbstleitend_svg-tex.pdf, page 2>
Package pdftex.def Info: ./svg-inkscape/EingangskennlinieP-MosfetSelbstleitend_svg-tex.pdf , page2 used on input line 58.
(pdftex.def)             Requested size: 117.92288pt x 73.51755pt.
<./svg-inkscape/EingangskennlinieP-MosfetSelbstleitend_svg-tex.pdf, id=1225, page=3, 356.6577pt x 222.35826pt>
File: ./svg-inkscape/EingangskennlinieP-MosfetSelbstleitend_svg-tex.pdf Graphic file (type pdf)
<use ./svg-inkscape/EingangskennlinieP-MosfetSelbstleitend_svg-tex.pdf, page 3>
Package pdftex.def Info: ./svg-inkscape/EingangskennlinieP-MosfetSelbstleitend_svg-tex.pdf , page3 used on input line 60.
(pdftex.def)             Requested size: 117.92288pt x 73.51755pt.
)
Package svg Info: Last page of `./svg-inkscape/AusgangskennlinieP-MosfetSelbstleitend_svg-tex.pdf' is 3 on input line 2685.
 (./svg-inkscape/AusgangskennlinieP-MosfetSelbstleitend_svg-tex.pdf_tex
<./svg-inkscape/AusgangskennlinieP-MosfetSelbstleitend_svg-tex.pdf, id=1227, page=1, 374.86745pt x 222.35826pt>
File: ./svg-inkscape/AusgangskennlinieP-MosfetSelbstleitend_svg-tex.pdf Graphic file (type pdf)
<use ./svg-inkscape/AusgangskennlinieP-MosfetSelbstleitend_svg-tex.pdf, page 1>
Package pdftex.def Info: ./svg-inkscape/AusgangskennlinieP-MosfetSelbstleitend_svg-tex.pdf , page1 used on input line 56.
(pdftex.def)             Requested size: 117.92288pt x 69.94821pt.
<./svg-inkscape/AusgangskennlinieP-MosfetSelbstleitend_svg-tex.pdf, id=1228, page=2, 374.86745pt x 222.35826pt>
File: ./svg-inkscape/AusgangskennlinieP-MosfetSelbstleitend_svg-tex.pdf Graphic file (type pdf)
<use ./svg-inkscape/AusgangskennlinieP-MosfetSelbstleitend_svg-tex.pdf, page 2>
Package pdftex.def Info: ./svg-inkscape/AusgangskennlinieP-MosfetSelbstleitend_svg-tex.pdf , page2 used on input line 58.
(pdftex.def)             Requested size: 117.92288pt x 69.94821pt.
<./svg-inkscape/AusgangskennlinieP-MosfetSelbstleitend_svg-tex.pdf, id=1229, page=3, 374.86745pt x 222.35826pt>
File: ./svg-inkscape/AusgangskennlinieP-MosfetSelbstleitend_svg-tex.pdf Graphic file (type pdf)
<use ./svg-inkscape/AusgangskennlinieP-MosfetSelbstleitend_svg-tex.pdf, page 3>
Package pdftex.def Info: ./svg-inkscape/AusgangskennlinieP-MosfetSelbstleitend_svg-tex.pdf , page3 used on input line 60.
(pdftex.def)             Requested size: 117.92288pt x 69.94821pt.
) [33 <./svg-inkscape/Ausgangskennlinienfeldn-KanalMOSFET_svg-tex.pdf> <./svg-inkscape/Ausgangskennlinienfeldn-KanalMOSFET_svg-tex.pdf

pdfTeX warning: pdflatex (file ./svg-inkscape/Ausgangskennlinienfeldn-KanalMOSFET_svg-tex.pdf): PDF inclusion: multiple pdfs with page group included in a single page
> <./svg-inkscape/SaettigungsbereichN-KanalMOSFET_svg-tex.pdf

pdfTeX warning: pdflatex (file ./svg-inkscape/SaettigungsbereichN-KanalMOSFET_svg-tex.pdf): PDF inclusion: multiple pdfs with page group included in a single page
> <./svg-inkscape/SaettigungsbereichN-KanalMOSFET_svg-tex.pdf

pdfTeX warning: pdflatex (file ./svg-inkscape/SaettigungsbereichN-KanalMOSFET_svg-tex.pdf): PDF inclusion: multiple pdfs with page group included in a single page
> <./svg-inkscape/SaettigungsbereichN-KanalMOSFET_svg-tex.pdf

pdfTeX warning: pdflatex (file ./svg-inkscape/SaettigungsbereichN-KanalMOSFET_svg-tex.pdf): PDF inclusion: multiple pdfs with page group included in a single page
> <./svg-inkscape/SaettigungsbereichN-KanalMOSFET_svg-tex.pdf

pdfTeX warning: pdflatex (file ./svg-inkscape/SaettigungsbereichN-KanalMOSFET_svg-tex.pdf): PDF inclusion: multiple pdfs with page group included in a single page
> <./svg-inkscape/SaettigungsbereichN-KanalMOSFET_svg-tex.pdf

pdfTeX warning: pdflatex (file ./svg-inkscape/SaettigungsbereichN-KanalMOSFET_svg-tex.pdf): PDF inclusion: multiple pdfs with page group included in a single page
> <./svg-inkscape/SaettigungsbereichN-KanalMOSFET_svg-tex.pdf

pdfTeX warning: pdflatex (file ./svg-inkscape/SaettigungsbereichN-KanalMOSFET_svg-tex.pdf): PDF inclusion: multiple pdfs with page group included in a single page
>]
Overfull \vbox (8.20862pt too high) has occurred while \output is active []

 [34 <./svg-inkscape/EingangskennlinieN-Jfet_svg-tex.pdf> <./svg-inkscape/EingangskennlinieN-Jfet_svg-tex.pdf

pdfTeX warning: pdflatex (file ./svg-inkscape/EingangskennlinieN-Jfet_svg-tex.pdf): PDF inclusion: multiple pdfs with page group included in a single page
> <./svg-inkscape/EingangskennlinieN-Jfet_svg-tex.pdf

pdfTeX warning: pdflatex (file ./svg-inkscape/EingangskennlinieN-Jfet_svg-tex.pdf): PDF inclusion: multiple pdfs with page group included in a single page
> <./svg-inkscape/AusgangskennlinieN-Jfet_svg-tex.pdf

pdfTeX warning: pdflatex (file ./svg-inkscape/AusgangskennlinieN-Jfet_svg-tex.pdf): PDF inclusion: multiple pdfs with page group included in a single page
> <./svg-inkscape/AusgangskennlinieN-Jfet_svg-tex.pdf

pdfTeX warning: pdflatex (file ./svg-inkscape/AusgangskennlinieN-Jfet_svg-tex.pdf): PDF inclusion: multiple pdfs with page group included in a single page
> <./svg-inkscape/AusgangskennlinieN-Jfet_svg-tex.pdf

pdfTeX warning: pdflatex (file ./svg-inkscape/AusgangskennlinieN-Jfet_svg-tex.pdf): PDF inclusion: multiple pdfs with page group included in a single page
> <./svg-inkscape/EingangskennlinieP-Jfet_svg-tex.pdf

pdfTeX warning: pdflatex (file ./svg-inkscape/EingangskennlinieP-Jfet_svg-tex.pdf): PDF inclusion: multiple pdfs with page group included in a single page
> <./svg-inkscape/EingangskennlinieP-Jfet_svg-tex.pdf

pdfTeX warning: pdflatex (file ./svg-inkscape/EingangskennlinieP-Jfet_svg-tex.pdf): PDF inclusion: multiple pdfs with page group included in a single page
> <./svg-inkscape/EingangskennlinieP-Jfet_svg-tex.pdf

pdfTeX warning: pdflatex (file ./svg-inkscape/EingangskennlinieP-Jfet_svg-tex.pdf): PDF inclusion: multiple pdfs with page group included in a single page
> <./svg-inkscape/AusgangskennlinieP-Jfet_svg-tex.pdf

pdfTeX warning: pdflatex (file ./svg-inkscape/AusgangskennlinieP-Jfet_svg-tex.pdf): PDF inclusion: multiple pdfs with page group included in a single page
> <./svg-inkscape/AusgangskennlinieP-Jfet_svg-tex.pdf

pdfTeX warning: pdflatex (file ./svg-inkscape/AusgangskennlinieP-Jfet_svg-tex.pdf): PDF inclusion: multiple pdfs with page group included in a single page
> <./svg-inkscape/AusgangskennlinieP-Jfet_svg-tex.pdf

pdfTeX warning: pdflatex (file ./svg-inkscape/AusgangskennlinieP-Jfet_svg-tex.pdf): PDF inclusion: multiple pdfs with page group included in a single page
> <./svg-inkscape/EingangskennlinieN-MosfetSelbstsperrend_svg-tex.pdf

pdfTeX warning: pdflatex (file ./svg-inkscape/EingangskennlinieN-MosfetSelbstsperrend_svg-tex.pdf): PDF inclusion: multiple pdfs with page group included in a single page
> <./svg-inkscape/EingangskennlinieN-MosfetSelbstsperrend_svg-tex.pdf

pdfTeX warning: pdflatex (file ./svg-inkscape/EingangskennlinieN-MosfetSelbstsperrend_svg-tex.pdf): PDF inclusion: multiple pdfs with page group included in a single page
> <./svg-inkscape/EingangskennlinieN-MosfetSelbstsperrend_svg-tex.pdf

pdfTeX warning: pdflatex (file ./svg-inkscape/EingangskennlinieN-MosfetSelbstsperrend_svg-tex.pdf): PDF inclusion: multiple pdfs with page group included in a single page
> <./svg-inkscape/AusgangskennlinieN-MostfetSelbstsperrend_svg-tex.pdf

pdfTeX warning: pdflatex (file ./svg-inkscape/AusgangskennlinieN-MostfetSelbstsperrend_svg-tex.pdf): PDF inclusion: multiple pdfs with page group included in a single page
> <./svg-inkscape/AusgangskennlinieN-MostfetSelbstsperrend_svg-tex.pdf

pdfTeX warning: pdflatex (file ./svg-inkscape/AusgangskennlinieN-MostfetSelbstsperrend_svg-tex.pdf): PDF inclusion: multiple pdfs with page group included in a single page
> <./svg-inkscape/AusgangskennlinieN-MostfetSelbstsperrend_svg-tex.pdf

pdfTeX warning: pdflatex (file ./svg-inkscape/AusgangskennlinieN-MostfetSelbstsperrend_svg-tex.pdf): PDF inclusion: multiple pdfs with page group included in a single page
> <./svg-inkscape/EingangskennlinieP-MosfetSelbstsperrend_svg-tex.pdf

pdfTeX warning: pdflatex (file ./svg-inkscape/EingangskennlinieP-MosfetSelbstsperrend_svg-tex.pdf): PDF inclusion: multiple pdfs with page group included in a single page
> <./svg-inkscape/EingangskennlinieP-MosfetSelbstsperrend_svg-tex.pdf

pdfTeX warning: pdflatex (file ./svg-inkscape/EingangskennlinieP-MosfetSelbstsperrend_svg-tex.pdf): PDF inclusion: multiple pdfs with page group included in a single page
> <./svg-inkscape/EingangskennlinieP-MosfetSelbstsperrend_svg-tex.pdf

pdfTeX warning: pdflatex (file ./svg-inkscape/EingangskennlinieP-MosfetSelbstsperrend_svg-tex.pdf): PDF inclusion: multiple pdfs with page group included in a single page
> <./svg-inkscape/AusgangskennlinieP-MosfetSelbstsperrend_svg-tex.pdf

pdfTeX warning: pdflatex (file ./svg-inkscape/AusgangskennlinieP-MosfetSelbstsperrend_svg-tex.pdf): PDF inclusion: multiple pdfs with page group included in a single page
> <./svg-inkscape/AusgangskennlinieP-MosfetSelbstsperrend_svg-tex.pdf

pdfTeX warning: pdflatex (file ./svg-inkscape/AusgangskennlinieP-MosfetSelbstsperrend_svg-tex.pdf): PDF inclusion: multiple pdfs with page group included in a single page
> <./svg-inkscape/AusgangskennlinieP-MosfetSelbstsperrend_svg-tex.pdf

pdfTeX warning: pdflatex (file ./svg-inkscape/AusgangskennlinieP-MosfetSelbstsperrend_svg-tex.pdf): PDF inclusion: multiple pdfs with page group included in a single page
> <./svg-inkscape/EingangskennlinieN-MosfetSelbstleitend_svg-tex.pdf

pdfTeX warning: pdflatex (file ./svg-inkscape/EingangskennlinieN-MosfetSelbstleitend_svg-tex.pdf): PDF inclusion: multiple pdfs with page group included in a single page
> <./svg-inkscape/EingangskennlinieN-MosfetSelbstleitend_svg-tex.pdf

pdfTeX warning: pdflatex (file ./svg-inkscape/EingangskennlinieN-MosfetSelbstleitend_svg-tex.pdf): PDF inclusion: multiple pdfs with page group included in a single page
> <./svg-inkscape/EingangskennlinieN-MosfetSelbstleitend_svg-tex.pdf

pdfTeX warning: pdflatex (file ./svg-inkscape/EingangskennlinieN-MosfetSelbstleitend_svg-tex.pdf): PDF inclusion: multiple pdfs with page group included in a single page
> <./svg-inkscape/AusgangskennlinieN-MosfetSelbstleitend_svg-tex.pdf

pdfTeX warning: pdflatex (file ./svg-inkscape/AusgangskennlinieN-MosfetSelbstleitend_svg-tex.pdf): PDF inclusion: multiple pdfs with page group included in a single page
> <./svg-inkscape/AusgangskennlinieN-MosfetSelbstleitend_svg-tex.pdf

pdfTeX warning: pdflatex (file ./svg-inkscape/AusgangskennlinieN-MosfetSelbstleitend_svg-tex.pdf): PDF inclusion: multiple pdfs with page group included in a single page
> <./svg-inkscape/AusgangskennlinieN-MosfetSelbstleitend_svg-tex.pdf

pdfTeX warning: pdflatex (file ./svg-inkscape/AusgangskennlinieN-MosfetSelbstleitend_svg-tex.pdf): PDF inclusion: multiple pdfs with page group included in a single page
> <./svg-inkscape/EingangskennlinieP-MosfetSelbstleitend_svg-tex.pdf

pdfTeX warning: pdflatex (file ./svg-inkscape/EingangskennlinieP-MosfetSelbstleitend_svg-tex.pdf): PDF inclusion: multiple pdfs with page group included in a single page
> <./svg-inkscape/EingangskennlinieP-MosfetSelbstleitend_svg-tex.pdf

pdfTeX warning: pdflatex (file ./svg-inkscape/EingangskennlinieP-MosfetSelbstleitend_svg-tex.pdf): PDF inclusion: multiple pdfs with page group included in a single page
> <./svg-inkscape/EingangskennlinieP-MosfetSelbstleitend_svg-tex.pdf

pdfTeX warning: pdflatex (file ./svg-inkscape/EingangskennlinieP-MosfetSelbstleitend_svg-tex.pdf): PDF inclusion: multiple pdfs with page group included in a single page
> <./svg-inkscape/AusgangskennlinieP-MosfetSelbstleitend_svg-tex.pdf

pdfTeX warning: pdflatex (file ./svg-inkscape/AusgangskennlinieP-MosfetSelbstleitend_svg-tex.pdf): PDF inclusion: multiple pdfs with page group included in a single page
> <./svg-inkscape/AusgangskennlinieP-MosfetSelbstleitend_svg-tex.pdf

pdfTeX warning: pdflatex (file ./svg-inkscape/AusgangskennlinieP-MosfetSelbstleitend_svg-tex.pdf): PDF inclusion: multiple pdfs with page group included in a single page
> <./svg-inkscape/AusgangskennlinieP-MosfetSelbstleitend_svg-tex.pdf

pdfTeX warning: pdflatex (file ./svg-inkscape/AusgangskennlinieP-MosfetSelbstleitend_svg-tex.pdf): PDF inclusion: multiple pdfs with page group included in a single page
>]
Package svg Info: Last page of `./svg-inkscape/QuerschnittCMOSStruktur_svg-tex.pdf' is 8 on input line 2765.
 (./svg-inkscape/QuerschnittCMOSStruktur_svg-tex.pdf_tex
<./svg-inkscape/QuerschnittCMOSStruktur_svg-tex.pdf, id=1266, page=1, 669.20554pt x 233.31226pt>
File: ./svg-inkscape/QuerschnittCMOSStruktur_svg-tex.pdf Graphic file (type pdf)
<use ./svg-inkscape/QuerschnittCMOSStruktur_svg-tex.pdf, page 1>
Package pdftex.def Info: ./svg-inkscape/QuerschnittCMOSStruktur_svg-tex.pdf , page1 used on input line 56.
(pdftex.def)             Requested size: 334.60274pt x 116.65584pt.
<./svg-inkscape/QuerschnittCMOSStruktur_svg-tex.pdf, id=1267, page=2, 669.20554pt x 233.31226pt>
File: ./svg-inkscape/QuerschnittCMOSStruktur_svg-tex.pdf Graphic file (type pdf)
<use ./svg-inkscape/QuerschnittCMOSStruktur_svg-tex.pdf, page 2>
Package pdftex.def Info: ./svg-inkscape/QuerschnittCMOSStruktur_svg-tex.pdf , page2 used on input line 58.
(pdftex.def)             Requested size: 334.60274pt x 116.65584pt.
<./svg-inkscape/QuerschnittCMOSStruktur_svg-tex.pdf, id=1268, page=3, 669.20554pt x 233.31226pt>
File: ./svg-inkscape/QuerschnittCMOSStruktur_svg-tex.pdf Graphic file (type pdf)
<use ./svg-inkscape/QuerschnittCMOSStruktur_svg-tex.pdf, page 3>
Package pdftex.def Info: ./svg-inkscape/QuerschnittCMOSStruktur_svg-tex.pdf , page3 used on input line 65.
(pdftex.def)             Requested size: 334.60274pt x 116.65584pt.
<./svg-inkscape/QuerschnittCMOSStruktur_svg-tex.pdf, id=1269, page=4, 669.20554pt x 233.31226pt>
File: ./svg-inkscape/QuerschnittCMOSStruktur_svg-tex.pdf Graphic file (type pdf)
<use ./svg-inkscape/QuerschnittCMOSStruktur_svg-tex.pdf, page 4>
Package pdftex.def Info: ./svg-inkscape/QuerschnittCMOSStruktur_svg-tex.pdf , page4 used on input line 67.
(pdftex.def)             Requested size: 334.60274pt x 116.65584pt.
<./svg-inkscape/QuerschnittCMOSStruktur_svg-tex.pdf, id=1270, page=5, 669.20554pt x 233.31226pt>
File: ./svg-inkscape/QuerschnittCMOSStruktur_svg-tex.pdf Graphic file (type pdf)
<use ./svg-inkscape/QuerschnittCMOSStruktur_svg-tex.pdf, page 5>
Package pdftex.def Info: ./svg-inkscape/QuerschnittCMOSStruktur_svg-tex.pdf , page5 used on input line 71.
(pdftex.def)             Requested size: 334.60274pt x 116.65584pt.
<./svg-inkscape/QuerschnittCMOSStruktur_svg-tex.pdf, id=1271, page=6, 669.20554pt x 233.31226pt>
File: ./svg-inkscape/QuerschnittCMOSStruktur_svg-tex.pdf Graphic file (type pdf)
<use ./svg-inkscape/QuerschnittCMOSStruktur_svg-tex.pdf, page 6>
Package pdftex.def Info: ./svg-inkscape/QuerschnittCMOSStruktur_svg-tex.pdf , page6 used on input line 74.
(pdftex.def)             Requested size: 334.60274pt x 116.65584pt.
<./svg-inkscape/QuerschnittCMOSStruktur_svg-tex.pdf, id=1272, page=7, 669.20554pt x 233.31226pt>
File: ./svg-inkscape/QuerschnittCMOSStruktur_svg-tex.pdf Graphic file (type pdf)
<use ./svg-inkscape/QuerschnittCMOSStruktur_svg-tex.pdf, page 7>
Package pdftex.def Info: ./svg-inkscape/QuerschnittCMOSStruktur_svg-tex.pdf , page7 used on input line 76.
(pdftex.def)             Requested size: 334.60274pt x 116.65584pt.
<./svg-inkscape/QuerschnittCMOSStruktur_svg-tex.pdf, id=1273, page=8, 669.20554pt x 233.31226pt>
File: ./svg-inkscape/QuerschnittCMOSStruktur_svg-tex.pdf Graphic file (type pdf)
<use ./svg-inkscape/QuerschnittCMOSStruktur_svg-tex.pdf, page 8>
Package pdftex.def Info: ./svg-inkscape/QuerschnittCMOSStruktur_svg-tex.pdf , page8 used on input line 79.
(pdftex.def)             Requested size: 334.60274pt x 116.65584pt.
)
Package svg Info: Last page of `./svg-inkscape/QuerschnittN-KanalJFET_svg-tex.pdf' is 8 on input line 2765.
 (./svg-inkscape/QuerschnittN-KanalJFET_svg-tex.pdf_tex
<./svg-inkscape/QuerschnittN-KanalJFET_svg-tex.pdf, id=1275, page=1, 551.8599pt x 284.66467pt>
File: ./svg-inkscape/QuerschnittN-KanalJFET_svg-tex.pdf Graphic file (type pdf)
<use ./svg-inkscape/QuerschnittN-KanalJFET_svg-tex.pdf, page 1>
Package pdftex.def Info: ./svg-inkscape/QuerschnittN-KanalJFET_svg-tex.pdf , page1 used on input line 56.
(pdftex.def)             Requested size: 275.92993pt x 142.33199pt.
<./svg-inkscape/QuerschnittN-KanalJFET_svg-tex.pdf, id=1276, page=2, 551.8599pt x 284.66467pt>
File: ./svg-inkscape/QuerschnittN-KanalJFET_svg-tex.pdf Graphic file (type pdf)
<use ./svg-inkscape/QuerschnittN-KanalJFET_svg-tex.pdf, page 2>
Package pdftex.def Info: ./svg-inkscape/QuerschnittN-KanalJFET_svg-tex.pdf , page2 used on input line 58.
(pdftex.def)             Requested size: 275.92993pt x 142.33199pt.
<./svg-inkscape/QuerschnittN-KanalJFET_svg-tex.pdf, id=1277, page=3, 551.8599pt x 284.66467pt>
File: ./svg-inkscape/QuerschnittN-KanalJFET_svg-tex.pdf Graphic file (type pdf)
<use ./svg-inkscape/QuerschnittN-KanalJFET_svg-tex.pdf, page 3>
Package pdftex.def Info: ./svg-inkscape/QuerschnittN-KanalJFET_svg-tex.pdf , page3 used on input line 60.
(pdftex.def)             Requested size: 275.92993pt x 142.33199pt.
<./svg-inkscape/QuerschnittN-KanalJFET_svg-tex.pdf, id=1278, page=4, 551.8599pt x 284.66467pt>
File: ./svg-inkscape/QuerschnittN-KanalJFET_svg-tex.pdf Graphic file (type pdf)
<use ./svg-inkscape/QuerschnittN-KanalJFET_svg-tex.pdf, page 4>
Package pdftex.def Info: ./svg-inkscape/QuerschnittN-KanalJFET_svg-tex.pdf , page4 used on input line 62.
(pdftex.def)             Requested size: 275.92993pt x 142.33199pt.
<./svg-inkscape/QuerschnittN-KanalJFET_svg-tex.pdf, id=1279, page=5, 551.8599pt x 284.66467pt>
File: ./svg-inkscape/QuerschnittN-KanalJFET_svg-tex.pdf Graphic file (type pdf)
<use ./svg-inkscape/QuerschnittN-KanalJFET_svg-tex.pdf, page 5>
Package pdftex.def Info: ./svg-inkscape/QuerschnittN-KanalJFET_svg-tex.pdf , page5 used on input line 64.
(pdftex.def)             Requested size: 275.92993pt x 142.33199pt.
<./svg-inkscape/QuerschnittN-KanalJFET_svg-tex.pdf, id=1280, page=6, 551.8599pt x 284.66467pt>
File: ./svg-inkscape/QuerschnittN-KanalJFET_svg-tex.pdf Graphic file (type pdf)
<use ./svg-inkscape/QuerschnittN-KanalJFET_svg-tex.pdf, page 6>
Package pdftex.def Info: ./svg-inkscape/QuerschnittN-KanalJFET_svg-tex.pdf , page6 used on input line 66.
(pdftex.def)             Requested size: 275.92993pt x 142.33199pt.
<./svg-inkscape/QuerschnittN-KanalJFET_svg-tex.pdf, id=1281, page=7, 551.8599pt x 284.66467pt>
File: ./svg-inkscape/QuerschnittN-KanalJFET_svg-tex.pdf Graphic file (type pdf)
<use ./svg-inkscape/QuerschnittN-KanalJFET_svg-tex.pdf, page 7>
Package pdftex.def Info: ./svg-inkscape/QuerschnittN-KanalJFET_svg-tex.pdf , page7 used on input line 70.
(pdftex.def)             Requested size: 275.92993pt x 142.33199pt.
<./svg-inkscape/QuerschnittN-KanalJFET_svg-tex.pdf, id=1282, page=8, 551.8599pt x 284.66467pt>
File: ./svg-inkscape/QuerschnittN-KanalJFET_svg-tex.pdf Graphic file (type pdf)
<use ./svg-inkscape/QuerschnittN-KanalJFET_svg-tex.pdf, page 8>
Package pdftex.def Info: ./svg-inkscape/QuerschnittN-KanalJFET_svg-tex.pdf , page8 used on input line 72.
(pdftex.def)             Requested size: 275.92993pt x 142.33199pt.
) [35 <./svg-inkscape/QuerschnittCMOSStruktur_svg-tex.pdf> <./svg-inkscape/QuerschnittCMOSStruktur_svg-tex.pdf

pdfTeX warning: pdflatex (file ./svg-inkscape/QuerschnittCMOSStruktur_svg-tex.pdf): PDF inclusion: multiple pdfs with page group included in a single page
> <./svg-inkscape/QuerschnittCMOSStruktur_svg-tex.pdf

pdfTeX warning: pdflatex (file ./svg-inkscape/QuerschnittCMOSStruktur_svg-tex.pdf): PDF inclusion: multiple pdfs with page group included in a single page
> <./svg-inkscape/QuerschnittCMOSStruktur_svg-tex.pdf

pdfTeX warning: pdflatex (file ./svg-inkscape/QuerschnittCMOSStruktur_svg-tex.pdf): PDF inclusion: multiple pdfs with page group included in a single page
> <./svg-inkscape/QuerschnittCMOSStruktur_svg-tex.pdf

pdfTeX warning: pdflatex (file ./svg-inkscape/QuerschnittCMOSStruktur_svg-tex.pdf): PDF inclusion: multiple pdfs with page group included in a single page
> <./svg-inkscape/QuerschnittCMOSStruktur_svg-tex.pdf

pdfTeX warning: pdflatex (file ./svg-inkscape/QuerschnittCMOSStruktur_svg-tex.pdf): PDF inclusion: multiple pdfs with page group included in a single page
> <./svg-inkscape/QuerschnittCMOSStruktur_svg-tex.pdf

pdfTeX warning: pdflatex (file ./svg-inkscape/QuerschnittCMOSStruktur_svg-tex.pdf): PDF inclusion: multiple pdfs with page group included in a single page
> <./svg-inkscape/QuerschnittCMOSStruktur_svg-tex.pdf

pdfTeX warning: pdflatex (file ./svg-inkscape/QuerschnittCMOSStruktur_svg-tex.pdf): PDF inclusion: multiple pdfs with page group included in a single page
>] (./Tikz/src/MosfetAlsSteuerbarerWiderstand_1.tex
\absvshift=\dimen408
\absvshift=\dimen409
) (./Tikz/src/MosfetAlsSteuerbarerWiderstand_2.tex
\absvshift=\dimen410
) [36 <./svg-inkscape/QuerschnittN-KanalJFET_svg-tex.pdf> <./svg-inkscape/QuerschnittN-KanalJFET_svg-tex.pdf

pdfTeX warning: pdflatex (file ./svg-inkscape/QuerschnittN-KanalJFET_svg-tex.pdf): PDF inclusion: multiple pdfs with page group included in a single page
> <./svg-inkscape/QuerschnittN-KanalJFET_svg-tex.pdf

pdfTeX warning: pdflatex (file ./svg-inkscape/QuerschnittN-KanalJFET_svg-tex.pdf): PDF inclusion: multiple pdfs with page group included in a single page
> <./svg-inkscape/QuerschnittN-KanalJFET_svg-tex.pdf

pdfTeX warning: pdflatex (file ./svg-inkscape/QuerschnittN-KanalJFET_svg-tex.pdf): PDF inclusion: multiple pdfs with page group included in a single page
> <./svg-inkscape/QuerschnittN-KanalJFET_svg-tex.pdf

pdfTeX warning: pdflatex (file ./svg-inkscape/QuerschnittN-KanalJFET_svg-tex.pdf): PDF inclusion: multiple pdfs with page group included in a single page
> <./svg-inkscape/QuerschnittN-KanalJFET_svg-tex.pdf

pdfTeX warning: pdflatex (file ./svg-inkscape/QuerschnittN-KanalJFET_svg-tex.pdf): PDF inclusion: multiple pdfs with page group included in a single page
> <./svg-inkscape/QuerschnittN-KanalJFET_svg-tex.pdf

pdfTeX warning: pdflatex (file ./svg-inkscape/QuerschnittN-KanalJFET_svg-tex.pdf): PDF inclusion: multiple pdfs with page group included in a single page
> <./svg-inkscape/QuerschnittN-KanalJFET_svg-tex.pdf

pdfTeX warning: pdflatex (file ./svg-inkscape/QuerschnittN-KanalJFET_svg-tex.pdf): PDF inclusion: multiple pdfs with page group included in a single page
>] (./Tikz/src/MosfetAlsSchalter_1.tex
\absvshift=\dimen411
) (./Tikz/src/MosfetAlsSchalter_2.tex
\absvshift=\dimen412
) [37] (./Tikz/src/MosfetAlsInverter1.tex
\absvshift=\dimen413
\absvshift=\dimen414
)
Package svg Info: Last page of `./svg-inkscape/MosfetAlsInverter3_svg-tex.pdf' is 2 on input line 3104.
 (./svg-inkscape/MosfetAlsInverter3_svg-tex.pdf_tex
<./svg-inkscape/MosfetAlsInverter3_svg-tex.pdf, id=1307, page=1, 377.26309pt x 284.28156pt>
File: ./svg-inkscape/MosfetAlsInverter3_svg-tex.pdf Graphic file (type pdf)
<use ./svg-inkscape/MosfetAlsInverter3_svg-tex.pdf, page 1>
Package pdftex.def Info: ./svg-inkscape/MosfetAlsInverter3_svg-tex.pdf , page1 used on input line 56.
(pdftex.def)             Requested size: 192.60757pt x 145.13783pt.
<./svg-inkscape/MosfetAlsInverter3_svg-tex.pdf, id=1308, page=2, 377.26309pt x 284.28156pt>
File: ./svg-inkscape/MosfetAlsInverter3_svg-tex.pdf Graphic file (type pdf)
<use ./svg-inkscape/MosfetAlsInverter3_svg-tex.pdf, page 2>
Package pdftex.def Info: ./svg-inkscape/MosfetAlsInverter3_svg-tex.pdf , page2 used on input line 69.
(pdftex.def)             Requested size: 192.60757pt x 145.13783pt.
)) (./kap2_slides.tex)) [38 <./svg-inkscape/MosfetAlsInverter3_svg-tex.pdf> <./svg-inkscape/MosfetAlsInverter3_svg-tex.pdf

pdfTeX warning: pdflatex (file ./svg-inkscape/MosfetAlsInverter3_svg-tex.pdf): PDF inclusion: multiple pdfs with page group included in a single page
>] (./Aufgaben.tex (./Aufgaben/Baendermodell.tex) (./Aufgaben/RLZ_PN.tex) (./Aufgaben/DiodeSpannungsabfall.tex (./Tikz/src/FigDiodeSpannungsabfall.tex
\absvshift=\dimen415
)) (./Aufgaben/DiodeAP.tex (./Tikz/src/FigDiodeAP.tex
\absvshift=\dimen416
)
Package svg Info: Last page of `./svg-inkscape/FigDiodeAP_svg-tex.pdf' is 2 on input line 65.
 (./svg-inkscape/FigDiodeAP_svg-tex.pdf_tex
<./svg-inkscape/FigDiodeAP_svg-tex.pdf, id=1396, page=1, 592.813pt x 388.41954pt>
File: ./svg-inkscape/FigDiodeAP_svg-tex.pdf Graphic file (type pdf)
<use ./svg-inkscape/FigDiodeAP_svg-tex.pdf, page 1>
Package pdftex.def Info: ./svg-inkscape/FigDiodeAP_svg-tex.pdf , page1 used on input line 56.
(pdftex.def)             Requested size: 176.88133pt x 115.8926pt.
<./svg-inkscape/FigDiodeAP_svg-tex.pdf, id=1397, page=2, 592.813pt x 388.41954pt>
File: ./svg-inkscape/FigDiodeAP_svg-tex.pdf Graphic file (type pdf)
<use ./svg-inkscape/FigDiodeAP_svg-tex.pdf, page 2>
Package pdftex.def Info: ./svg-inkscape/FigDiodeAP_svg-tex.pdf , page2 used on input line 68.
(pdftex.def)             Requested size: 176.88133pt x 115.8926pt.
) [39

]) (./Aufgaben/ZDiodeVorwiderstand.tex (./Tikz/src/FigZDiodeVorwiderstand.tex
\absvshift=\dimen417
)) (./Aufgaben/ZDiodeStabiliserung.tex (./Tikz/src/FigZDiodeStabilisierung.tex
\absvshift=\dimen418
)) (./Aufgaben/ZDiodeGrenzen.tex [40 <./svg-inkscape/FigDiodeAP_svg-tex.pdf> <./svg-inkscape/FigDiodeAP_svg-tex.pdf

pdfTeX warning: pdflatex (file ./svg-inkscape/FigDiodeAP_svg-tex.pdf): PDF inclusion: multiple pdfs with page group included in a single page
>] (./Tikz/src/FigZDiodeGrenzen.tex
\absvshift=\dimen419
)) (./Aufgaben/DiodeLeistungsreduzierung.tex (./Tikz/src/FigDiodeLeistungsreduzierung.tex
\absvshift=\dimen420
)) (./Aufgaben/DiodeSpannungsverlauf.tex (./Tikz/src/FigDiodeSpannugsverlauf.tex
\absvshift=\dimen421
\absvshift=\dimen422
)) (./Aufgaben/LEDVorwiderstand.tex (./Tikz/src/FigLEDVorwiderstand.tex
\absvshift=\dimen423
) [41]) (./Aufgaben/Schaltzeichen.tex (./Tikz/src/FigSchaltzeichen.tex)) (./Aufgaben/TransistorBasisstrom.tex (./Tikz/src/FigTransistorBasisstrom.tex
\absvshift=\dimen424
)) (./Aufgaben/TransistorWiderstaende.tex (./Tikz/src/FigTransistorWiderstaende.tex
\absvshift=\dimen425
) [42]) (./Aufgaben/TransistorSchaltverhalten.tex (./Tikz/src/FigTransistorSchaltverhalten.tex)) (./Aufgaben/TransistorLED.tex (./Tikz/src/FigTransistorLED.tex
\absvshift=\dimen426
\absvshift=\dimen427
\absvshift=\dimen428
) [43]) (./Aufgaben/TransistorArbeitsbereich.tex (./Tikz/src/FigTransistorArbeitsbereich.tex
\absvshift=\dimen429
\absvshift=\dimen430
)) (./Aufgaben/TransistorKennlinien.tex (./Tikz/src/FigTransistorKennlinien.tex
\absvshift=\dimen431
\absvshift=\dimen432
)
Package svg Info: Last page of `./svg-inkscape/FigTransistorKennlinien_svg-tex.pdf' is 1 on input line 24.
 (./svg-inkscape/FigTransistorKennlinien_svg-tex.pdf_tex
<./svg-inkscape/FigTransistorKennlinien_svg-tex.pdf, id=1435, page=1, 399.1702pt x 375.94193pt>
File: ./svg-inkscape/FigTransistorKennlinien_svg-tex.pdf Graphic file (type pdf)
<use ./svg-inkscape/FigTransistorKennlinien_svg-tex.pdf, page 1>
Package pdftex.def Info: ./svg-inkscape/FigTransistorKennlinien_svg-tex.pdf , page1 used on input line 56.
(pdftex.def)             Requested size: 176.88133pt x 166.59091pt.
) [44]) (./Aufgaben/TransistorStromverstaerkung.tex
Underfull \hbox (badness 10000) in paragraph at lines 33--33

 []

(./Tikz/src/FigTransistorStromverstaerkung.tex
\absvshift=\dimen433
\absvshift=\dimen434
)
Package svg Info: Last page of `./svg-inkscape/FigTransistorStromverstaerkung2_svg-tex.pdf' is 2 on input line 33.
 (./svg-inkscape/FigTransistorStromverstaerkung2_svg-tex.pdf_tex
<./svg-inkscape/FigTransistorStromverstaerkung2_svg-tex.pdf, id=1443, page=1, 402.97714pt x 378.79141pt>
File: ./svg-inkscape/FigTransistorStromverstaerkung2_svg-tex.pdf Graphic file (type pdf)
<use ./svg-inkscape/FigTransistorStromverstaerkung2_svg-tex.pdf, page 1>
Package pdftex.def Info: ./svg-inkscape/FigTransistorStromverstaerkung2_svg-tex.pdf , page1 used on input line 56.
(pdftex.def)             Requested size: 171.20854pt x 160.93509pt.
<./svg-inkscape/FigTransistorStromverstaerkung2_svg-tex.pdf, id=1444, page=2, 402.97714pt x 378.79141pt>
File: ./svg-inkscape/FigTransistorStromverstaerkung2_svg-tex.pdf Graphic file (type pdf)
<use ./svg-inkscape/FigTransistorStromverstaerkung2_svg-tex.pdf, page 2>
Package pdftex.def Info: ./svg-inkscape/FigTransistorStromverstaerkung2_svg-tex.pdf , page2 used on input line 70.
(pdftex.def)             Requested size: 171.20854pt x 160.93509pt.
)
Package svg Info: Last page of `./svg-inkscape/FigTransistorStromverstaerkung3_svg-tex.pdf' is 2 on input line 33.
 (./svg-inkscape/FigTransistorStromverstaerkung3_svg-tex.pdf_tex
<./svg-inkscape/FigTransistorStromverstaerkung3_svg-tex.pdf, id=1446, page=1, 427.16853pt x 369.43517pt>
File: ./svg-inkscape/FigTransistorStromverstaerkung3_svg-tex.pdf Graphic file (type pdf)
<use ./svg-inkscape/FigTransistorStromverstaerkung3_svg-tex.pdf, page 1>
Package pdftex.def Info: ./svg-inkscape/FigTransistorStromverstaerkung3_svg-tex.pdf , page1 used on input line 56.
(pdftex.def)             Requested size: 171.20854pt x 148.0702pt.
<./svg-inkscape/FigTransistorStromverstaerkung3_svg-tex.pdf, id=1447, page=2, 427.16853pt x 369.43517pt>
File: ./svg-inkscape/FigTransistorStromverstaerkung3_svg-tex.pdf Graphic file (type pdf)
<use ./svg-inkscape/FigTransistorStromverstaerkung3_svg-tex.pdf, page 2>
Package pdftex.def Info: ./svg-inkscape/FigTransistorStromverstaerkung3_svg-tex.pdf , page2 used on input line 67.
(pdftex.def)             Requested size: 171.20854pt x 148.0702pt.
) [45 <./svg-inkscape/FigTransistorKennlinien_svg-tex.pdf>]) (./Aufgaben/TransistorWechselspannung.tex (./Tikz/src/FigTransistorWechselspannung.tex
\absvshift=\dimen435
)) (./Aufgaben/Ersatzschaltbild1.tex (./Tikz/src/FigErsatzschaltbild1.tex
\absvshift=\dimen436
\absvshift=\dimen437
)) (./Aufgaben/Ersatzschaltbild2.tex (./Tikz/src/FigErsatzschaltbild2.tex
\absvshift=\dimen438
\absvshift=\dimen439
) [46 <./svg-inkscape/FigTransistorStromverstaerkung2_svg-tex.pdf> <./svg-inkscape/FigTransistorStromverstaerkung2_svg-tex.pdf

pdfTeX warning: pdflatex (file ./svg-inkscape/FigTransistorStromverstaerkung2_svg-tex.pdf): PDF inclusion: multiple pdfs with page group included in a single page
> <./svg-inkscape/FigTransistorStromverstaerkung3_svg-tex.pdf

pdfTeX warning: pdflatex (file ./svg-inkscape/FigTransistorStromverstaerkung3_svg-tex.pdf): PDF inclusion: multiple pdfs with page group included in a single page
> <./svg-inkscape/FigTransistorStromverstaerkung3_svg-tex.pdf

pdfTeX warning: pdflatex (file ./svg-inkscape/FigTransistorStromverstaerkung3_svg-tex.pdf): PDF inclusion: multiple pdfs with page group included in a single page
>]) (./Aufgaben/SourceGate.tex) (./Aufgaben/FETStromfluss.tex (./Tikz/src/NJFET.tex)) (./Aufgaben/TransistorFrage.tex) (./Aufgaben/TransistorDotierung.tex
Package svg Info: Last page of `./svg-inkscape/FigTransistorDotierung1_svg-tex.pdf' is 1 on input line 26.
 (./svg-inkscape/FigTransistorDotierung1_svg-tex.pdf_tex
<./svg-inkscape/FigTransistorDotierung1_svg-tex.pdf, id=1468, page=1, 526.3762pt x 271.30795pt>
File: ./svg-inkscape/FigTransistorDotierung1_svg-tex.pdf Graphic file (type pdf)
<use ./svg-inkscape/FigTransistorDotierung1_svg-tex.pdf, page 1>
Package pdftex.def Info: ./svg-inkscape/FigTransistorDotierung1_svg-tex.pdf , page1 used on input line 56.
(pdftex.def)             Requested size: 176.88133pt x 91.17126pt.
)
Package svg Info: Last page of `./svg-inkscape/FigTransistorDotierung3_svg-tex.pdf' is 2 on input line 26.
 (./svg-inkscape/FigTransistorDotierung3_svg-tex.pdf_tex
<./svg-inkscape/FigTransistorDotierung3_svg-tex.pdf, id=1470, page=1, 526.3762pt x 271.30795pt>
File: ./svg-inkscape/FigTransistorDotierung3_svg-tex.pdf Graphic file (type pdf)
<use ./svg-inkscape/FigTransistorDotierung3_svg-tex.pdf, page 1>
Package pdftex.def Info: ./svg-inkscape/FigTransistorDotierung3_svg-tex.pdf , page1 used on input line 56.
(pdftex.def)             Requested size: 176.88133pt x 91.17126pt.
<./svg-inkscape/FigTransistorDotierung3_svg-tex.pdf, id=1471, page=2, 526.3762pt x 271.30795pt>
File: ./svg-inkscape/FigTransistorDotierung3_svg-tex.pdf Graphic file (type pdf)
<use ./svg-inkscape/FigTransistorDotierung3_svg-tex.pdf, page 2>
Package pdftex.def Info: ./svg-inkscape/FigTransistorDotierung3_svg-tex.pdf , page2 used on input line 61.
(pdftex.def)             Requested size: 176.88133pt x 91.17126pt.
)
Package svg Info: Last page of `./svg-inkscape/FigTransistorDotierung2_svg-tex.pdf' is 1 on input line 26.
 (./svg-inkscape/FigTransistorDotierung2_svg-tex.pdf_tex
<./svg-inkscape/FigTransistorDotierung2_svg-tex.pdf, id=1473, page=1, 526.3762pt x 271.30795pt>
File: ./svg-inkscape/FigTransistorDotierung2_svg-tex.pdf Graphic file (type pdf)
<use ./svg-inkscape/FigTransistorDotierung2_svg-tex.pdf, page 1>
Package pdftex.def Info: ./svg-inkscape/FigTransistorDotierung2_svg-tex.pdf , page1 used on input line 56.
(pdftex.def)             Requested size: 176.88133pt x 91.17126pt.
)
Package svg Info: Last page of `./svg-inkscape/FigTransistorDotierung4_svg-tex.pdf' is 2 on input line 26.
 (./svg-inkscape/FigTransistorDotierung4_svg-tex.pdf_tex
<./svg-inkscape/FigTransistorDotierung4_svg-tex.pdf, id=1475, page=1, 526.3762pt x 271.30795pt>
File: ./svg-inkscape/FigTransistorDotierung4_svg-tex.pdf Graphic file (type pdf)
<use ./svg-inkscape/FigTransistorDotierung4_svg-tex.pdf, page 1>
Package pdftex.def Info: ./svg-inkscape/FigTransistorDotierung4_svg-tex.pdf , page1 used on input line 56.
(pdftex.def)             Requested size: 176.88133pt x 91.17126pt.
<./svg-inkscape/FigTransistorDotierung4_svg-tex.pdf, id=1476, page=2, 526.3762pt x 271.30795pt>
File: ./svg-inkscape/FigTransistorDotierung4_svg-tex.pdf Graphic file (type pdf)
<use ./svg-inkscape/FigTransistorDotierung4_svg-tex.pdf, page 2>
Package pdftex.def Info: ./svg-inkscape/FigTransistorDotierung4_svg-tex.pdf , page2 used on input line 61.
(pdftex.def)             Requested size: 176.88133pt x 91.17126pt.
) [47]) (./Aufgaben/CMOS.tex) (./Aufgaben/KlausurVerbundverstaerker.tex
Underfull \hbox (badness 10000) in paragraph at lines 52--52

 []

(./Tikz/src/FigKlausurVerbundverstaerker.tex) [48 <./svg-inkscape/FigTransistorDotierung1_svg-tex.pdf> <./svg-inkscape/FigTransistorDotierung3_svg-tex.pdf

pdfTeX warning: pdflatex (file ./svg-inkscape/FigTransistorDotierung3_svg-tex.pdf): PDF inclusion: multiple pdfs with page group included in a single page
> <./svg-inkscape/FigTransistorDotierung3_svg-tex.pdf

pdfTeX warning: pdflatex (file ./svg-inkscape/FigTransistorDotierung3_svg-tex.pdf): PDF inclusion: multiple pdfs with page group included in a single page
> <./svg-inkscape/FigTransistorDotierung2_svg-tex.pdf

pdfTeX warning: pdflatex (file ./svg-inkscape/FigTransistorDotierung2_svg-tex.pdf): PDF inclusion: multiple pdfs with page group included in a single page
> <./svg-inkscape/FigTransistorDotierung4_svg-tex.pdf

pdfTeX warning: pdflatex (file ./svg-inkscape/FigTransistorDotierung4_svg-tex.pdf): PDF inclusion: multiple pdfs with page group included in a single page
> <./svg-inkscape/FigTransistorDotierung4_svg-tex.pdf

pdfTeX warning: pdflatex (file ./svg-inkscape/FigTransistorDotierung4_svg-tex.pdf): PDF inclusion: multiple pdfs with page group included in a single page
>]) (./Aufgaben/KlausurGleichrichter.tex (./Tikz/src/FigKlausurGleichrichter.tex) [49]) (./Aufgaben/PraktikumGleichrichter.tex (./Tikz/src/FigPraktikumGleichrichter.tex
\absvshift=\dimen440
)) (./Aufgaben/PraktikumSpannungsverdoppler.tex (./Tikz/src/FigPraktikumSpannungsverdoppler.tex
\absvshift=\dimen441
) [50]) (./Aufgaben/PraktikumNPN.tex (./Tikz/src/FigPraktikumNPN.tex)) (./Aufgaben/PraktikumZeichnung.tex)) (./Aufgaben.tex (./Aufgaben/Baendermodell.tex) (./Aufgaben/RLZ_PN.tex [51]) (./Aufgaben/DiodeSpannungsabfall.tex) (./Aufgaben/DiodeAP.tex
Package svg Info: Last page of `./svg-inkscape/LsgDiodeAP1_svg-tex.pdf' is 3 on input line 161.
 (./svg-inkscape/LsgDiodeAP1_svg-tex.pdf_tex
<./svg-inkscape/LsgDiodeAP1_svg-tex.pdf, id=1515, page=1, 540.22029pt x 384.94308pt>
File: ./svg-inkscape/LsgDiodeAP1_svg-tex.pdf Graphic file (type pdf)
<use ./svg-inkscape/LsgDiodeAP1_svg-tex.pdf, page 1>
Package pdftex.def Info: ./svg-inkscape/LsgDiodeAP1_svg-tex.pdf , page1 used on input line 56.
(pdftex.def)             Requested size: 181.5825pt x 129.38698pt.
<./svg-inkscape/LsgDiodeAP1_svg-tex.pdf, id=1516, page=2, 540.22029pt x 384.94308pt>
File: ./svg-inkscape/LsgDiodeAP1_svg-tex.pdf Graphic file (type pdf)
<use ./svg-inkscape/LsgDiodeAP1_svg-tex.pdf, page 2>
Package pdftex.def Info: ./svg-inkscape/LsgDiodeAP1_svg-tex.pdf , page2 used on input line 68.
(pdftex.def)             Requested size: 181.5825pt x 129.38698pt.
<./svg-inkscape/LsgDiodeAP1_svg-tex.pdf, id=1517, page=3, 540.22029pt x 384.94308pt>
File: ./svg-inkscape/LsgDiodeAP1_svg-tex.pdf Graphic file (type pdf)
<use ./svg-inkscape/LsgDiodeAP1_svg-tex.pdf, page 3>
Package pdftex.def Info: ./svg-inkscape/LsgDiodeAP1_svg-tex.pdf , page3 used on input line 70.
(pdftex.def)             Requested size: 181.5825pt x 129.38698pt.
)
Package svg Info: Last page of `./svg-inkscape/LsgDiodeAP2_svg-tex.pdf' is 3 on input line 161.
 (./svg-inkscape/LsgDiodeAP2_svg-tex.pdf_tex
<./svg-inkscape/LsgDiodeAP2_svg-tex.pdf, id=1519, page=1, 537.78008pt x 383.67924pt>
File: ./svg-inkscape/LsgDiodeAP2_svg-tex.pdf Graphic file (type pdf)
<use ./svg-inkscape/LsgDiodeAP2_svg-tex.pdf, page 1>
Package pdftex.def Info: ./svg-inkscape/LsgDiodeAP2_svg-tex.pdf , page1 used on input line 56.
(pdftex.def)             Requested size: 181.5825pt x 129.54762pt.
<./svg-inkscape/LsgDiodeAP2_svg-tex.pdf, id=1520, page=2, 537.78008pt x 383.67924pt>
File: ./svg-inkscape/LsgDiodeAP2_svg-tex.pdf Graphic file (type pdf)
<use ./svg-inkscape/LsgDiodeAP2_svg-tex.pdf, page 2>
Package pdftex.def Info: ./svg-inkscape/LsgDiodeAP2_svg-tex.pdf , page2 used on input line 68.
(pdftex.def)             Requested size: 181.5825pt x 129.54762pt.
<./svg-inkscape/LsgDiodeAP2_svg-tex.pdf, id=1521, page=3, 537.78008pt x 383.67924pt>
File: ./svg-inkscape/LsgDiodeAP2_svg-tex.pdf Graphic file (type pdf)
<use ./svg-inkscape/LsgDiodeAP2_svg-tex.pdf, page 3>
Package pdftex.def Info: ./svg-inkscape/LsgDiodeAP2_svg-tex.pdf , page3 used on input line 72.
(pdftex.def)             Requested size: 181.5825pt x 129.54762pt.
)
Package svg Info: Last page of `./svg-inkscape/LsgDiodeAP3_svg-tex.pdf' is 3 on input line 161.
 (./svg-inkscape/LsgDiodeAP3_svg-tex.pdf_tex
<./svg-inkscape/LsgDiodeAP3_svg-tex.pdf, id=1523, page=1, 537.78008pt x 383.67924pt>
File: ./svg-inkscape/LsgDiodeAP3_svg-tex.pdf Graphic file (type pdf)
<use ./svg-inkscape/LsgDiodeAP3_svg-tex.pdf, page 1>
Package pdftex.def Info: ./svg-inkscape/LsgDiodeAP3_svg-tex.pdf , page1 used on input line 56.
(pdftex.def)             Requested size: 185.28621pt x 132.19383pt.
<./svg-inkscape/LsgDiodeAP3_svg-tex.pdf, id=1524, page=2, 537.78008pt x 383.67924pt>
File: ./svg-inkscape/LsgDiodeAP3_svg-tex.pdf Graphic file (type pdf)
<use ./svg-inkscape/LsgDiodeAP3_svg-tex.pdf, page 2>
Package pdftex.def Info: ./svg-inkscape/LsgDiodeAP3_svg-tex.pdf , page2 used on input line 68.
(pdftex.def)             Requested size: 185.28621pt x 132.19383pt.
<./svg-inkscape/LsgDiodeAP3_svg-tex.pdf, id=1525, page=3, 537.78008pt x 383.67924pt>
File: ./svg-inkscape/LsgDiodeAP3_svg-tex.pdf Graphic file (type pdf)
<use ./svg-inkscape/LsgDiodeAP3_svg-tex.pdf, page 3>
Package pdftex.def Info: ./svg-inkscape/LsgDiodeAP3_svg-tex.pdf , page3 used on input line 71.
(pdftex.def)             Requested size: 185.28621pt x 132.19383pt.
) [52 <./svg-inkscape/LsgDiodeAP1_svg-tex.pdf> <./svg-inkscape/LsgDiodeAP1_svg-tex.pdf

pdfTeX warning: pdflatex (file ./svg-inkscape/LsgDiodeAP1_svg-tex.pdf): PDF inclusion: multiple pdfs with page group included in a single page
> <./svg-inkscape/LsgDiodeAP1_svg-tex.pdf

pdfTeX warning: pdflatex (file ./svg-inkscape/LsgDiodeAP1_svg-tex.pdf): PDF inclusion: multiple pdfs with page group included in a single page
> <./svg-inkscape/LsgDiodeAP2_svg-tex.pdf

pdfTeX warning: pdflatex (file ./svg-inkscape/LsgDiodeAP2_svg-tex.pdf): PDF inclusion: multiple pdfs with page group included in a single page
> <./svg-inkscape/LsgDiodeAP2_svg-tex.pdf

pdfTeX warning: pdflatex (file ./svg-inkscape/LsgDiodeAP2_svg-tex.pdf): PDF inclusion: multiple pdfs with page group included in a single page
> <./svg-inkscape/LsgDiodeAP2_svg-tex.pdf

pdfTeX warning: pdflatex (file ./svg-inkscape/LsgDiodeAP2_svg-tex.pdf): PDF inclusion: multiple pdfs with page group included in a single page
>]) (./Aufgaben/ZDiodeVorwiderstand.tex) (./Aufgaben/ZDiodeStabiliserung.tex (./Tikz/src/LsgZDiodeStabilisierung.tex
\absvshift=\dimen442
\absvshift=\dimen443
) [53 <./svg-inkscape/LsgDiodeAP3_svg-tex.pdf> <./svg-inkscape/LsgDiodeAP3_svg-tex.pdf

pdfTeX warning: pdflatex (file ./svg-inkscape/LsgDiodeAP3_svg-tex.pdf): PDF inclusion: multiple pdfs with page group included in a single page
> <./svg-inkscape/LsgDiodeAP3_svg-tex.pdf

pdfTeX warning: pdflatex (file ./svg-inkscape/LsgDiodeAP3_svg-tex.pdf): PDF inclusion: multiple pdfs with page group included in a single page
>]) (./Aufgaben/ZDiodeGrenzen.tex (./Tikz/src/LsgZDiodeGrenzen.tex
\absvshift=\dimen444
\absvshift=\dimen445
)) (./Aufgaben/DiodeLeistungsreduzierung.tex [54]) (./Aufgaben/DiodeSpannungsverlauf.tex (./Tikz/src/LsgDiodeSpannungsverlauf1.tex
\absvshift=\dimen446
\absvshift=\dimen447
) (./Tikz/src/LsgDiodeSpannungsverlauf2.tex
\absvshift=\dimen448
\absvshift=\dimen449
)) (./Aufgaben/LEDVorwiderstand.tex [55]) (./Aufgaben/Schaltzeichen.tex) (./Aufgaben/TransistorBasisstrom.tex) (./Aufgaben/TransistorWiderstaende.tex [56]) (./Aufgaben/TransistorSchaltverhalten.tex) (./Aufgaben/TransistorLED.tex [57]) (./Aufgaben/TransistorArbeitsbereich.tex) (./Aufgaben/TransistorKennlinien.tex
Package svg Info: Last page of `./svg-inkscape/LsgTransistorKennlinien_svg-tex.pdf' is 2 on input line 54.
 (./svg-inkscape/LsgTransistorKennlinien_svg-tex.pdf_tex
<./svg-inkscape/LsgTransistorKennlinien_svg-tex.pdf, id=1580, page=1, 670.03038pt x 416.38835pt>
File: ./svg-inkscape/LsgTransistorKennlinien_svg-tex.pdf Graphic file (type pdf)
<use ./svg-inkscape/LsgTransistorKennlinien_svg-tex.pdf, page 1>
Package pdftex.def Info: ./svg-inkscape/LsgTransistorKennlinien_svg-tex.pdf , page1 used on input line 56.
(pdftex.def)             Requested size: 305.72363pt x 189.99704pt.
<./svg-inkscape/LsgTransistorKennlinien_svg-tex.pdf, id=1581, page=2, 670.03038pt x 416.38835pt>
File: ./svg-inkscape/LsgTransistorKennlinien_svg-tex.pdf Graphic file (type pdf)
<use ./svg-inkscape/LsgTransistorKennlinien_svg-tex.pdf, page 2>
Package pdftex.def Info: ./svg-inkscape/LsgTransistorKennlinien_svg-tex.pdf , page2 used on input line 66.
(pdftex.def)             Requested size: 305.72363pt x 189.99704pt.
) [58]) (./Aufgaben/TransistorStromverstaerkung.tex
Package svg Info: Last page of `./svg-inkscape/LsgTransistorStromverstaerkung1_svg-tex.pdf' is 3 on input line 65.
 (./svg-inkscape/LsgTransistorStromverstaerkung1_svg-tex.pdf_tex
<./svg-inkscape/LsgTransistorStromverstaerkung1_svg-tex.pdf, id=1588, page=1, 402.97714pt x 378.79141pt>
File: ./svg-inkscape/LsgTransistorStromverstaerkung1_svg-tex.pdf Graphic file (type pdf)
<use ./svg-inkscape/LsgTransistorStromverstaerkung1_svg-tex.pdf, page 1>
Package pdftex.def Info: ./svg-inkscape/LsgTransistorStromverstaerkung1_svg-tex.pdf , page1 used on input line 56.
(pdftex.def)             Requested size: 176.88133pt x 166.26413pt.
<./svg-inkscape/LsgTransistorStromverstaerkung1_svg-tex.pdf, id=1589, page=2, 402.97714pt x 378.79141pt>
File: ./svg-inkscape/LsgTransistorStromverstaerkung1_svg-tex.pdf Graphic file (type pdf)
<use ./svg-inkscape/LsgTransistorStromverstaerkung1_svg-tex.pdf, page 2>
Package pdftex.def Info: ./svg-inkscape/LsgTransistorStromverstaerkung1_svg-tex.pdf , page2 used on input line 70.
(pdftex.def)             Requested size: 176.88133pt x 166.26413pt.
<./svg-inkscape/LsgTransistorStromverstaerkung1_svg-tex.pdf, id=1590, page=3, 402.97714pt x 378.79141pt>
File: ./svg-inkscape/LsgTransistorStromverstaerkung1_svg-tex.pdf Graphic file (type pdf)
<use ./svg-inkscape/LsgTransistorStromverstaerkung1_svg-tex.pdf, page 3>
Package pdftex.def Info: ./svg-inkscape/LsgTransistorStromverstaerkung1_svg-tex.pdf , page3 used on input line 72.
(pdftex.def)             Requested size: 176.88133pt x 166.26413pt.
)
Package svg Info: Last page of `./svg-inkscape/LsgTransistorStromverstaerkung2_svg-tex.pdf' is 2 on input line 65.
 (./svg-inkscape/LsgTransistorStromverstaerkung2_svg-tex.pdf_tex
<./svg-inkscape/LsgTransistorStromverstaerkung2_svg-tex.pdf, id=1592, page=1, 427.16853pt x 369.43517pt>
File: ./svg-inkscape/LsgTransistorStromverstaerkung2_svg-tex.pdf Graphic file (type pdf)
<use ./svg-inkscape/LsgTransistorStromverstaerkung2_svg-tex.pdf, page 1>
Package pdftex.def Info: ./svg-inkscape/LsgTransistorStromverstaerkung2_svg-tex.pdf , page1 used on input line 56.
(pdftex.def)             Requested size: 176.88133pt x 152.9745pt.
<./svg-inkscape/LsgTransistorStromverstaerkung2_svg-tex.pdf, id=1593, page=2, 427.16853pt x 369.43517pt>
File: ./svg-inkscape/LsgTransistorStromverstaerkung2_svg-tex.pdf Graphic file (type pdf)
<use ./svg-inkscape/LsgTransistorStromverstaerkung2_svg-tex.pdf, page 2>
Package pdftex.def Info: ./svg-inkscape/LsgTransistorStromverstaerkung2_svg-tex.pdf , page2 used on input line 67.
(pdftex.def)             Requested size: 176.88133pt x 152.9745pt.
) [59 <./svg-inkscape/LsgTransistorKennlinien_svg-tex.pdf> <./svg-inkscape/LsgTransistorKennlinien_svg-tex.pdf

pdfTeX warning: pdflatex (file ./svg-inkscape/LsgTransistorKennlinien_svg-tex.pdf): PDF inclusion: multiple pdfs with page group included in a single page
> <./svg-inkscape/LsgTransistorStromverstaerkung1_svg-tex.pdf

pdfTeX warning: pdflatex (file ./svg-inkscape/LsgTransistorStromverstaerkung1_svg-tex.pdf): PDF inclusion: multiple pdfs with page group included in a single page
> <./svg-inkscape/LsgTransistorStromverstaerkung1_svg-tex.pdf

pdfTeX warning: pdflatex (file ./svg-inkscape/LsgTransistorStromverstaerkung1_svg-tex.pdf): PDF inclusion: multiple pdfs with page group included in a single page
> <./svg-inkscape/LsgTransistorStromverstaerkung1_svg-tex.pdf

pdfTeX warning: pdflatex (file ./svg-inkscape/LsgTransistorStromverstaerkung1_svg-tex.pdf): PDF inclusion: multiple pdfs with page group included in a single page
> <./svg-inkscape/LsgTransistorStromverstaerkung2_svg-tex.pdf

pdfTeX warning: pdflatex (file ./svg-inkscape/LsgTransistorStromverstaerkung2_svg-tex.pdf): PDF inclusion: multiple pdfs with page group included in a single page
> <./svg-inkscape/LsgTransistorStromverstaerkung2_svg-tex.pdf

pdfTeX warning: pdflatex (file ./svg-inkscape/LsgTransistorStromverstaerkung2_svg-tex.pdf): PDF inclusion: multiple pdfs with page group included in a single page
>]) (./Aufgaben/TransistorWechselspannung.tex) (./Aufgaben/Ersatzschaltbild1.tex (./Tikz/src/LsgErsatzschaltbild1.tex
\absvshift=\dimen450
\absvshift=\dimen451
)) (./Aufgaben/Ersatzschaltbild2.tex (./Tikz/src/LsgErsatschaltbild2_1.tex
\absvshift=\dimen452
\absvshift=\dimen453
) (./Tikz/src/LsgErsatschaltbild2_2.tex
\absvshift=\dimen454
\absvshift=\dimen455
) [60]) (./Aufgaben/SourceGate.tex) (./Aufgaben/FETStromfluss.tex) (./Aufgaben/TransistorFrage.tex) (./Aufgaben/TransistorDotierung.tex) (./Aufgaben/CMOS.tex [61]) (./Aufgaben/KlausurVerbundverstaerker.tex (./Tikz/src/LsgKlausurVerbundverstaerker.tex
\absvshift=\dimen456
\absvshift=\dimen457
)) (./Aufgaben/KlausurGleichrichter.tex [62]
Underfull \hbox (badness 10000) in paragraph at lines 44--44

 []


Underfull \hbox (badness 10000) in paragraph at lines 44--44

 []


Underfull \hbox (badness 10000) in paragraph at lines 44--44

 []

(./Tikz/src/LsgKlausurGleichrichter.tex
\absvshift=\dimen458
\absvshift=\dimen459
)) (./Aufgaben/PraktikumGleichrichter.tex) (./Aufgaben/PraktikumSpannungsverdoppler.tex [63]) (./Aufgaben/PraktikumNPN.tex) (./Aufgaben/PraktikumZeichnung.tex (./Tikz/src/LsgPraktikumZeichnung.tex) [64]
Underfull \hbox (badness 10000) in paragraph at lines 40--40

 []

)) [65]

LaTeX Warning: Empty bibliography on input line 64.

(./Skript.ind) (./Skript.aux)
 ***********
LaTeX2e <2023-11-01> patch level 1
L3 programming layer <2024-01-22>
 ***********


LaTeX Font Warning: Size substitutions with differences
(Font)              up to 3.25pt have occurred.


LaTeX Warning: There were multiply-defined labels.

Package rerunfilecheck Info: File `Skript.out' has not changed.
(rerunfilecheck)             Checksum: C17458738E62F850EAD71F9A6BD395FB;25505.
Package logreq Info: Writing requests to 'Skript.run.xml'.
\openout1 = `Skript.run.xml'.

 ) 
Here is how much of TeX's memory you used:
 95395 strings out of 476056
 2531617 string characters out of 5791604
 3377333 words of memory out of 5000000
 115207 multiletter control sequences out of 15000+600000
 579240 words of font info for 125 fonts, out of 8000000 for 9000
 61 hyphenation exceptions out of 8191
 118i,29n,134p,855b,2631s stack positions out of 10000i,1000n,20000p,200000b,200000s
 </root/.texlive2023/texmf-var/fonts/pk/ljfour/jknappen/ec/tcrm1000.600pk></usr/share/texlive/texmf-dist/fonts/type1/public/amsfonts/cm/cmbx10.pfb></usr/share/texlive/texmf-dist/fonts/type1/public/amsfonts/cm/cmbx12.pfb></usr/share/texlive/texmf-dist/fonts/type1/public/amsfonts/cm/cmbx7.pfb></usr/share/texlive/texmf-dist/fonts/type1/public/amsfonts/cm/cmcsc10.pfb></usr/share/texlive/texmf-dist/fonts/type1/public/amsfonts/cm/cmex10.pfb></usr/share/texlive/texmf-dist/fonts/type1/public/amsfonts/cm/cmmi10.pfb></usr/share/texlive/texmf-dist/fonts/type1/public/amsfonts/cm/cmmi5.pfb></usr/share/texlive/texmf-dist/fonts/type1/public/amsfonts/cm/cmmi6.pfb></usr/share/texlive/texmf-dist/fonts/type1/public/amsfonts/cm/cmmi7.pfb></usr/share/texlive/texmf-dist/fonts/type1/public/amsfonts/cm/cmmi9.pfb></usr/share/texlive/texmf-dist/fonts/type1/public/amsfonts/cm/cmmib10.pfb></usr/share/texlive/texmf-dist/fonts/type1/public/amsfonts/cm/cmr10.pfb></usr/share/texlive/texmf-dist/fonts/type1/public/amsfonts/cm/cmr12.pfb></usr/share/texlive/texmf-dist/fonts/type1/public/amsfonts/cm/cmr17.pfb></usr/share/texlive/texmf-dist/fonts/type1/public/amsfonts/cm/cmr5.pfb></usr/share/texlive/texmf-dist/fonts/type1/public/amsfonts/cm/cmr6.pfb></usr/share/texlive/texmf-dist/fonts/type1/public/amsfonts/cm/cmr7.pfb></usr/share/texlive/texmf-dist/fonts/type1/public/amsfonts/cm/cmr8.pfb></usr/share/texlive/texmf-dist/fonts/type1/public/amsfonts/cm/cmr9.pfb></usr/share/texlive/texmf-dist/fonts/type1/public/amsfonts/cm/cmsy10.pfb></usr/share/texlive/texmf-dist/fonts/type1/public/amsfonts/cm/cmsy7.pfb></usr/share/texlive/texmf-dist/fonts/type1/public/amsfonts/cm/cmsy9.pfb></usr/share/texlive/texmf-dist/fonts/type1/public/amsfonts/cm/cmti7.pfb></usr/share/texlive/texmf-dist/fonts/type1/public/amsfonts/cm/cmtt10.pfb>
Output written on Skript.pdf (69 pages, 3498894 bytes).
PDF statistics:
 1845 PDF objects out of 2073 (max. 8388607)
 1307 compressed objects within 14 object streams
 386 named destinations out of 1000 (max. 500000)
 2679 words of extra memory for PDF output out of 10000 (max. 10000000)

