This is pdfTeX, Version 3.141592653-2.6-1.40.25 (TeX Live 2023/Debian) (preloaded format=pdflatex 2025.7.14)  4 JAN 2026 20:07
entering extended mode
 \write18 enabled.
 file:line:error style messages enabled.
 %&-line parsing enabled.
**/workspace/modul-08-schaltungen-variabler-frequenz/Skript.tex
(/workspace/modul-08-schaltungen-variabler-frequenz/Skript.tex
LaTeX2e <2023-11-01> patch level 1
L3 programming layer <2024-01-22>
runsystem(makeindex -g -s ../Templates/Arbeit.ist TeXAux/Skript.idx)...executed.

runsystem(cat TeXAux/Skript.nlo | sort | uniq -w 55 | makeindex -i -s nomencl.ist -o TeXAux/Skript.nls)...executed.

runsystem(cd TeXAux;gnuplot *.gnuplot;cd ..;)...executed.

runsystem(Tikz/sh/tikz_externalize.sh)...executed.

(/usr/share/texlive/texmf-dist/tex/latex/base/article.cls
Document Class: article 2023/05/17 v1.4n Standard LaTeX document class
(/usr/share/texlive/texmf-dist/tex/latex/base/size10.clo
File: size10.clo 2023/05/17 v1.4n Standard LaTeX file (size option)
)
\c@part=\count187
\c@section=\count188
\c@subsection=\count189
\c@subsubsection=\count190
\c@paragraph=\count191
\c@subparagraph=\count192
\c@figure=\count193
\c@table=\count194
\abovecaptionskip=\skip48
\belowcaptionskip=\skip49
\bibindent=\dimen140
) (/usr/share/texlive/texmf-dist/tex/latex/beamer/beamerarticle.sty
Package: beamerarticle 2024/01/06 v3.71 beamer input in article mode
 (/usr/share/texlive/texmf-dist/tex/latex/beamer/beamerbasemodes.sty (/usr/share/texlive/texmf-dist/tex/latex/etoolbox/etoolbox.sty
Package: etoolbox 2020/10/05 v2.5k e-TeX tools for LaTeX (JAW)
\etb@tempcnta=\count195
)
\beamer@tempbox=\box51
\beamer@tempcount=\count196
\c@beamerpauses=\count197
 (/usr/share/texlive/texmf-dist/tex/latex/beamer/beamerbasedecode.sty
\beamer@slideinframe=\count198
\beamer@minimum=\count199
\beamer@decode@box=\box52
)
\beamer@commentbox=\box53
\beamer@modecount=\count266
)) (/usr/share/texlive/texmf-dist/tex/latex/beamer/beamerbasearticle.sty (/usr/share/texlive/texmf-dist/tex/latex/beamer/beamerbaseoptions.sty (/usr/share/texlive/texmf-dist/tex/latex/graphics/keyval.sty
Package: keyval 2022/05/29 v1.15 key=value parser (DPC)
\KV@toks@=\toks17
)) (/usr/share/texlive/texmf-dist/tex/latex/xcolor/xcolor.sty
Package: xcolor 2023/11/15 v3.01 LaTeX color extensions (UK)
 (/usr/share/texlive/texmf-dist/tex/latex/graphics-cfg/color.cfg
File: color.cfg 2016/01/02 v1.6 sample color configuration
)
Package xcolor Info: Driver file: pdftex.def on input line 274.
 (/usr/share/texlive/texmf-dist/tex/latex/graphics-def/pdftex.def
File: pdftex.def 2022/09/22 v1.2b Graphics/color driver for pdftex
) (/usr/share/texlive/texmf-dist/tex/latex/graphics/mathcolor.ltx)
Package xcolor Info: Model `cmy' substituted by `cmy0' on input line 1350.
Package xcolor Info: Model `hsb' substituted by `rgb' on input line 1354.
Package xcolor Info: Model `RGB' extended on input line 1366.
Package xcolor Info: Model `HTML' substituted by `rgb' on input line 1368.
Package xcolor Info: Model `Hsb' substituted by `hsb' on input line 1369.
Package xcolor Info: Model `tHsb' substituted by `hsb' on input line 1370.
Package xcolor Info: Model `HSB' substituted by `hsb' on input line 1371.
Package xcolor Info: Model `Gray' substituted by `gray' on input line 1372.
Package xcolor Info: Model `wave' substituted by `hsb' on input line 1373.
) (/usr/share/texlive/texmf-dist/tex/latex/beamer/beamerbaserequires.sty (/usr/share/texlive/texmf-dist/tex/latex/beamer/beamerbasecompatibility.sty) (/usr/share/texlive/texmf-dist/tex/latex/beamer/beamerbasefont.sty (/usr/share/texlive/texmf-dist/tex/latex/amsfonts/amssymb.sty
Package: amssymb 2013/01/14 v3.01 AMS font symbols
 (/usr/share/texlive/texmf-dist/tex/latex/amsfonts/amsfonts.sty
Package: amsfonts 2013/01/14 v3.01 Basic AMSFonts support
\@emptytoks=\toks18
\symAMSa=\mathgroup4
\symAMSb=\mathgroup5
LaTeX Font Info:    Redeclaring math symbol \hbar on input line 98.
LaTeX Font Info:    Overwriting math alphabet `\mathfrak' in version `bold'
(Font)                  U/euf/m/n --> U/euf/b/n on input line 106.
))) (/usr/share/texlive/texmf-dist/tex/latex/beamer/beamerbasetranslator.sty (/usr/share/texlive/texmf-dist/tex/latex/translator/translator.sty
Package: translator 2021-05-31 v1.12d Easy translation of strings in LaTeX
)) (/usr/share/texlive/texmf-dist/tex/latex/beamer/beamerbasemisc.sty) (/usr/share/texlive/texmf-dist/tex/latex/beamer/beamerbasetwoscreens.sty) (/usr/share/texlive/texmf-dist/tex/latex/beamer/beamerbaseoverlay.sty
\beamer@argscount=\count267
) (/usr/share/texlive/texmf-dist/tex/latex/beamer/beamerbasetitle.sty) (/usr/share/texlive/texmf-dist/tex/latex/beamer/beamerbasesection.sty) (/usr/share/texlive/texmf-dist/tex/latex/beamer/beamerbaseframe.sty
\c@framenumber=\count268
LaTeX Info: Redefining \\ on input line 781.
) (/usr/share/texlive/texmf-dist/tex/latex/beamer/beamerbaseverbatim.sty) (/usr/share/texlive/texmf-dist/tex/latex/beamer/beamerbaseframesize.sty) (/usr/share/texlive/texmf-dist/tex/latex/beamer/beamerbaseframecomponents.sty) (/usr/share/texlive/texmf-dist/tex/latex/beamer/beamerbasecolor.sty) (/usr/share/texlive/texmf-dist/tex/latex/beamer/beamerbasenotes.sty) (/usr/share/texlive/texmf-dist/tex/latex/beamer/beamerbasetoc.sty) (/usr/share/texlive/texmf-dist/tex/latex/beamer/beamerbasetemplates.sty
\beamer@sbttoks=\toks19
 (/usr/share/texlive/texmf-dist/tex/latex/beamer/beamerbaseauxtemplates.sty)) (/usr/share/texlive/texmf-dist/tex/latex/beamer/beamerbaselocalstructure.sty (/usr/share/texlive/texmf-dist/tex/latex/tools/enumerate.sty
Package: enumerate 2023/07/04 v3.00 enumerate extensions (DPC)
\@enLab=\toks20
)) (/usr/share/texlive/texmf-dist/tex/latex/beamer/beamerbasenavigation.sty) (/usr/share/texlive/texmf-dist/tex/latex/beamer/beamerbasetheorems.sty (/usr/share/texlive/texmf-dist/tex/latex/amsmath/amsmath.sty
Package: amsmath 2023/05/13 v2.17o AMS math features
\@mathmargin=\skip50

For additional information on amsmath, use the `?' option.
(/usr/share/texlive/texmf-dist/tex/latex/amsmath/amstext.sty
Package: amstext 2021/08/26 v2.01 AMS text
 (/usr/share/texlive/texmf-dist/tex/latex/amsmath/amsgen.sty
File: amsgen.sty 1999/11/30 v2.0 generic functions
\@emptytoks=\toks21
\ex@=\dimen141
)) (/usr/share/texlive/texmf-dist/tex/latex/amsmath/amsbsy.sty
Package: amsbsy 1999/11/29 v1.2d Bold Symbols
\pmbraise@=\dimen142
) (/usr/share/texlive/texmf-dist/tex/latex/amsmath/amsopn.sty
Package: amsopn 2022/04/08 v2.04 operator names
)
\inf@bad=\count269
LaTeX Info: Redefining \frac on input line 234.
\uproot@=\count270
\leftroot@=\count271
LaTeX Info: Redefining \overline on input line 399.
LaTeX Info: Redefining \colon on input line 410.
\classnum@=\count272
\DOTSCASE@=\count273
LaTeX Info: Redefining \ldots on input line 496.
LaTeX Info: Redefining \dots on input line 499.
LaTeX Info: Redefining \cdots on input line 620.
\Mathstrutbox@=\box54
\strutbox@=\box55
LaTeX Info: Redefining \big on input line 722.
LaTeX Info: Redefining \Big on input line 723.
LaTeX Info: Redefining \bigg on input line 724.
LaTeX Info: Redefining \Bigg on input line 725.
\big@size=\dimen143
LaTeX Font Info:    Redeclaring font encoding OML on input line 743.
LaTeX Font Info:    Redeclaring font encoding OMS on input line 744.
\macc@depth=\count274
LaTeX Info: Redefining \bmod on input line 905.
LaTeX Info: Redefining \pmod on input line 910.
LaTeX Info: Redefining \smash on input line 940.
LaTeX Info: Redefining \relbar on input line 970.
LaTeX Info: Redefining \Relbar on input line 971.
\c@MaxMatrixCols=\count275
\dotsspace@=\muskip16
\c@parentequation=\count276
\dspbrk@lvl=\count277
\tag@help=\toks22
\row@=\count278
\column@=\count279
\maxfields@=\count280
\andhelp@=\toks23
\eqnshift@=\dimen144
\alignsep@=\dimen145
\tagshift@=\dimen146
\tagwidth@=\dimen147
\totwidth@=\dimen148
\lineht@=\dimen149
\@envbody=\toks24
\multlinegap=\skip51
\multlinetaggap=\skip52
\mathdisplay@stack=\toks25
LaTeX Info: Redefining \[ on input line 2953.
LaTeX Info: Redefining \] on input line 2954.
) (/usr/share/texlive/texmf-dist/tex/latex/amscls/amsthm.sty
Package: amsthm 2020/05/29 v2.20.6
\thm@style=\toks26
\thm@bodyfont=\toks27
\thm@headfont=\toks28
\thm@notefont=\toks29
\thm@headpunct=\toks30
\thm@preskip=\skip53
\thm@postskip=\skip54
\thm@headsep=\skip55
\dth@everypar=\toks31
)
\c@theorem=\count281
) (/usr/share/texlive/texmf-dist/tex/latex/beamer/beamerbasethemes.sty))) (./Modulsettings.tex) (../Templates/Settings.tex (/usr/share/texlive/texmf-dist/tex/latex/base/inputenc.sty
Package: inputenc 2021/02/14 v1.3d Input encoding file
\inpenc@prehook=\toks32
\inpenc@posthook=\toks33
) (/usr/share/texlive/texmf-dist/tex/generic/babel/babel.sty
Package: babel 2024/01/07 v24.1 The Babel package
\babel@savecnt=\count282
\U@D=\dimen150
\l@unhyphenated=\language14
 (/usr/share/texlive/texmf-dist/tex/generic/babel/txtbabel.def)
\bbl@readstream=\read2
\bbl@dirlevel=\count283
 (/usr/share/texlive/texmf-dist/tex/generic/babel-german/ngerman.ldf
Language: ngerman 2024/01/19 v2.14 German support for babel (post-1996 orthography)
 (/usr/share/texlive/texmf-dist/tex/generic/babel-german/ngermanb.ldf
Language: ngermanb 2024/01/19 v2.14 German support for babel (post-1996 orthography)
Package babel Info: Making " an active character on input line 122.
))) (/usr/share/texlive/texmf-dist/tex/generic/babel/locale/de/babel-ngerman.tex
Package babel Info: Importing font and identification data for ngerman
(babel)             from babel-de.ini. Reported on input line 11.
) (/usr/share/texlive/texmf-dist/tex/latex/colortbl/colortbl.sty
Package: colortbl 2022/06/20 v1.0f Color table columns (DPC)
 (/usr/share/texlive/texmf-dist/tex/latex/tools/array.sty
Package: array 2023/10/16 v2.5g Tabular extension package (FMi)
\col@sep=\dimen151
\ar@mcellbox=\box56
\extrarowheight=\dimen152
\NC@list=\toks34
\extratabsurround=\skip56
\backup@length=\skip57
\ar@cellbox=\box57
)
\everycr=\toks35
\minrowclearance=\skip58
\rownum=\count284
) (/usr/share/texlive/texmf-dist/tex/latex/multirow/multirow.sty
Package: multirow 2021/03/15 v2.8 Span multiple rows of a table
\multirow@colwidth=\skip59
\multirow@cntb=\count285
\multirow@dima=\skip60
\bigstrutjot=\dimen153
) (/usr/share/texlive/texmf-dist/tex/latex/booktabs/booktabs.sty
Package: booktabs 2020/01/12 v1.61803398 Publication quality tables
\heavyrulewidth=\dimen154
\lightrulewidth=\dimen155
\cmidrulewidth=\dimen156
\belowrulesep=\dimen157
\belowbottomsep=\dimen158
\aboverulesep=\dimen159
\abovetopsep=\dimen160
\cmidrulesep=\dimen161
\cmidrulekern=\dimen162
\defaultaddspace=\dimen163
\@cmidla=\count286
\@cmidlb=\count287
\@aboverulesep=\dimen164
\@belowrulesep=\dimen165
\@thisruleclass=\count288
\@lastruleclass=\count289
\@thisrulewidth=\dimen166
) (/usr/share/texlive/texmf-dist/tex/latex/base/ifthen.sty
Package: ifthen 2022/04/13 v1.1d Standard LaTeX ifthen package (DPC)
) (/usr/share/texlive/texmf-dist/tex/latex/base/makeidx.sty
Package: makeidx 2021/10/04 v1.0m Standard LaTeX package
) (/usr/share/texlive/texmf-dist/tex/latex/nomencl/nomencl.sty
Package: nomencl 2021/11/10 v5.6 Nomenclature package
 (/usr/share/texlive/texmf-dist/tex/latex/xkeyval/xkeyval.sty
Package: xkeyval 2022/06/16 v2.9 package option processing (HA)
 (/usr/share/texlive/texmf-dist/tex/generic/xkeyval/xkeyval.tex (/usr/share/texlive/texmf-dist/tex/generic/xkeyval/xkvutils.tex
\XKV@toks=\toks36
\XKV@tempa@toks=\toks37
)
\XKV@depth=\count290
File: xkeyval.tex 2014/12/03 v2.7a key=value parser (HA)
)) (/usr/share/texlive/texmf-dist/tex/latex/koma-script/tocbasic.sty
Package: tocbasic 2023/07/07 v3.41 KOMA-Script package (handling toc-files)
 (/usr/share/texlive/texmf-dist/tex/latex/koma-script/scrbase.sty
Package: scrbase 2023/07/07 v3.41 KOMA-Script package (KOMA-Script-independent basics and keyval usage)
 (/usr/share/texlive/texmf-dist/tex/latex/koma-script/scrlfile.sty
Package: scrlfile 2023/07/07 v3.41 KOMA-Script package (file load hooks)
 (/usr/share/texlive/texmf-dist/tex/latex/koma-script/scrlfile-hook.sty
Package: scrlfile-hook 2023/07/07 v3.41 KOMA-Script package (using LaTeX hooks)
 (/usr/share/texlive/texmf-dist/tex/latex/koma-script/scrlogo.sty
Package: scrlogo 2023/07/07 v3.41 KOMA-Script package (logo)
)))
Applying: [2021/05/01] Usage of raw or classic option list on input line 252.
Already applied: [0000/00/00] Usage of raw or classic option list on input line 368.
)
\scr@dte@tocline@numberwidth=\skip61
\scr@dte@tocline@numbox=\box58
)
Package tocbasic Info: setting babel extension for `nlo' on input line 187.
Package tocbasic Info: setting babel extension for `nls' on input line 188.
\nomlabelwidth=\dimen167
\nom@tempdim=\dimen168
\nomitemsep=\skip62
) (/usr/share/texlive/texmf-dist/tex/latex/was/icomma.sty
Package: icomma 2002/03/10 v2.0 (WaS)
) (/usr/share/texlive/texmf-dist/tex/latex/mathtools/mathtools.sty
Package: mathtools 2022/06/29 v1.29 mathematical typesetting tools
 (/usr/share/texlive/texmf-dist/tex/latex/tools/calc.sty
Package: calc 2023/07/08 v4.3 Infix arithmetic (KKT,FJ)
\calc@Acount=\count291
\calc@Bcount=\count292
\calc@Adimen=\dimen169
\calc@Bdimen=\dimen170
\calc@Askip=\skip63
\calc@Bskip=\skip64
LaTeX Info: Redefining \setlength on input line 80.
LaTeX Info: Redefining \addtolength on input line 81.
\calc@Ccount=\count293
\calc@Cskip=\skip65
) (/usr/share/texlive/texmf-dist/tex/latex/mathtools/mhsetup.sty
Package: mhsetup 2021/03/18 v1.4 programming setup (MH)
)
\g_MT_multlinerow_int=\count294
\l_MT_multwidth_dim=\dimen171
\origjot=\skip66
\l_MT_shortvdotswithinadjustabove_dim=\dimen172
\l_MT_shortvdotswithinadjustbelow_dim=\dimen173
\l_MT_above_intertext_sep=\dimen174
\l_MT_below_intertext_sep=\dimen175
\l_MT_above_shortintertext_sep=\dimen176
\l_MT_below_shortintertext_sep=\dimen177
\xmathstrut@box=\box59
\xmathstrut@dim=\dimen178
) (/usr/share/texlive/texmf-dist/tex/latex/cancel/cancel.sty
Package: cancel 2013/04/12 v2.2 Cancel math terms
) (/usr/share/texlive/texmf-dist/tex/latex/base/textcomp.sty
Package: textcomp 2020/02/02 v2.0n Standard LaTeX package
) (/usr/share/texlive/texmf-dist/tex/latex/gensymb/gensymb.sty
Package: gensymb 2022/10/17 v1.0.2 (KJH)
) (/usr/share/texlive/texmf-dist/tex/latex/xargs/xargs.sty
Package: xargs 2008/03/22 v1.1  extended macro definitions  (mpg)
\xargs@max=\count295
\xargs@toksa=\toks38
\xargs@toksb=\toks39
) (/usr/share/texlive/texmf-dist/tex/latex/esint/esint.sty
Package: esint 
\symlargesymbolsA=\mathgroup6
) (/usr/share/texlive/texmf-dist/tex/latex/siunitx/siunitx.sty
Package: siunitx 2024-01-25 v3.3.10 A comprehensive (SI) units package
\l__siunitx_number_uncert_offset_int=\count296
\l__siunitx_number_exponent_fixed_int=\count297
\l__siunitx_number_min_decimal_int=\count298
\l__siunitx_number_min_integer_int=\count299
\l__siunitx_number_round_precision_int=\count300
\l__siunitx_number_lower_threshold_int=\count301
\l__siunitx_number_upper_threshold_int=\count302
\l__siunitx_number_group_first_int=\count303
\l__siunitx_number_group_size_int=\count304
\l__siunitx_number_group_minimum_int=\count305
\l__siunitx_angle_tmp_dim=\dimen179
\l__siunitx_angle_marker_box=\box60
\l__siunitx_angle_unit_box=\box61
\l__siunitx_compound_count_int=\count306
 (/usr/share/texlive/texmf-dist/tex/latex/translations/translations.sty
Package: translations 2022/02/05 v1.12 internationalization of LaTeX2e packages (CN)
 (/usr/share/texlive/texmf-dist/tex/generic/pdftexcmds/pdftexcmds.sty
Package: pdftexcmds 2020-06-27 v0.33 Utility functions of pdfTeX for LuaTeX (HO)
 (/usr/share/texlive/texmf-dist/tex/generic/infwarerr/infwarerr.sty
Package: infwarerr 2019/12/03 v1.5 Providing info/warning/error messages (HO)
) (/usr/share/texlive/texmf-dist/tex/generic/iftex/iftex.sty
Package: iftex 2022/02/03 v1.0f TeX engine tests
) (/usr/share/texlive/texmf-dist/tex/generic/ltxcmds/ltxcmds.sty
Package: ltxcmds 2023-12-04 v1.26 LaTeX kernel commands for general use (HO)
)
Package pdftexcmds Info: \pdf@primitive is available.
Package pdftexcmds Info: \pdf@ifprimitive is available.
Package pdftexcmds Info: \pdfdraftmode found.
))
\l__siunitx_table_tmp_box=\box62
\l__siunitx_table_tmp_dim=\dimen180
\l__siunitx_table_column_width_dim=\dimen181
\l__siunitx_table_integer_box=\box63
\l__siunitx_table_decimal_box=\box64
\l__siunitx_table_uncert_box=\box65
\l__siunitx_table_before_box=\box66
\l__siunitx_table_after_box=\box67
\l__siunitx_table_before_dim=\dimen182
\l__siunitx_table_carry_dim=\dimen183
\l__siunitx_unit_tmp_int=\count307
\l__siunitx_unit_position_int=\count308
\l__siunitx_unit_total_int=\count309
) (/usr/share/texlive/texmf-dist/tex/latex/caption/subcaption.sty
Package: subcaption 2023/07/28 v1.6b Sub-captions (AR)
 (/usr/share/texlive/texmf-dist/tex/latex/caption/caption.sty
Package: caption 2023/08/05 v3.6o Customizing captions (AR)
 (/usr/share/texlive/texmf-dist/tex/latex/caption/caption3.sty
Package: caption3 2023/07/31 v2.4d caption3 kernel (AR)
\caption@tempdima=\dimen184
\captionmargin=\dimen185
\caption@leftmargin=\dimen186
\caption@rightmargin=\dimen187
\caption@width=\dimen188
\caption@indent=\dimen189
\caption@parindent=\dimen190
\caption@hangindent=\dimen191
Package caption Info: Standard document class detected.
)
\c@caption@flags=\count310
\c@continuedfloat=\count311
)
Package caption Info: New subtype `subfigure' on input line 238.
\c@subfigure=\count312
Package caption Info: New subtype `subtable' on input line 238.
\c@subtable=\count313
) (/usr/share/texlive/texmf-dist/tex/latex/units/nicefrac.sty
Package: nicefrac 1998/08/04 v0.9b Nice fractions
\L@UnitsRaiseDisplaystyle=\skip67
\L@UnitsRaiseTextstyle=\skip68
\L@UnitsRaiseScriptstyle=\skip69
LaTeX Info: Redefining \nicefrac on input line 131.
) (/usr/share/texlive/texmf-dist/tex/latex/l3packages/xfrac/xfrac.sty (/usr/share/texlive/texmf-dist/tex/latex/l3kernel/expl3.sty
Package: expl3 2024-01-22 L3 programming layer (loader) 
 (/usr/share/texlive/texmf-dist/tex/latex/l3backend/l3backend-pdftex.def
File: l3backend-pdftex.def 2024-01-04 L3 backend support: PDF output (pdfTeX)
\l__color_backend_stack_int=\count314
\l__pdf_internal_box=\box68
)) (/usr/share/texlive/texmf-dist/tex/latex/graphics/graphicx.sty
Package: graphicx 2021/09/16 v1.2d Enhanced LaTeX Graphics (DPC,SPQR)
 (/usr/share/texlive/texmf-dist/tex/latex/graphics/graphics.sty
Package: graphics 2022/03/10 v1.4e Standard LaTeX Graphics (DPC,SPQR)
 (/usr/share/texlive/texmf-dist/tex/latex/graphics/trig.sty
Package: trig 2021/08/11 v1.11 sin cos tan (DPC)
) (/usr/share/texlive/texmf-dist/tex/latex/graphics-cfg/graphics.cfg
File: graphics.cfg 2016/06/04 v1.11 sample graphics configuration
)
Package graphics Info: Driver file: pdftex.def on input line 107.
)
\Gin@req@height=\dimen192
\Gin@req@width=\dimen193
) (/usr/share/texlive/texmf-dist/tex/latex/l3packages/l3keys2e/l3keys2e.sty
Package: l3keys2e 2023-10-10 LaTeX2e option processing using LaTeX3 keys
) (/usr/share/texlive/texmf-dist/tex/latex/l3packages/xparse/xparse.sty
Package: xparse 2023-10-10 L3 Experimental document command parser
) (/usr/share/texlive/texmf-dist/tex/latex/l3packages/xtemplate/xtemplate.sty
Package: xtemplate 2023-10-10 L3 Experimental prototype document functions
\l__xtemplate_tmp_dim=\dimen194
\l__xtemplate_tmp_int=\count315
\l__xtemplate_tmp_muskip=\muskip17
\l__xtemplate_tmp_skip=\skip70
)
Package: xfrac 2023-10-10 L3 Experimental split-level fractions
\l__xfrac_slash_box=\box69
\l__xfrac_tmp_box=\box70
\l__xfrac_denominator_bot_sep_dim=\dimen195
\l__xfrac_numerator_bot_sep_dim=\dimen196
\l__xfrac_numerator_top_sep_dim=\dimen197
\l__xfrac_slash_left_sep_dim=\dimen198
\l__xfrac_slash_right_sep_dim=\dimen199
\l__xfrac_slash_left_muskip=\muskip18
\l__xfrac_slash_right_muskip=\muskip19

Package xtemplate Info: Declaring object type 'xfrac' taking 3 argument(s) on
(xtemplate)             line 80.

) (/usr/share/texlive/texmf-dist/tex/latex/tools/bm.sty
Package: bm 2023/07/08 v1.2f Bold Symbol Support (DPC/FMi)
\symboldoperators=\mathgroup7
\symboldletters=\mathgroup8
\symboldsymbols=\mathgroup9
Package bm Info: No bold for \OMX/cmex/m/n, using \pmb.
Package bm Info: No bold for \U/msa/m/n, using \pmb.
Package bm Info: No bold for \U/msb/m/n, using \pmb.
Package bm Info: No bold for \U/esint/m/n, using \pmb.
LaTeX Font Info:    Redeclaring math alphabet \mathbf on input line 149.
) (/usr/share/texlive/texmf-dist/tex/latex/float/float.sty
Package: float 2001/11/08 v1.3d Float enhancements (AL)
\c@float@type=\count316
\float@exts=\toks40
\float@box=\box71
\@float@everytoks=\toks41
\@floatcapt=\box72
) (/usr/share/texlive/texmf-dist/tex/latex/placeins/placeins.sty
Package: placeins 2005/04/18  v 2.2
) (/usr/share/texlive/texmf-dist/tex/latex/circuitikz/circuitikz.sty
Package: circuitikz 2023/12/09{} The CircuiTikz circuit drawing package version 1.6.6
 (/usr/share/texlive/texmf-dist/tex/latex/pgf/frontendlayer/tikz.sty (/usr/share/texlive/texmf-dist/tex/latex/pgf/basiclayer/pgf.sty (/usr/share/texlive/texmf-dist/tex/latex/pgf/utilities/pgfrcs.sty (/usr/share/texlive/texmf-dist/tex/generic/pgf/utilities/pgfutil-common.tex
\pgfutil@everybye=\toks42
\pgfutil@tempdima=\dimen256
\pgfutil@tempdimb=\dimen257
) (/usr/share/texlive/texmf-dist/tex/generic/pgf/utilities/pgfutil-latex.def
\pgfutil@abb=\box73
) (/usr/share/texlive/texmf-dist/tex/generic/pgf/utilities/pgfrcs.code.tex (/usr/share/texlive/texmf-dist/tex/generic/pgf/pgf.revision.tex)
Package: pgfrcs 2023-01-15 v3.1.10 (3.1.10)
))
Package: pgf 2023-01-15 v3.1.10 (3.1.10)
 (/usr/share/texlive/texmf-dist/tex/latex/pgf/basiclayer/pgfcore.sty (/usr/share/texlive/texmf-dist/tex/latex/pgf/systemlayer/pgfsys.sty (/usr/share/texlive/texmf-dist/tex/generic/pgf/systemlayer/pgfsys.code.tex
Package: pgfsys 2023-01-15 v3.1.10 (3.1.10)
 (/usr/share/texlive/texmf-dist/tex/generic/pgf/utilities/pgfkeys.code.tex
\pgfkeys@pathtoks=\toks43
\pgfkeys@temptoks=\toks44
 (/usr/share/texlive/texmf-dist/tex/generic/pgf/utilities/pgfkeyslibraryfiltered.code.tex
\pgfkeys@tmptoks=\toks45
))
\pgf@x=\dimen258
\pgf@y=\dimen259
\pgf@xa=\dimen260
\pgf@ya=\dimen261
\pgf@xb=\dimen262
\pgf@yb=\dimen263
\pgf@xc=\dimen264
\pgf@yc=\dimen265
\pgf@xd=\dimen266
\pgf@yd=\dimen267
\w@pgf@writea=\write3
\r@pgf@reada=\read3
\c@pgf@counta=\count317
\c@pgf@countb=\count318
\c@pgf@countc=\count319
\c@pgf@countd=\count320
\t@pgf@toka=\toks46
\t@pgf@tokb=\toks47
\t@pgf@tokc=\toks48
\pgf@sys@id@count=\count321
 (/usr/share/texlive/texmf-dist/tex/generic/pgf/systemlayer/pgf.cfg
File: pgf.cfg 2023-01-15 v3.1.10 (3.1.10)
)
Driver file for pgf: pgfsys-pdftex.def
 (/usr/share/texlive/texmf-dist/tex/generic/pgf/systemlayer/pgfsys-pdftex.def
File: pgfsys-pdftex.def 2023-01-15 v3.1.10 (3.1.10)
 (/usr/share/texlive/texmf-dist/tex/generic/pgf/systemlayer/pgfsys-common-pdf.def
File: pgfsys-common-pdf.def 2023-01-15 v3.1.10 (3.1.10)
))) (/usr/share/texlive/texmf-dist/tex/generic/pgf/systemlayer/pgfsyssoftpath.code.tex
File: pgfsyssoftpath.code.tex 2023-01-15 v3.1.10 (3.1.10)
\pgfsyssoftpath@smallbuffer@items=\count322
\pgfsyssoftpath@bigbuffer@items=\count323
) (/usr/share/texlive/texmf-dist/tex/generic/pgf/systemlayer/pgfsysprotocol.code.tex
File: pgfsysprotocol.code.tex 2023-01-15 v3.1.10 (3.1.10)
)) (/usr/share/texlive/texmf-dist/tex/generic/pgf/basiclayer/pgfcore.code.tex
Package: pgfcore 2023-01-15 v3.1.10 (3.1.10)
 (/usr/share/texlive/texmf-dist/tex/generic/pgf/math/pgfmath.code.tex (/usr/share/texlive/texmf-dist/tex/generic/pgf/math/pgfmathutil.code.tex) (/usr/share/texlive/texmf-dist/tex/generic/pgf/math/pgfmathparser.code.tex
\pgfmath@dimen=\dimen268
\pgfmath@count=\count324
\pgfmath@box=\box74
\pgfmath@toks=\toks49
\pgfmath@stack@operand=\toks50
\pgfmath@stack@operation=\toks51
) (/usr/share/texlive/texmf-dist/tex/generic/pgf/math/pgfmathfunctions.code.tex) (/usr/share/texlive/texmf-dist/tex/generic/pgf/math/pgfmathfunctions.basic.code.tex) (/usr/share/texlive/texmf-dist/tex/generic/pgf/math/pgfmathfunctions.trigonometric.code.tex) (/usr/share/texlive/texmf-dist/tex/generic/pgf/math/pgfmathfunctions.random.code.tex) (/usr/share/texlive/texmf-dist/tex/generic/pgf/math/pgfmathfunctions.comparison.code.tex) (/usr/share/texlive/texmf-dist/tex/generic/pgf/math/pgfmathfunctions.base.code.tex) (/usr/share/texlive/texmf-dist/tex/generic/pgf/math/pgfmathfunctions.round.code.tex) (/usr/share/texlive/texmf-dist/tex/generic/pgf/math/pgfmathfunctions.misc.code.tex) (/usr/share/texlive/texmf-dist/tex/generic/pgf/math/pgfmathfunctions.integerarithmetics.code.tex) (/usr/share/texlive/texmf-dist/tex/generic/pgf/math/pgfmathcalc.code.tex) (/usr/share/texlive/texmf-dist/tex/generic/pgf/math/pgfmathfloat.code.tex
\c@pgfmathroundto@lastzeros=\count325
)) (/usr/share/texlive/texmf-dist/tex/generic/pgf/math/pgfint.code.tex) (/usr/share/texlive/texmf-dist/tex/generic/pgf/basiclayer/pgfcorepoints.code.tex
File: pgfcorepoints.code.tex 2023-01-15 v3.1.10 (3.1.10)
\pgf@picminx=\dimen269
\pgf@picmaxx=\dimen270
\pgf@picminy=\dimen271
\pgf@picmaxy=\dimen272
\pgf@pathminx=\dimen273
\pgf@pathmaxx=\dimen274
\pgf@pathminy=\dimen275
\pgf@pathmaxy=\dimen276
\pgf@xx=\dimen277
\pgf@xy=\dimen278
\pgf@yx=\dimen279
\pgf@yy=\dimen280
\pgf@zx=\dimen281
\pgf@zy=\dimen282
) (/usr/share/texlive/texmf-dist/tex/generic/pgf/basiclayer/pgfcorepathconstruct.code.tex
File: pgfcorepathconstruct.code.tex 2023-01-15 v3.1.10 (3.1.10)
\pgf@path@lastx=\dimen283
\pgf@path@lasty=\dimen284
) (/usr/share/texlive/texmf-dist/tex/generic/pgf/basiclayer/pgfcorepathusage.code.tex
File: pgfcorepathusage.code.tex 2023-01-15 v3.1.10 (3.1.10)
\pgf@shorten@end@additional=\dimen285
\pgf@shorten@start@additional=\dimen286
) (/usr/share/texlive/texmf-dist/tex/generic/pgf/basiclayer/pgfcorescopes.code.tex
File: pgfcorescopes.code.tex 2023-01-15 v3.1.10 (3.1.10)
\pgfpic=\box75
\pgf@hbox=\box76
\pgf@layerbox@main=\box77
\pgf@picture@serial@count=\count326
) (/usr/share/texlive/texmf-dist/tex/generic/pgf/basiclayer/pgfcoregraphicstate.code.tex
File: pgfcoregraphicstate.code.tex 2023-01-15 v3.1.10 (3.1.10)
\pgflinewidth=\dimen287
) (/usr/share/texlive/texmf-dist/tex/generic/pgf/basiclayer/pgfcoretransformations.code.tex
File: pgfcoretransformations.code.tex 2023-01-15 v3.1.10 (3.1.10)
\pgf@pt@x=\dimen288
\pgf@pt@y=\dimen289
\pgf@pt@temp=\dimen290
) (/usr/share/texlive/texmf-dist/tex/generic/pgf/basiclayer/pgfcorequick.code.tex
File: pgfcorequick.code.tex 2023-01-15 v3.1.10 (3.1.10)
) (/usr/share/texlive/texmf-dist/tex/generic/pgf/basiclayer/pgfcoreobjects.code.tex
File: pgfcoreobjects.code.tex 2023-01-15 v3.1.10 (3.1.10)
) (/usr/share/texlive/texmf-dist/tex/generic/pgf/basiclayer/pgfcorepathprocessing.code.tex
File: pgfcorepathprocessing.code.tex 2023-01-15 v3.1.10 (3.1.10)
) (/usr/share/texlive/texmf-dist/tex/generic/pgf/basiclayer/pgfcorearrows.code.tex
File: pgfcorearrows.code.tex 2023-01-15 v3.1.10 (3.1.10)
\pgfarrowsep=\dimen291
) (/usr/share/texlive/texmf-dist/tex/generic/pgf/basiclayer/pgfcoreshade.code.tex
File: pgfcoreshade.code.tex 2023-01-15 v3.1.10 (3.1.10)
\pgf@max=\dimen292
\pgf@sys@shading@range@num=\count327
\pgf@shadingcount=\count328
) (/usr/share/texlive/texmf-dist/tex/generic/pgf/basiclayer/pgfcoreimage.code.tex
File: pgfcoreimage.code.tex 2023-01-15 v3.1.10 (3.1.10)
) (/usr/share/texlive/texmf-dist/tex/generic/pgf/basiclayer/pgfcoreexternal.code.tex
File: pgfcoreexternal.code.tex 2023-01-15 v3.1.10 (3.1.10)
\pgfexternal@startupbox=\box78
) (/usr/share/texlive/texmf-dist/tex/generic/pgf/basiclayer/pgfcorelayers.code.tex
File: pgfcorelayers.code.tex 2023-01-15 v3.1.10 (3.1.10)
) (/usr/share/texlive/texmf-dist/tex/generic/pgf/basiclayer/pgfcoretransparency.code.tex
File: pgfcoretransparency.code.tex 2023-01-15 v3.1.10 (3.1.10)
) (/usr/share/texlive/texmf-dist/tex/generic/pgf/basiclayer/pgfcorepatterns.code.tex
File: pgfcorepatterns.code.tex 2023-01-15 v3.1.10 (3.1.10)
) (/usr/share/texlive/texmf-dist/tex/generic/pgf/basiclayer/pgfcorerdf.code.tex
File: pgfcorerdf.code.tex 2023-01-15 v3.1.10 (3.1.10)
))) (/usr/share/texlive/texmf-dist/tex/generic/pgf/modules/pgfmoduleshapes.code.tex
File: pgfmoduleshapes.code.tex 2023-01-15 v3.1.10 (3.1.10)
\pgfnodeparttextbox=\box79
) (/usr/share/texlive/texmf-dist/tex/generic/pgf/modules/pgfmoduleplot.code.tex
File: pgfmoduleplot.code.tex 2023-01-15 v3.1.10 (3.1.10)
) (/usr/share/texlive/texmf-dist/tex/latex/pgf/compatibility/pgfcomp-version-0-65.sty
Package: pgfcomp-version-0-65 2023-01-15 v3.1.10 (3.1.10)
\pgf@nodesepstart=\dimen293
\pgf@nodesepend=\dimen294
) (/usr/share/texlive/texmf-dist/tex/latex/pgf/compatibility/pgfcomp-version-1-18.sty
Package: pgfcomp-version-1-18 2023-01-15 v3.1.10 (3.1.10)
)) (/usr/share/texlive/texmf-dist/tex/latex/pgf/utilities/pgffor.sty (/usr/share/texlive/texmf-dist/tex/latex/pgf/utilities/pgfkeys.sty (/usr/share/texlive/texmf-dist/tex/generic/pgf/utilities/pgfkeys.code.tex)) (/usr/share/texlive/texmf-dist/tex/latex/pgf/math/pgfmath.sty (/usr/share/texlive/texmf-dist/tex/generic/pgf/math/pgfmath.code.tex)) (/usr/share/texlive/texmf-dist/tex/generic/pgf/utilities/pgffor.code.tex
Package: pgffor 2023-01-15 v3.1.10 (3.1.10)
\pgffor@iter=\dimen295
\pgffor@skip=\dimen296
\pgffor@stack=\toks52
\pgffor@toks=\toks53
)) (/usr/share/texlive/texmf-dist/tex/generic/pgf/frontendlayer/tikz/tikz.code.tex
Package: tikz 2023-01-15 v3.1.10 (3.1.10)
 (/usr/share/texlive/texmf-dist/tex/generic/pgf/libraries/pgflibraryplothandlers.code.tex
File: pgflibraryplothandlers.code.tex 2023-01-15 v3.1.10 (3.1.10)
\pgf@plot@mark@count=\count329
\pgfplotmarksize=\dimen297
)
\tikz@lastx=\dimen298
\tikz@lasty=\dimen299
\tikz@lastxsaved=\dimen300
\tikz@lastysaved=\dimen301
\tikz@lastmovetox=\dimen302
\tikz@lastmovetoy=\dimen303
\tikzleveldistance=\dimen304
\tikzsiblingdistance=\dimen305
\tikz@figbox=\box80
\tikz@figbox@bg=\box81
\tikz@tempbox=\box82
\tikz@tempbox@bg=\box83
\tikztreelevel=\count330
\tikznumberofchildren=\count331
\tikznumberofcurrentchild=\count332
\tikz@fig@count=\count333
 (/usr/share/texlive/texmf-dist/tex/generic/pgf/modules/pgfmodulematrix.code.tex
File: pgfmodulematrix.code.tex 2023-01-15 v3.1.10 (3.1.10)
\pgfmatrixcurrentrow=\count334
\pgfmatrixcurrentcolumn=\count335
\pgf@matrix@numberofcolumns=\count336
)
\tikz@expandcount=\count337
 (/usr/share/texlive/texmf-dist/tex/generic/pgf/frontendlayer/tikz/libraries/tikzlibrarytopaths.code.tex
File: tikzlibrarytopaths.code.tex 2023-01-15 v3.1.10 (3.1.10)
))) (/usr/share/texlive/texmf-dist/tex/generic/pgf/frontendlayer/tikz/libraries/tikzlibrarycalc.code.tex
File: tikzlibrarycalc.code.tex 2023-01-15 v3.1.10 (3.1.10)
) (/usr/share/texlive/texmf-dist/tex/generic/pgf/libraries/pgflibraryarrows.meta.code.tex
File: pgflibraryarrows.meta.code.tex 2023-01-15 v3.1.10 (3.1.10)
\pgfarrowinset=\dimen306
\pgfarrowlength=\dimen307
\pgfarrowwidth=\dimen308
\pgfarrowlinewidth=\dimen309
) (/usr/share/texlive/texmf-dist/tex/generic/pgf/frontendlayer/tikz/libraries/tikzlibrarybending.code.tex
File: tikzlibrarybending.code.tex 2023-01-15 v3.1.10 (3.1.10)
 (/usr/share/texlive/texmf-dist/tex/generic/pgf/modules/pgfmodulebending.code.tex
File: pgfmodulebending.code.tex 2023-01-15 v3.1.10 (3.1.10)
 (/usr/share/texlive/texmf-dist/tex/generic/pgf/modules/pgfmodulenonlineartransformations.code.tex
File: pgfmodulenonlineartransformations.code.tex 2023-01-15 v3.1.10 (3.1.10)
\pgftransformnonlinearflatness=\dimen310
) (/usr/share/texlive/texmf-dist/tex/generic/pgf/libraries/pgflibrarycurvilinear.code.tex
File: pgflibrarycurvilinear.code.tex 2023-01-15 v3.1.10 (3.1.10)
\pgf@curvilinear@time@a=\dimen311
\pgf@curvilinear@length@a=\dimen312
\pgf@curvilinear@length@b=\dimen313
\pgf@curvilinear@length@c=\dimen314
\pgf@curvilinear@length@d=\dimen315
)
\pgf@arrows@the@rigidity=\dimen316
)) (/usr/share/texlive/texmf-dist/tex/generic/pgf/frontendlayer/tikz/libraries/tikzlibraryfpu.code.tex (/usr/share/texlive/texmf-dist/tex/generic/pgf/libraries/pgflibraryfpu.code.tex)) (/usr/share/texlive/texmf-dist/tex/generic/circuitikz/pgfcirc.defines.tex
\pgf@circ@count@a=\count338
\pgf@circ@count@b=\count339
\pgf@circ@count@c=\count340
\pgf@circ@res@up=\dimen317
\pgf@circ@res@down=\dimen318
\pgf@circ@res@zero=\dimen319
\pgf@circ@res@left=\dimen320
\pgf@circ@res@right=\dimen321
\pgf@circ@res@other=\dimen322
\pgf@circ@res@step=\dimen323
\pgf@circ@res@temp=\dimen324
\pgf@circ@Rlen=\dimen325
\pgf@circ@scaled@Rlen=\dimen326
\pgfstartlinewidth=\dimen327
) (/usr/share/texlive/texmf-dist/tex/generic/circuitikz/pgfcircutils.tex
\ctikz@scratchbox=\box84
) (/usr/share/texlive/texmf-dist/tex/generic/circuitikz/pgfcircpath.tex)
(/usr/share/texlive/texmf-dist/tex/generic/circuitikz/pgfcircshapes.tex) (/usr/share/texlive/texmf-dist/tex/generic/circuitikz/pgfcircmonopoles.tex) (/usr/share/texlive/texmf-dist/tex/generic/circuitikz/pgfcircbipoles.tex) (/usr/share/texlive/texmf-dist/tex/generic/circuitikz/pgfcirctripoles.tex
\pgf@circ@res@count=\count341
) (/usr/share/texlive/texmf-dist/tex/generic/circuitikz/pgfcircquadpoles.tex) (/usr/share/texlive/texmf-dist/tex/generic/circuitikz/pgfcircmultipoles.tex) (/usr/share/texlive/texmf-dist/tex/generic/circuitikz/pgfcirclabel.tex) (/usr/share/texlive/texmf-dist/tex/generic/circuitikz/pgfcircvoltage.tex
\pgfcirc@labelshift=\dimen328
) (/usr/share/texlive/texmf-dist/tex/generic/circuitikz/pgfcirccurrent.tex) (/usr/share/texlive/texmf-dist/tex/generic/circuitikz/pgfcircflow.tex)) (/usr/share/texlive/texmf-dist/tex/latex/pgfplots/pgfplots.sty (/usr/share/texlive/texmf-dist/tex/generic/pgfplots/pgfplots.revision.tex)
Package: pgfplots 2021/05/15 v1.18.1 Data Visualization (1.18.1)
 (/usr/share/texlive/texmf-dist/tex/generic/pgfplots/pgfplots.code.tex (/usr/share/texlive/texmf-dist/tex/generic/pgfplots/pgfplotscore.code.tex
\t@pgfplots@toka=\toks54
\t@pgfplots@tokb=\toks55
\t@pgfplots@tokc=\toks56
\pgfplots@tmpa=\dimen329
\c@pgfplots@coordindex=\count342
\c@pgfplots@scanlineindex=\count343
 (/usr/share/texlive/texmf-dist/tex/generic/pgfplots/sys/pgfplotssysgeneric.code.tex)) (/usr/share/texlive/texmf-dist/tex/generic/pgfplots/libs/pgfplotslibrary.code.tex) (/usr/share/texlive/texmf-dist/tex/generic/pgfplots/oldpgfcompatib/pgfplotsoldpgfsupp_loader.code.tex
Package pgfplots: loading complementary utilities for your pgf version...
\t@pgf@toka=\toks57
\t@pgf@tokb=\toks58
\t@pgf@tokc=\toks59
(/usr/share/texlive/texmf-dist/tex/generic/pgfplots/oldpgfcompatib/pgfplotsoldpgfsupp_pgfutil-common-lists.tex)) (/usr/share/texlive/texmf-dist/tex/generic/pgfplots/util/pgfplotsutil.code.tex (/usr/share/texlive/texmf-dist/tex/generic/pgfplots/liststructure/pgfplotsliststructure.code.tex) (/usr/share/texlive/texmf-dist/tex/generic/pgfplots/liststructure/pgfplotsliststructureext.code.tex) (/usr/share/texlive/texmf-dist/tex/generic/pgfplots/liststructure/pgfplotsarray.code.tex
\c@pgfplotsarray@tmp=\count344
) (/usr/share/texlive/texmf-dist/tex/generic/pgfplots/liststructure/pgfplotsmatrix.code.tex) (/usr/share/texlive/texmf-dist/tex/generic/pgfplots/numtable/pgfplotstableshared.code.tex
\c@pgfplotstable@counta=\count345
\t@pgfplotstable@a=\toks60
) (/usr/share/texlive/texmf-dist/tex/generic/pgfplots/liststructure/pgfplotsdeque.code.tex) (/usr/share/texlive/texmf-dist/tex/generic/pgfplots/util/pgfplotsbinary.code.tex (/usr/share/texlive/texmf-dist/tex/generic/pgfplots/util/pgfplotsbinary.data.code.tex)) (/usr/share/texlive/texmf-dist/tex/generic/pgfplots/util/pgfplotsutil.verb.code.tex) (/usr/share/texlive/texmf-dist/tex/generic/pgfplots/libs/pgflibrarypgfplots.surfshading.code.tex
\c@pgfplotslibrarysurf@no=\count346
 (/usr/share/texlive/texmf-dist/tex/generic/pgfplots/sys/pgflibrarypgfplots.surfshading.pgfsys-pdftex.def))) (/usr/share/texlive/texmf-dist/tex/generic/pgfplots/util/pgfplotscolormap.code.tex (/usr/share/texlive/texmf-dist/tex/generic/pgfplots/util/pgfplotscolor.code.tex)) (/usr/share/texlive/texmf-dist/tex/generic/pgfplots/pgfplotsstackedplots.code.tex) (/usr/share/texlive/texmf-dist/tex/generic/pgfplots/pgfplotsplothandlers.code.tex (/usr/share/texlive/texmf-dist/tex/generic/pgfplots/pgfplotsmeshplothandler.code.tex (/usr/share/texlive/texmf-dist/tex/generic/pgfplots/pgfplotsmeshplotimage.code.tex))) (/usr/share/texlive/texmf-dist/tex/generic/pgfplots/pgfplots.scaling.code.tex) (/usr/share/texlive/texmf-dist/tex/generic/pgfplots/pgfplotscoordprocessing.code.tex) (/usr/share/texlive/texmf-dist/tex/generic/pgfplots/pgfplots.errorbars.code.tex) (/usr/share/texlive/texmf-dist/tex/generic/pgfplots/pgfplots.markers.code.tex) (/usr/share/texlive/texmf-dist/tex/generic/pgfplots/pgfplotsticks.code.tex) (/usr/share/texlive/texmf-dist/tex/generic/pgfplots/pgfplots.paths.code.tex) (/usr/share/texlive/texmf-dist/tex/generic/pgf/frontendlayer/tikz/libraries/tikzlibrarydecorations.code.tex (/usr/share/texlive/texmf-dist/tex/generic/pgf/modules/pgfmoduledecorations.code.tex
\pgfdecoratedcompleteddistance=\dimen330
\pgfdecoratedremainingdistance=\dimen331
\pgfdecoratedinputsegmentcompleteddistance=\dimen332
\pgfdecoratedinputsegmentremainingdistance=\dimen333
\pgf@decorate@distancetomove=\dimen334
\pgf@decorate@repeatstate=\count347
\pgfdecorationsegmentamplitude=\dimen335
\pgfdecorationsegmentlength=\dimen336
)
\tikz@lib@dec@box=\box85
) (/usr/share/texlive/texmf-dist/tex/generic/pgf/frontendlayer/tikz/libraries/tikzlibrarydecorations.pathmorphing.code.tex (/usr/share/texlive/texmf-dist/tex/generic/pgf/libraries/decorations/pgflibrarydecorations.pathmorphing.code.tex)) (/usr/share/texlive/texmf-dist/tex/generic/pgf/frontendlayer/tikz/libraries/tikzlibrarydecorations.pathreplacing.code.tex (/usr/share/texlive/texmf-dist/tex/generic/pgf/libraries/decorations/pgflibrarydecorations.pathreplacing.code.tex)) (/usr/share/texlive/texmf-dist/tex/generic/pgfplots/libs/tikzlibrarypgfplots.contourlua.code.tex)
\pgfplots@numplots=\count348
\pgfplots@xmin@reg=\dimen337
\pgfplots@xmax@reg=\dimen338
\pgfplots@ymin@reg=\dimen339
\pgfplots@ymax@reg=\dimen340
\pgfplots@zmin@reg=\dimen341
\pgfplots@zmax@reg=\dimen342
) (/usr/share/texlive/texmf-dist/tex/generic/pgf/frontendlayer/tikz/libraries/tikzlibraryplotmarks.code.tex
File: tikzlibraryplotmarks.code.tex 2023-01-15 v3.1.10 (3.1.10)
 (/usr/share/texlive/texmf-dist/tex/generic/pgf/libraries/pgflibraryplotmarks.code.tex
File: pgflibraryplotmarks.code.tex 2023-01-15 v3.1.10 (3.1.10)
))) (/usr/share/texlive/texmf-dist/tex/latex/jknapltx/mathrsfs.sty
Package: mathrsfs 1996/01/01 Math RSFS package v1.0 (jk)
\symrsfs=\mathgroup10
) (/usr/share/texlive/texmf-dist/tex/latex/varwidth/varwidth.sty
Package: varwidth 2009/03/30 ver 0.92;  Variable-width minipages
\@vwid@box=\box86
\sift@deathcycles=\count349
\@vwid@loff=\dimen343
\@vwid@roff=\dimen344
) (/usr/share/texlive/texmf-dist/tex/latex/tcolorbox/tcolorbox.sty
Package: tcolorbox 2024/01/10 version 6.2.0 text color boxes
 (/usr/share/texlive/texmf-dist/tex/latex/tools/verbatim.sty
Package: verbatim 2023-11-06 v1.5v LaTeX2e package for verbatim enhancements
\every@verbatim=\toks61
\verbatim@line=\toks62
\verbatim@in@stream=\read4
) (/usr/share/texlive/texmf-dist/tex/latex/environ/environ.sty
Package: environ 2014/05/04 v0.3 A new way to define environments
 (/usr/share/texlive/texmf-dist/tex/latex/trimspaces/trimspaces.sty
Package: trimspaces 2009/09/17 v1.1 Trim spaces around a token list
))
\tcb@titlebox=\box87
\tcb@upperbox=\box88
\tcb@lowerbox=\box89
\tcb@phantombox=\box90
\c@tcbbreakpart=\count350
\c@tcblayer=\count351
\c@tcolorbox@number=\count352
\l__tcobox_tmpa_box=\box91
\l__tcobox_tmpa_dim=\dimen345
\tcb@temp=\box92
\tcb@temp=\box93
\tcb@temp=\box94
\tcb@temp=\box95
 (/usr/share/texlive/texmf-dist/tex/latex/tcolorbox/tcbraster.code.tex
Library (tcolorbox): 'tcbraster.code.tex' version '6.2.0'
\c@tcbrastercolumn=\count353
\c@tcbrasterrow=\count354
\c@tcbrasternum=\count355
\c@tcbraster=\count356
) (/usr/share/texlive/texmf-dist/tex/latex/tcolorbox/tcbskins.code.tex
Library (tcolorbox): 'tcbskins.code.tex' version '6.2.0'
(/usr/share/texlive/texmf-dist/tex/latex/tikzfill/tikzfill.image.sty
Package: tikzfill.image 2023/08/08 v1.0.1 Image filling library for TikZ
 (/usr/share/texlive/texmf-dist/tex/latex/tikzfill/tikzfill-common.sty
Package: tikzfill-common 2023/08/08 v1.0.1 Auxiliary code for tikzfill
) (/usr/share/texlive/texmf-dist/tex/latex/tikzfill/tikzlibraryfill.image.code.tex
File: tikzlibraryfill.image.code.tex 2023/08/08 v1.0.1 Image filling library
\l__tikzfill_img_box=\box96
)) (/usr/share/texlive/texmf-dist/tex/latex/tcolorbox/tcbskinsjigsaw.code.tex
Library (tcolorbox): 'tcbskinsjigsaw.code.tex' version '6.2.0'
)) (/usr/share/texlive/texmf-dist/tex/latex/tcolorbox/tcbbreakable.code.tex
Library (tcolorbox): 'tcbbreakable.code.tex' version '6.2.0'
(/usr/share/texlive/texmf-dist/tex/latex/pdfcol/pdfcol.sty
Package: pdfcol 2022-09-21 v1.7 Handle new color stacks for pdfTeX (HO)
)
Package pdfcol Info: New color stack `tcb@breakable' = 1 on input line 23.
\tcb@testbox=\box97
\tcb@totalupperbox=\box98
\tcb@totallowerbox=\box99
) (/usr/share/texlive/texmf-dist/tex/latex/tcolorbox/tcbhooks.code.tex
Library (tcolorbox): 'tcbhooks.code.tex' version '6.2.0'
) (/usr/share/texlive/texmf-dist/tex/latex/tcolorbox/tcbtheorems.code.tex
Library (tcolorbox): 'tcbtheorems.code.tex' version '6.2.0'
) (/usr/share/texlive/texmf-dist/tex/latex/tcolorbox/tcbfitting.code.tex
Library (tcolorbox): 'tcbfitting.code.tex' version '6.2.0'
\tcbfitdim=\dimen346
\tcb@lowerfitdim=\dimen347
\tcb@upperfitdim=\dimen348
\tcb@cur@hbadness=\count357
) (/usr/share/texlive/texmf-dist/tex/latex/tcolorbox/tcblistingsutf8.code.tex
Library (tcolorbox): 'tcblistingsutf8.code.tex' version '6.2.0'
(/usr/share/texlive/texmf-dist/tex/latex/tcolorbox/tcblistings.code.tex
Library (tcolorbox): 'tcblistings.code.tex' version '6.2.0'
(/usr/share/texlive/texmf-dist/tex/latex/listings/listings.sty
\lst@mode=\count358
\lst@gtempboxa=\box100
\lst@token=\toks63
\lst@length=\count359
\lst@currlwidth=\dimen349
\lst@column=\count360
\lst@pos=\count361
\lst@lostspace=\dimen350
\lst@width=\dimen351
\lst@newlines=\count362
\lst@lineno=\count363
\lst@maxwidth=\dimen352
 (/usr/share/texlive/texmf-dist/tex/latex/listings/lstmisc.sty
File: lstmisc.sty 2023/02/27 1.9 (Carsten Heinz)
\c@lstnumber=\count364
\lst@skipnumbers=\count365
\lst@framebox=\box101
) (/usr/share/texlive/texmf-dist/tex/latex/listings/listings.cfg
File: listings.cfg 2023/02/27 1.9 listings configuration
))
Package: listings 2023/02/27 1.9 (Carsten Heinz)
 (/usr/share/texlive/texmf-dist/tex/latex/tcolorbox/tcblistingscore.code.tex
Library (tcolorbox): 'tcblistingscore.code.tex' version '6.2.0'
(/usr/share/texlive/texmf-dist/tex/latex/tcolorbox/tcbprocessing.code.tex
Library (tcolorbox): 'tcbprocessing.code.tex' version '6.2.0'
)
\c@tcblisting=\count366
)) (/usr/share/texlive/texmf-dist/tex/latex/listingsutf8/listingsutf8.sty
Package: listingsutf8 2019-12-10 v1.5 Allow UTF-8 in listings input (HO)
 (/usr/share/texlive/texmf-dist/tex/generic/stringenc/stringenc.sty
Package: stringenc 2019/11/29 v1.12 Convert strings between diff. encodings (HO)
 (/usr/share/texlive/texmf-dist/tex/generic/pdfescape/pdfescape.sty
Package: pdfescape 2019/12/09 v1.15 Implements pdfTeX's escape features (HO)
)))) (/usr/share/texlive/texmf-dist/tex/latex/tcolorbox/tcbexternal.code.tex
Library (tcolorbox): 'tcbexternal.code.tex' version '6.2.0'
) (/usr/share/texlive/texmf-dist/tex/latex/tcolorbox/tcbmagazine.code.tex
Library (tcolorbox): 'tcbmagazine.code.tex' version '6.2.0'
) (/usr/share/texlive/texmf-dist/tex/latex/tcolorbox/tcbvignette.code.tex
Library (tcolorbox): 'tcbvignette.code.tex' version '6.2.0'
(/usr/share/texlive/texmf-dist/tex/generic/pgf/frontendlayer/tikz/libraries/tikzlibraryfadings.code.tex
File: tikzlibraryfadings.code.tex 2023-01-15 v3.1.10 (3.1.10)
 (/usr/share/texlive/texmf-dist/tex/generic/pgf/libraries/pgflibraryfadings.code.tex
File: pgflibraryfadings.code.tex 2023-01-15 v3.1.10 (3.1.10)
))) (/usr/share/texlive/texmf-dist/tex/latex/tcolorbox/tcbposter.code.tex
Library (tcolorbox): 'tcbposter.code.tex' version '6.2.0'
)) (/usr/share/texlive/texmf-dist/tex/latex/adjustbox/adjustbox.sty
Package: adjustbox 2022/10/17 v1.3a Adjusting TeX boxes (trim, clip, ...)
 (/usr/share/texlive/texmf-dist/tex/latex/adjustbox/adjcalc.sty
Package: adjcalc 2012/05/16 v1.1 Provides advanced setlength with multiple back-ends (calc, etex, pgfmath)
) (/usr/share/texlive/texmf-dist/tex/latex/adjustbox/trimclip.sty
Package: trimclip 2020/08/19 v1.2 Trim and clip general TeX material
 (/usr/share/texlive/texmf-dist/tex/latex/collectbox/collectbox.sty
Package: collectbox 2022/10/17 v0.4c Collect macro arguments as boxes
\collectedbox=\box102
)
\tc@llx=\dimen353
\tc@lly=\dimen354
\tc@urx=\dimen355
\tc@ury=\dimen356
Package trimclip Info: Using driver 'tc-pdftex.def'.
 (/usr/share/texlive/texmf-dist/tex/latex/adjustbox/tc-pdftex.def
File: tc-pdftex.def 2019/01/04 v2.2 Clipping driver for pdftex
))
\adjbox@Width=\dimen357
\adjbox@Height=\dimen358
\adjbox@Depth=\dimen359
\adjbox@Totalheight=\dimen360
\adjbox@pwidth=\dimen361
\adjbox@pheight=\dimen362
\adjbox@pdepth=\dimen363
\adjbox@ptotalheight=\dimen364
 (/usr/share/texlive/texmf-dist/tex/latex/ifoddpage/ifoddpage.sty
Package: ifoddpage 2022/10/18 v1.2 Conditionals for odd/even page detection
\c@checkoddpage=\count367
)) (/usr/share/texlive/texmf-dist/tex/latex/svg/svg.sty
Package: svg 2020/11/26 v2.02k (include SVG pictures)
 (/usr/share/texlive/texmf-dist/tex/latex/tools/shellesc.sty
Package: shellesc 2023/07/08 v1.0d unified shell escape interface for LaTeX
Package shellesc Info: Unrestricted shell escape enabled on input line 75.
) (/usr/share/texlive/texmf-dist/tex/latex/ifplatform/ifplatform.sty
Package: ifplatform 2017/10/13 v0.4a Testing for the operating system
 (/usr/share/texlive/texmf-dist/tex/generic/catchfile/catchfile.sty
Package: catchfile 2019/12/09 v1.8 Catch the contents of a file (HO)
 (/usr/share/texlive/texmf-dist/tex/generic/etexcmds/etexcmds.sty
Package: etexcmds 2019/12/15 v1.7 Avoid name clashes with e-TeX commands (HO)
)) (/usr/share/texlive/texmf-dist/tex/generic/iftex/ifluatex.sty
Package: ifluatex 2019/10/25 v1.5 ifluatex legacy package. Use iftex instead.
)
runsystem(uname -s > "Skript.w18")...executed.

 (./Skript.w18)
runsystem(rm -- "Skript.w18")...executed.

)
\c@svg@param@lastpage=\count368
\svg@box=\box103
\c@svg@param@currpage=\count369
) (/usr/share/texlive/texmf-dist/tex/latex/transparent/transparent.sty
Package: transparent 2022-10-27 v1.5 Transparency with color stacks
 (/usr/share/texlive/texmf-dist/tex/latex/transparent/transparent-nometadata.sty
Package: transparent-nometadata 2022-10-27 v1.5 Transparency via pdfTeX's color stack (HO)
 (/usr/share/texlive/texmf-dist/tex/latex/auxhook/auxhook.sty
Package: auxhook 2019-12-17 v1.6 Hooks for auxiliary files (HO)
))) (/usr/share/texlive/texmf-dist/tex/latex/overpic/overpic.sty
Package: overpic 2024/01/06 2.1 picture overlays (RN)
 (/usr/share/texlive/texmf-dist/tex/latex/eepic/epic.sty
Enhancements to Picture Environment. Version 1.2 - Released June 1, 1986
\@@multicnt=\count370
\d@lta=\count371
\@delta=\dimen365
\@@delta=\dimen366
\@gridcnt=\count372
\@joinkind=\count373
\@dotgap=\dimen367
\@ddotgap=\dimen368
\@x@diff=\count374
\@y@diff=\count375
\x@diff=\dimen369
\y@diff=\dimen370
\@dotbox=\box104
\num@segments=\count376
\num@segmentsi=\count377
\@datafile=\read5
)
\OVP@box=\box105
) (/usr/share/texlive/texmf-dist/tex/latex/silence/silence.sty
Package: silence 2012/07/02 v1.5b Selective filtering of warnings and error messages
\sl@Save=\count378
\sl@StateNumber=\count379
\sl@MessageCount=\count380
\sl@Casualties=\count381
\sl@Filter=\toks64
\sl@Message=\toks65
\sl@UnexpandedMessage=\toks66
\sl@Mess@ge=\toks67
\sl@WarningCount=\count382
\sl@WarningNumber=\count383
\sl@WarningCasualties=\count384
\sl@TempBOW=\toks68
\sl@BankOfWarnings=\toks69
LaTeX Info: Redefining \GenericWarning on input line 433.
\sl@ErrorCount=\count385
\sl@ErrorNumber=\count386
\sl@ErrorCasualties=\count387
\sl@TempBOE=\toks70
\sl@BankOfErrors=\toks71
LaTeX Info: Redefining \GenericError on input line 601.
) (/usr/share/texlive/texmf-dist/tex/generic/pgf/frontendlayer/tikz/libraries/tikzlibraryarrows.code.tex
File: tikzlibraryarrows.code.tex 2023-01-15 v3.1.10 (3.1.10)
 (/usr/share/texlive/texmf-dist/tex/generic/pgf/libraries/pgflibraryarrows.code.tex
File: pgflibraryarrows.code.tex 2023-01-15 v3.1.10 (3.1.10)
\arrowsize=\dimen371
)) (/usr/share/texlive/texmf-dist/tex/generic/pgf/frontendlayer/tikz/libraries/datavisualization/tikzlibrarydatavisualization.code.tex
File: tikzlibrarydatavisualization.code.tex 2023-01-15 v3.1.10 (3.1.10)
 (/usr/share/texlive/texmf-dist/tex/generic/pgf/modules/pgfmoduledatavisualization.code.tex
File: pgfmoduledatavisualization.code.tex 2023-01-15 v3.1.10 (3.1.10)
 (/usr/share/texlive/texmf-dist/tex/generic/pgf/modules/pgfmoduleoo.code.tex
\pgfoo@objectcount=\count388
\pgfoothis@count=\count389
\pgfoo@toks=\toks72
)
\pgf@lib@dv@cache@count=\count390
\pgf@lib@dv@cache@count=\count391
) (/usr/share/texlive/texmf-dist/tex/generic/pgf/frontendlayer/tikz/libraries/tikzlibrarybackgrounds.code.tex
File: tikzlibrarybackgrounds.code.tex 2023-01-15 v3.1.10 (3.1.10)
\pgf@layerbox@background=\box106
\pgf@layerboxsaved@background=\box107
)
\tikzdvvisualizercounter=\count392
) (/usr/share/texlive/texmf-dist/tex/generic/pgf/frontendlayer/tikz/libraries/tikzlibraryangles.code.tex
File: tikzlibraryangles.code.tex 2023-01-15 v3.1.10 (3.1.10)
) (/usr/share/texlive/texmf-dist/tex/generic/pgf/frontendlayer/tikz/libraries/tikzlibrarydecorations.markings.code.tex (/usr/share/texlive/texmf-dist/tex/generic/pgf/libraries/decorations/pgflibrarydecorations.markings.code.tex)) (/usr/share/texlive/texmf-dist/tex/generic/pgf/frontendlayer/tikz/libraries/tikzlibrarypatterns.code.tex
File: tikzlibrarypatterns.code.tex 2023-01-15 v3.1.10 (3.1.10)
 (/usr/share/texlive/texmf-dist/tex/generic/pgf/libraries/pgflibrarypatterns.code.tex
File: pgflibrarypatterns.code.tex 2023-01-15 v3.1.10 (3.1.10)
)) (/usr/share/texlive/texmf-dist/tex/generic/pgf/frontendlayer/tikz/libraries/tikzlibraryshapes.geometric.code.tex
File: tikzlibraryshapes.geometric.code.tex 2023-01-15 v3.1.10 (3.1.10)
 (/usr/share/texlive/texmf-dist/tex/generic/pgf/libraries/shapes/pgflibraryshapes.geometric.code.tex
File: pgflibraryshapes.geometric.code.tex 2023-01-15 v3.1.10 (3.1.10)
)) (/usr/share/texlive/texmf-dist/tex/generic/pgfplots/libs/tikzlibrarypgfplots.fillbetween.code.tex (/usr/share/texlive/texmf-dist/tex/generic/pgfplots/pgfcontrib/tikzlibraryfillbetween.code.tex (/usr/share/texlive/texmf-dist/tex/generic/pgf/frontendlayer/tikz/libraries/tikzlibraryintersections.code.tex (/usr/share/texlive/texmf-dist/tex/generic/pgf/libraries/pgflibraryintersections.code.tex
\pgf@intersect@solutions=\count393
)) (/usr/share/texlive/texmf-dist/tex/generic/pgfplots/pgfcontrib/tikzlibrarydecorations.softclip.code.tex (/usr/share/texlive/texmf-dist/tex/generic/pgfplots/pgfcontrib/pgflibraryfillbetween.code.tex))) (/usr/share/texlive/texmf-dist/tex/generic/pgfplots/libs/tikzlibrarypgfplots.decorations.softclip.code.tex))
\Colsep=\skip71
 (/usr/share/texlive/texmf-dist/tex/latex/ragged2e/ragged2e.sty
Package: ragged2e 2023/06/22 v3.6 ragged2e Package
\CenteringLeftskip=\skip72
\RaggedLeftLeftskip=\skip73
\RaggedRightLeftskip=\skip74
\CenteringRightskip=\skip75
\RaggedLeftRightskip=\skip76
\RaggedRightRightskip=\skip77
\CenteringParfillskip=\skip78
\RaggedLeftParfillskip=\skip79
\RaggedRightParfillskip=\skip80
\JustifyingParfillskip=\skip81
\CenteringParindent=\skip82
\RaggedLeftParindent=\skip83
\RaggedRightParindent=\skip84
\JustifyingParindent=\skip85
)) (../Templates/SkriptSettings.tex (/usr/share/texlive/texmf-dist/tex/latex/fancyhdr/fancyhdr.sty
Package: fancyhdr 2022/11/09 v4.1 Extensive control of page headers and footers
\f@nch@headwidth=\skip86
\f@nch@O@elh=\skip87
\f@nch@O@erh=\skip88
\f@nch@O@olh=\skip89
\f@nch@O@orh=\skip90
\f@nch@O@elf=\skip91
\f@nch@O@erf=\skip92
\f@nch@O@olf=\skip93
\f@nch@O@orf=\skip94
) (/usr/share/texlive/texmf-dist/tex/latex/sanitize-umlaut/sanitize-umlaut.sty
Package: sanitize-umlaut 2023/05/15 version 1.3.0 sanitize umlauts
Package sanitize-umlaut Info: encoding utf8 selected on input line 99.
) (/usr/share/texlive/texmf-dist/tex/latex/hyperref/hyperref.sty
Package: hyperref 2024-01-20 v7.01h Hypertext links for LaTeX
 (/usr/share/texlive/texmf-dist/tex/latex/kvsetkeys/kvsetkeys.sty
Package: kvsetkeys 2022-10-05 v1.19 Key value parser (HO)
) (/usr/share/texlive/texmf-dist/tex/generic/kvdefinekeys/kvdefinekeys.sty
Package: kvdefinekeys 2019-12-19 v1.6 Define keys (HO)
) (/usr/share/texlive/texmf-dist/tex/latex/hycolor/hycolor.sty
Package: hycolor 2020-01-27 v1.10 Color options for hyperref/bookmark (HO)
) (/usr/share/texlive/texmf-dist/tex/latex/hyperref/nameref.sty
Package: nameref 2023-11-26 v2.56 Cross-referencing by name of section
 (/usr/share/texlive/texmf-dist/tex/latex/refcount/refcount.sty
Package: refcount 2019/12/15 v3.6 Data extraction from label references (HO)
) (/usr/share/texlive/texmf-dist/tex/generic/gettitlestring/gettitlestring.sty
Package: gettitlestring 2019/12/15 v1.6 Cleanup title references (HO)
 (/usr/share/texlive/texmf-dist/tex/latex/kvoptions/kvoptions.sty
Package: kvoptions 2022-06-15 v3.15 Key value format for package options (HO)
))
\c@section@level=\count394
)
\@linkdim=\dimen372
\Hy@linkcounter=\count395
\Hy@pagecounter=\count396
 (/usr/share/texlive/texmf-dist/tex/latex/hyperref/pd1enc.def
File: pd1enc.def 2024-01-20 v7.01h Hyperref: PDFDocEncoding definition (HO)
Now handling font encoding PD1 ...
... no UTF-8 mapping file for font encoding PD1
) (/usr/share/texlive/texmf-dist/tex/generic/intcalc/intcalc.sty
Package: intcalc 2019/12/15 v1.3 Expandable calculations with integers (HO)
)
\Hy@SavedSpaceFactor=\count397
 (/usr/share/texlive/texmf-dist/tex/latex/hyperref/puenc.def
File: puenc.def 2024-01-20 v7.01h Hyperref: PDF Unicode definition (HO)
Now handling font encoding PU ...
... no UTF-8 mapping file for font encoding PU
)
Package hyperref Info: Option `bookmarks' set `true' on input line 4062.
Package hyperref Info: Option `bookmarksopen' set `false' on input line 4062.
Package hyperref Info: Option `colorlinks' set `true' on input line 4062.
Package hyperref Info: Option `bookmarksnumbered' set `true' on input line 4062.
Package hyperref Info: Hyper figures OFF on input line 4179.
Package hyperref Info: Link nesting OFF on input line 4184.
Package hyperref Info: Hyper index ON on input line 4187.
Package hyperref Info: Plain pages OFF on input line 4194.
Package hyperref Info: Backreferencing OFF on input line 4199.
Package hyperref Info: Implicit mode ON; LaTeX internals redefined.
Package hyperref Info: Bookmarks ON on input line 4446.
\c@Hy@tempcnt=\count398
 (/usr/share/texlive/texmf-dist/tex/latex/url/url.sty
\Urlmuskip=\muskip20
Package: url 2013/09/16  ver 3.4  Verb mode for urls, etc.
)
LaTeX Info: Redefining \url on input line 4784.
\XeTeXLinkMargin=\dimen373
 (/usr/share/texlive/texmf-dist/tex/generic/bitset/bitset.sty
Package: bitset 2019/12/09 v1.3 Handle bit-vector datatype (HO)
 (/usr/share/texlive/texmf-dist/tex/generic/bigintcalc/bigintcalc.sty
Package: bigintcalc 2019/12/15 v1.5 Expandable calculations on big integers (HO)
))
\Fld@menulength=\count399
\Field@Width=\dimen374
\Fld@charsize=\dimen375
Package hyperref Info: Hyper figures OFF on input line 6063.
Package hyperref Info: Link nesting OFF on input line 6068.
Package hyperref Info: Hyper index ON on input line 6071.
Package hyperref Info: backreferencing OFF on input line 6078.
Package hyperref Info: Link coloring ON on input line 6081.
Package hyperref Info: Link coloring with OCG OFF on input line 6088.
Package hyperref Info: PDF/A mode OFF on input line 6093.
 (/usr/share/texlive/texmf-dist/tex/latex/base/atbegshi-ltx.sty
Package: atbegshi-ltx 2021/01/10 v1.0c Emulation of the original atbegshi
package with kernel methods
)
\Hy@abspage=\count400
\c@Item=\count401
\c@Hfootnote=\count402
)
Package hyperref Info: Driver: hpdftex.
 (/usr/share/texlive/texmf-dist/tex/latex/hyperref/hpdftex.def
File: hpdftex.def 2024-01-20 v7.01h Hyperref driver for pdfTeX
 (/usr/share/texlive/texmf-dist/tex/latex/base/atveryend-ltx.sty
Package: atveryend-ltx 2020/08/19 v1.0a Emulation of the original atveryend package
with kernel methods
)
\Fld@listcount=\count403
\c@bookmark@seq@number=\count404
 (/usr/share/texlive/texmf-dist/tex/latex/rerunfilecheck/rerunfilecheck.sty
Package: rerunfilecheck 2022-07-10 v1.10 Rerun checks for auxiliary files (HO)
 (/usr/share/texlive/texmf-dist/tex/generic/uniquecounter/uniquecounter.sty
Package: uniquecounter 2019/12/15 v1.4 Provide unlimited unique counter (HO)
)
Package uniquecounter Info: New unique counter `rerunfilecheck' on input line 285.
)
\Hy@SectionHShift=\skip95
) (/usr/share/texlive/texmf-dist/tex/latex/hf-tikz/hf-tikz.sty
Package: hf-tikz 2014/07/25 v0.3a A simple way to highlight formulas and formula parts.
 (/usr/share/texlive/texmf-dist/tex/generic/pgf/frontendlayer/tikz/libraries/tikzlibraryshadings.code.tex
File: tikzlibraryshadings.code.tex 2023-01-15 v3.1.10 (3.1.10)
 (/usr/share/texlive/texmf-dist/tex/generic/pgf/libraries/pgflibraryshadings.code.tex
File: pgflibraryshadings.code.tex 2023-01-15 v3.1.10 (3.1.10)
))) (/usr/share/texlive/texmf-dist/tex/latex/enumitem/enumitem.sty
Package: enumitem 2019/06/20 v3.9 Customized lists
\labelindent=\skip96
\enit@outerparindent=\dimen376
\enit@toks=\toks73
\enit@inbox=\box108
\enit@count@id=\count405
\enitdp@description=\count406
) (/usr/share/texlive/texmf-dist/tex/latex/todonotes/todonotes.sty
Package: todonotes 2024/01/05 v1.1.7 Todonotes source and documentation.
Package: todonotes 2024/01/05
 (/usr/share/texlive/texmf-dist/tex/generic/pgf/frontendlayer/tikz/libraries/tikzlibrarypositioning.code.tex
File: tikzlibrarypositioning.code.tex 2023-01-15 v3.1.10 (3.1.10)
)
\c@@todonotes@numberoftodonotes=\count407
)
\@nomenclaturefile=\write4
\openout4 = `Skript.nlo'.

Package nomencl Info: Writing nomenclature file Skript.nlo on input line 19.
\@indexfile=\write5
\openout5 = `Skript.idx'.


Writing index file Skript.idx
\c@tcb@cnt@bsp=\count408
\c@tcb@cnt@expl=\count409
(/usr/share/texlive/texmf-dist/tex/latex/biblatex/biblatex.sty
Package: biblatex 2023/03/05 v3.19 programmable bibliographies (PK/MW)
 (/usr/share/texlive/texmf-dist/tex/latex/logreq/logreq.sty
Package: logreq 2010/08/04 v1.0 xml request logger
\lrq@indent=\count410
 (/usr/share/texlive/texmf-dist/tex/latex/logreq/logreq.def
File: logreq.def 2010/08/04 v1.0 logreq spec v1.0
))
\c@tabx@nest=\count411
\c@listtotal=\count412
\c@listcount=\count413
\c@liststart=\count414
\c@liststop=\count415
\c@citecount=\count416
\c@citetotal=\count417
\c@multicitecount=\count418
\c@multicitetotal=\count419
\c@instcount=\count420
\c@maxnames=\count421
\c@minnames=\count422
\c@maxitems=\count423
\c@minitems=\count424
\c@citecounter=\count425
\c@maxcitecounter=\count426
\c@savedcitecounter=\count427
\c@uniquelist=\count428
\c@uniquename=\count429
\c@refsection=\count430
\c@refsegment=\count431
\c@maxextratitle=\count432
\c@maxextratitleyear=\count433
\c@maxextraname=\count434
\c@maxextradate=\count435
\c@maxextraalpha=\count436
\c@abbrvpenalty=\count437
\c@highnamepenalty=\count438
\c@lownamepenalty=\count439
\c@maxparens=\count440
\c@parenlevel=\count441
\blx@tempcnta=\count442
\blx@tempcntb=\count443
\blx@tempcntc=\count444
\c@blx@maxsection=\count445
\blx@maxsegment@0=\count446
\blx@notetype=\count447
\blx@parenlevel@text=\count448
\blx@parenlevel@foot=\count449
\blx@sectionciteorder@0=\count450
\blx@sectionciteorderinternal@0=\count451
\blx@entrysetcounter=\count452
\blx@biblioinstance=\count453
\labelnumberwidth=\skip97
\labelalphawidth=\skip98
\biblabelsep=\skip99
\bibitemsep=\skip100
\bibnamesep=\skip101
\bibinitsep=\skip102
\bibparsep=\skip103
\bibhang=\skip104
\blx@bcfin=\read6
\blx@bcfout=\write6
\blx@langwohyphens=\language15
\c@mincomprange=\count454
\c@maxcomprange=\count455
\c@mincompwidth=\count456
Package biblatex Info: Trying to load biblatex default data model...
Package biblatex Info: ... file 'blx-dm.def' found.
 (/usr/share/texlive/texmf-dist/tex/latex/biblatex/blx-dm.def
File: blx-dm.def 2023/03/05 v3.19 biblatex localization (PK/MW)
)
Package biblatex Info: Trying to load biblatex custom data model...
Package biblatex Info: ... file 'biblatex-dm.cfg' not found.
\c@afterword=\count457
\c@savedafterword=\count458
\c@annotator=\count459
\c@savedannotator=\count460
\c@author=\count461
\c@savedauthor=\count462
\c@bookauthor=\count463
\c@savedbookauthor=\count464
\c@commentator=\count465
\c@savedcommentator=\count466
\c@editor=\count467
\c@savededitor=\count468
\c@editora=\count469
\c@savededitora=\count470
\c@editorb=\count471
\c@savededitorb=\count472
\c@editorc=\count473
\c@savededitorc=\count474
\c@foreword=\count475
\c@savedforeword=\count476
\c@holder=\count477
\c@savedholder=\count478
\c@introduction=\count479
\c@savedintroduction=\count480
\c@namea=\count481
\c@savednamea=\count482
\c@nameb=\count483
\c@savednameb=\count484
\c@namec=\count485
\c@savednamec=\count486
\c@translator=\count487
\c@savedtranslator=\count488
\c@shortauthor=\count489
\c@savedshortauthor=\count490
\c@shorteditor=\count491
\c@savedshorteditor=\count492
\c@labelname=\count493
\c@savedlabelname=\count494
\c@institution=\count495
\c@savedinstitution=\count496
\c@lista=\count497
\c@savedlista=\count498
\c@listb=\count499
\c@savedlistb=\count500
\c@listc=\count501
\c@savedlistc=\count502
\c@listd=\count503
\c@savedlistd=\count504
\c@liste=\count505
\c@savedliste=\count506
\c@listf=\count507
\c@savedlistf=\count508
\c@location=\count509
\c@savedlocation=\count510
\c@organization=\count511
\c@savedorganization=\count512
\c@origlocation=\count513
\c@savedoriglocation=\count514
\c@origpublisher=\count515
\c@savedorigpublisher=\count516
\c@publisher=\count517
\c@savedpublisher=\count518
\c@language=\count519
\c@savedlanguage=\count520
\c@origlanguage=\count521
\c@savedoriglanguage=\count522
\c@pageref=\count523
\c@savedpageref=\count524
\shorthandwidth=\skip105
\shortjournalwidth=\skip106
\shortserieswidth=\skip107
\shorttitlewidth=\skip108
\shortauthorwidth=\skip109
\shorteditorwidth=\skip110
\locallabelnumberwidth=\skip111
\locallabelalphawidth=\skip112
\localshorthandwidth=\skip113
\localshortjournalwidth=\skip114
\localshortserieswidth=\skip115
\localshorttitlewidth=\skip116
\localshortauthorwidth=\skip117
\localshorteditorwidth=\skip118
Package biblatex Info: Trying to load compatibility code...
Package biblatex Info: ... file 'blx-compat.def' found.
 (/usr/share/texlive/texmf-dist/tex/latex/biblatex/blx-compat.def
File: blx-compat.def 2023/03/05 v3.19 biblatex compatibility (PK/MW)
)
Package biblatex Info: Trying to load generic definitions...
Package biblatex Info: ... file 'biblatex.def' found.
 (/usr/share/texlive/texmf-dist/tex/latex/biblatex/biblatex.def
File: biblatex.def 2023/03/05 v3.19 biblatex compatibility (PK/MW)
\c@textcitecount=\count525
\c@textcitetotal=\count526
\c@textcitemaxnames=\count527
\c@biburlbigbreakpenalty=\count528
\c@biburlbreakpenalty=\count529
\c@biburlnumpenalty=\count530
\c@biburlucpenalty=\count531
\c@biburllcpenalty=\count532
\biburlbigskip=\muskip21
\biburlnumskip=\muskip22
\biburlucskip=\muskip23
\biburllcskip=\muskip24
\c@smartand=\count533
)
Package biblatex Info: Trying to load bibliography style 'numeric'...
Package biblatex Info: ... file 'numeric.bbx' found.
 (/usr/share/texlive/texmf-dist/tex/latex/biblatex/bbx/numeric.bbx
File: numeric.bbx 2023/03/05 v3.19 biblatex bibliography style (PK/MW)
Package biblatex Info: Trying to load bibliography style 'standard'...
Package biblatex Info: ... file 'standard.bbx' found.
 (/usr/share/texlive/texmf-dist/tex/latex/biblatex/bbx/standard.bbx
File: standard.bbx 2023/03/05 v3.19 biblatex bibliography style (PK/MW)
\c@bbx:relatedcount=\count534
\c@bbx:relatedtotal=\count535
))
Package biblatex Info: Trying to load citation style 'numeric'...
Package biblatex Info: ... file 'numeric.cbx' found.
 (/usr/share/texlive/texmf-dist/tex/latex/biblatex/cbx/numeric.cbx
File: numeric.cbx 2023/03/05 v3.19 biblatex citation style (PK/MW)
Package biblatex Info: Redefining '\cite'.
Package biblatex Info: Redefining '\parencite'.
Package biblatex Info: Redefining '\footcite'.
Package biblatex Info: Redefining '\footcitetext'.
Package biblatex Info: Redefining '\smartcite'.
Package biblatex Info: Redefining '\supercite'.
Package biblatex Info: Redefining '\textcite'.
Package biblatex Info: Redefining '\textcites'.
Package biblatex Info: Redefining '\cites'.
Package biblatex Info: Redefining '\parencites'.
Package biblatex Info: Redefining '\smartcites'.
)
Package biblatex Info: Trying to load configuration file...
Package biblatex Info: ... file 'biblatex.cfg' found.
 (/usr/share/texlive/texmf-dist/tex/latex/biblatex/biblatex.cfg
File: biblatex.cfg 
)
Package biblatex Info: Input encoding 'utf8' detected.
Package biblatex Info: Document encoding is UTF8 ....
Package biblatex Info: ... and expl3
(biblatex)             2024-01-22 L3 programming layer (loader) 
(biblatex)             is new enough (at least 2020/04/06),
(biblatex)             setting 'casechanger=expl3'.
 (/usr/share/texlive/texmf-dist/tex/latex/biblatex/blx-case-expl3.sty
Package: blx-case-expl3 2023/03/05 v3.19 expl3 case changing code for biblatex
))) (/usr/share/texlive/texmf-dist/tex/latex/tocbibind/tocbibind.sty
Package: tocbibind 2010/10/13 v1.5k extra ToC listings
Package tocbibind Info: The document has section divisions on input line 50.


Package tocbibind Note: Using section or other style headings.

) (../Video/beamervideo.sty
Package: beamervideo 2023/10/25 Video creation from beamer slides
\speechouts=\write7
\speechRenderVideoScript=\write8
\speechRenderVideoFileList=\write9
\c@videopage=\count536
\c@actualvideopage=\count537
\c@videocounter=\count538
\c@slidecounter=\count539
)

Package biblatex Warning: 'babel/polyglossia' detected but 'csquotes' missing.
(biblatex)                Loading 'csquotes' recommended.

\@quotelevel=\count540
\@quotereset=\count541
(./Skript.aux

LaTeX Warning: Label `ueb:rctiefpass' multiply defined.


LaTeX Warning: Label `ueb:rchochpass' multiply defined.


LaTeX Warning: Label `ueb:rlcs:schwingkreis' multiply defined.


LaTeX Warning: Label `ueb:rrlc:frequenzgang' multiply defined.


LaTeX Warning: Label `ueb:rlcp:schwingkreis' multiply defined.


LaTeX Warning: Label `ueb:rcfilter:zweiterordnung' multiply defined.


LaTeX Warning: Label `ueb:ortskurve:rl' multiply defined.


LaTeX Warning: Label `ueb:ortskurve:rrc' multiply defined.

)
\openout1 = `Skript.aux'.

LaTeX Font Info:    Checking defaults for OML/cmm/m/it on input line 27.
LaTeX Font Info:    ... okay on input line 27.
LaTeX Font Info:    Checking defaults for OMS/cmsy/m/n on input line 27.
LaTeX Font Info:    ... okay on input line 27.
LaTeX Font Info:    Checking defaults for OT1/cmr/m/n on input line 27.
LaTeX Font Info:    ... okay on input line 27.
LaTeX Font Info:    Checking defaults for T1/cmr/m/n on input line 27.
LaTeX Font Info:    ... okay on input line 27.
LaTeX Font Info:    Checking defaults for TS1/cmr/m/n on input line 27.
LaTeX Font Info:    ... okay on input line 27.
LaTeX Font Info:    Checking defaults for OMX/cmex/m/n on input line 27.
LaTeX Font Info:    ... okay on input line 27.
LaTeX Font Info:    Checking defaults for U/cmr/m/n on input line 27.
LaTeX Font Info:    ... okay on input line 27.
LaTeX Font Info:    Checking defaults for PD1/pdf/m/n on input line 27.
LaTeX Font Info:    ... okay on input line 27.
LaTeX Font Info:    Checking defaults for PU/pdf/m/n on input line 27.
LaTeX Font Info:    ... okay on input line 27.
 (/usr/share/texlive/texmf-dist/tex/context/base/mkii/supp-pdf.mkii
[Loading MPS to PDF converter (version 2006.09.02).]
\scratchcounter=\count542
\scratchdimen=\dimen377
\scratchbox=\box109
\nofMPsegments=\count543
\nofMParguments=\count544
\everyMPshowfont=\toks74
\MPscratchCnt=\count545
\MPscratchDim=\dimen378
\MPnumerator=\count546
\makeMPintoPDFobject=\count547
\everyMPtoPDFconversion=\toks75
) (/usr/share/texlive/texmf-dist/tex/latex/epstopdf-pkg/epstopdf-base.sty
Package: epstopdf-base 2020-01-24 v2.11 Base part for package epstopdf
 (/usr/share/texlive/texmf-dist/tex/latex/grfext/grfext.sty
Package: grfext 2019/12/03 v1.3 Manage graphics extensions (HO)
)
Package epstopdf-base Info: Redefining graphics rule for `.eps' on input line 485.
Package grfext Info: Graphics extension search list:
(grfext)             [.pdf,.png,.jpg,.mps,.jpeg,.jbig2,.jb2,.PDF,.PNG,.JPG,.JPEG,.JBIG2,.JB2,.eps]
(grfext)             \AppendGraphicsExtensions on input line 504.
 (/usr/share/texlive/texmf-dist/tex/latex/latexconfig/epstopdf-sys.cfg
File: epstopdf-sys.cfg 2010/07/13 v1.3 Configuration of (r)epstopdf for TeX Live
)) (/usr/share/texlive/texmf-dist/tex/latex/translator/translator-basic-dictionary-English.dict
Dictionary: translator-basic-dictionary, Language: English 
) (/usr/share/texlive/texmf-dist/tex/latex/translator/translator-bibliography-dictionary-English.dict
Dictionary: translator-bibliography-dictionary, Language: English 
) (/usr/share/texlive/texmf-dist/tex/latex/translator/translator-environment-dictionary-English.dict
Dictionary: translator-environment-dictionary, Language: English 
) (/usr/share/texlive/texmf-dist/tex/latex/translator/translator-months-dictionary-English.dict
Dictionary: translator-months-dictionary, Language: English 
) (/usr/share/texlive/texmf-dist/tex/latex/translator/translator-numbers-dictionary-English.dict
Dictionary: translator-numbers-dictionary, Language: English 
) (/usr/share/texlive/texmf-dist/tex/latex/translator/translator-theorem-dictionary-English.dict
Dictionary: translator-theorem-dictionary, Language: English 
)
Package tocbasic Info: usage of `tocbibind' detected on input line 27.
\symgns@font=\mathgroup11
LaTeX Font Info:    Overwriting symbol font `gns@font' in version `bold'
(Font)                  TS1/cmr/m/n --> TS1/cmr/b/n on input line 27.
Package gensymb Info: Math companion symbols declared on input line 27.
LaTeX Info: Redefining \degree on input line 27.
LaTeX Info: Redefining \celsius on input line 27.
Package gensymb Info: Using text companion symbols for \degree, \celsius and \perthousand on input line 27.
LaTeX Info: Redefining \ohm on input line 27.
Package gensymb Info: Using \textohm for \ohm on input line 27.
Package gensymb Info: Using \textmu for \micro on input line 27.
 (/usr/share/texlive/texmf-dist/tex/latex/translations/translations-basic-dictionary-german.trsl
File: translations-basic-dictionary-german.trsl (german translation file `translations-basic-dictionary')
)
Package translations Info: loading dictionary `translations-basic-dictionary' for `german'. on input line 27.
Package caption Info: Begin \AtBeginDocument code.
Package caption Info: float package is loaded.
Package caption Info: hyperref package is loaded.
Package caption Info: listings package is loaded.
Package caption Info: End \AtBeginDocument code.

Package pgfplots notification 'compat/show suggested version=true': document has been generated with the most recent feature set (\pgfplotsset{compat=1.18}).

\c@lstlisting=\count548
Package hyperref Info: Link coloring ON on input line 27.
(./Skript.out) (./Skript.out)
\@outlinefile=\write10
\openout10 = `Skript.out'.

Package biblatex Info: Trying to load language 'ngerman'...
Package biblatex Info: ... file 'ngerman.lbx' found.
 (/usr/share/texlive/texmf-dist/tex/latex/biblatex/lbx/ngerman.lbx
File: ngerman.lbx 2023/03/05 v3.19 biblatex localization (PK/MW)
Package biblatex Info: Trying to load language 'german'...
Package biblatex Info: ... file 'german.lbx' found.
 (/usr/share/texlive/texmf-dist/tex/latex/biblatex/lbx/german.lbx
File: german.lbx 2023/03/05 v3.19 biblatex localization (PK/MW)
)
Package biblatex Info: Trying to load language 'german'...
Package biblatex Info: ... file 'german.lbx' found.
 (/usr/share/texlive/texmf-dist/tex/latex/biblatex/lbx/german.lbx
File: german.lbx 2023/03/05 v3.19 biblatex localization (PK/MW)
))
Package biblatex Info: Input encoding 'utf8' detected.
Package biblatex Info: Automatic encoding selection.
(biblatex)             Assuming data encoding 'utf8'.
\openout6 = `Skript.bcf'.

Package biblatex Info: Trying to load bibliographic data...
Package biblatex Info: ... file 'Skript.bbl' found.
 (./Skript.bbl)
Package biblatex Info: Reference section=0 on input line 27.
Package biblatex Info: Reference segment=0 on input line 27.
 (../Templates/SkriptTitle.tex
<../Templates/Bilder/FHAachen-logo2010.png, id=327, 301.125pt x 1026.83624pt>
File: ../Templates/Bilder/FHAachen-logo2010.png Graphic file (type png)
<use ../Templates/Bilder/FHAachen-logo2010.png>
Package pdftex.def Info: ../Templates/Bilder/FHAachen-logo2010.png  used on input line 5.
(pdftex.def)             Requested size: 301.12425pt x 1026.83374pt.
LaTeX Font Info:    Trying to load font information for U+msa on input line 6.
 (/usr/share/texlive/texmf-dist/tex/latex/amsfonts/umsa.fd
File: umsa.fd 2013/01/14 v3.01 AMS symbols A
)
LaTeX Font Info:    Trying to load font information for U+msb on input line 6.
 (/usr/share/texlive/texmf-dist/tex/latex/amsfonts/umsb.fd
File: umsb.fd 2013/01/14 v3.01 AMS symbols B
)
LaTeX Font Info:    Trying to load font information for U+esint on input line 6.
 (/usr/share/texlive/texmf-dist/tex/latex/esint/uesint.fd
File: uesint.fd 
)
LaTeX Font Info:    Trying to load font information for U+rsfs on input line 6.
 (/usr/share/texlive/texmf-dist/tex/latex/jknapltx/ursfs.fd
File: ursfs.fd 1998/03/24 rsfs font definition file (jk)
)
<../Templates/Bilder/Logo_Uni_Paderborn.png, id=329, 1284.8pt x 337.26pt>
File: ../Templates/Bilder/Logo_Uni_Paderborn.png Graphic file (type png)
<use ../Templates/Bilder/Logo_Uni_Paderborn.png>
Package pdftex.def Info: ../Templates/Bilder/Logo_Uni_Paderborn.png  used on input line 9.
(pdftex.def)             Requested size: 131.02632pt x 34.39183pt.
<../Templates/Bilder/BUW_Logo-weiss-auf-gruen-rgb.png, id=330, 150.0807pt x 60.9477pt>
File: ../Templates/Bilder/BUW_Logo-weiss-auf-gruen-rgb.png Graphic file (type png)
<use ../Templates/Bilder/BUW_Logo-weiss-auf-gruen-rgb.png>
Package pdftex.def Info: ../Templates/Bilder/BUW_Logo-weiss-auf-gruen-rgb.png  used on input line 13.
(pdftex.def)             Requested size: 131.02632pt x 53.21004pt.
<../Templates/Bilder/Fachhochschule_Südwestfalen_logo.png, id=331, 1284.8pt x 316.18124pt>
File: ../Templates/Bilder/Fachhochschule_Südwestfalen_logo.png Graphic file (type png)
<use ../Templates/Bilder/Fachhochschule_Südwestfalen_logo.png>
Package pdftex.def Info: ../Templates/Bilder/Fachhochschule_Südwestfalen_logo.png  used on input line 17.
(pdftex.def)             Requested size: 131.02632pt x 32.24234pt.
<../Templates/Bilder/logo-hrw.png, id=332, 753.81625pt x 213.79875pt>
File: ../Templates/Bilder/logo-hrw.png Graphic file (type png)
<use ../Templates/Bilder/logo-hrw.png>
Package pdftex.def Info: ../Templates/Bilder/logo-hrw.png  used on input line 21.
(pdftex.def)             Requested size: 131.02632pt x 37.16087pt.
<../Templates/Bilder/FH_Dortmund-logo.png, id=333, 1027.84pt x 370.38374pt>
File: ../Templates/Bilder/FH_Dortmund-logo.png Graphic file (type png)
<use ../Templates/Bilder/FH_Dortmund-logo.png>
Package pdftex.def Info: ../Templates/Bilder/FH_Dortmund-logo.png  used on input line 26.
(pdftex.def)             Requested size: 91.71802pt x 33.0505pt.
<../Templates/Bilder/dh_nrw.jpg, id=334, 722.7pt x 271.0125pt>
File: ../Templates/Bilder/dh_nrw.jpg Graphic file (type jpg)
<use ../Templates/Bilder/dh_nrw.jpg>
Package pdftex.def Info: ../Templates/Bilder/dh_nrw.jpg  used on input line 45.
(pdftex.def)             Requested size: 157.23026pt x 58.96127pt.
<../Templates/Bilder/mkw.jpg, id=335, 9233.49625pt x 1878.01625pt>
File: ../Templates/Bilder/mkw.jpg Graphic file (type jpg)
<use ../Templates/Bilder/mkw.jpg>
Package pdftex.def Info: ../Templates/Bilder/mkw.jpg  used on input line 50.
(pdftex.def)             Requested size: 218.37498pt x 44.38843pt.
 [1

{/var/lib/texmf/fonts/map/pdftex/updmap/pdftex.map} <../Templates/Bilder/FHAachen-logo2010.png> <../Templates/Bilder/Logo_Uni_Paderborn.png> <../Templates/Bilder/BUW_Logo-weiss-auf-gruen-rgb.png> <../Templates/Bilder/Fachhochschule_Südwestfalen_logo.png> <../Templates/Bilder/logo-hrw.png> <../Templates/Bilder/FH_Dortmund-logo.png> <../Templates/Bilder/dh_nrw.jpg> <../Templates/Bilder/mkw.jpg>]
Underfull \hbox (badness 10000) in paragraph at lines 57--58

 []

<../Templates/Bilder/by.png, id=350, 97.0827pt x 33.9669pt>
File: ../Templates/Bilder/by.png Graphic file (type png)
<use ../Templates/Bilder/by.png>
Package pdftex.def Info: ../Templates/Bilder/by.png  used on input line 60.
(pdftex.def)             Requested size: 87.34865pt x 30.56215pt.

Overfull \hbox (1.49623pt too wide) in paragraph at lines 66--70
[][]$\OT1/cmtt/m/n/10 https : / / getitdigital . uni-[]wuppertal . de / module / modul-[]8-[]schaltungen-[]variabler-[]frequenz$[][] 
 []

[2 <../Templates/Bilder/by.png>]) (./Skript.toc [3])
\tf@toc=\write11
\openout11 = `Skript.toc'.

 [4]
No file Skript.nls.
(./Inhalt.tex (./Kapitel0.tex
<Tikz/pdf/plot_bauteile_phasenverschiebung_r.pdf, id=445, 229.62187pt x 94.47093pt>
File: Tikz/pdf/plot_bauteile_phasenverschiebung_r.pdf Graphic file (type pdf)
<use Tikz/pdf/plot_bauteile_phasenverschiebung_r.pdf>
Package pdftex.def Info: Tikz/pdf/plot_bauteile_phasenverschiebung_r.pdf  used on input line 65.
(pdftex.def)             Requested size: 229.62129pt x 94.47069pt.
<Tikz/pdf/circ_bauteil_R_u_i.pdf, id=446, 81.66711pt x 81.66711pt>
File: Tikz/pdf/circ_bauteil_R_u_i.pdf Graphic file (type pdf)
<use Tikz/pdf/circ_bauteil_R_u_i.pdf>
Package pdftex.def Info: Tikz/pdf/circ_bauteil_R_u_i.pdf  used on input line 65.
(pdftex.def)             Requested size: 81.6669pt x 81.6669pt.
<Tikz/pdf/plot_bauteile_phasenverschiebung_l.pdf, id=447, 229.62187pt x 94.47093pt>
File: Tikz/pdf/plot_bauteile_phasenverschiebung_l.pdf Graphic file (type pdf)
<use Tikz/pdf/plot_bauteile_phasenverschiebung_l.pdf>
Package pdftex.def Info: Tikz/pdf/plot_bauteile_phasenverschiebung_l.pdf  used on input line 65.
(pdftex.def)             Requested size: 229.62129pt x 94.47069pt.
<Tikz/pdf/circ_bauteil_L_u_i.pdf, id=448, 81.66711pt x 81.66711pt>
File: Tikz/pdf/circ_bauteil_L_u_i.pdf Graphic file (type pdf)
<use Tikz/pdf/circ_bauteil_L_u_i.pdf>
Package pdftex.def Info: Tikz/pdf/circ_bauteil_L_u_i.pdf  used on input line 65.
(pdftex.def)             Requested size: 81.6669pt x 81.6669pt.
<Tikz/pdf/plot_bauteile_phasenverschiebung_c.pdf, id=449, 229.62187pt x 94.47093pt>
File: Tikz/pdf/plot_bauteile_phasenverschiebung_c.pdf Graphic file (type pdf)
<use Tikz/pdf/plot_bauteile_phasenverschiebung_c.pdf>
Package pdftex.def Info: Tikz/pdf/plot_bauteile_phasenverschiebung_c.pdf  used on input line 65.
(pdftex.def)             Requested size: 229.62129pt x 94.47069pt.
<Tikz/pdf/circ_bauteil_C_u_i.pdf, id=450, 81.66711pt x 81.66711pt>
File: Tikz/pdf/circ_bauteil_C_u_i.pdf Graphic file (type pdf)
<use Tikz/pdf/circ_bauteil_C_u_i.pdf>
Package pdftex.def Info: Tikz/pdf/circ_bauteil_C_u_i.pdf  used on input line 65.
(pdftex.def)             Requested size: 81.6669pt x 81.6669pt.

Overfull \hbox (1.14192pt too wide) in paragraph at lines 147--147
\OT1/cmr/m/n/10 Inductors, as ide-al com-ponents, sto-re ener-gy in the ma-gne-tic field through the ef-fect of (self-)induction.
 []

[1


 <./Tikz/pdf/plot_bauteile_phasenverschiebung_r.pdf> <./Tikz/pdf/circ_bauteil_R_u_i.pdf> <./Tikz/pdf/plot_bauteile_phasenverschiebung_l.pdf> <./Tikz/pdf/circ_bauteil_L_u_i.pdf> <./Tikz/pdf/plot_bauteile_phasenverschiebung_c.pdf> <./Tikz/pdf/circ_bauteil_C_u_i.pdf>]
<./Bilder/Spule.png, id=550, 1003.75pt x 752.8125pt>
File: ./Bilder/Spule.png Graphic file (type png)
<use ./Bilder/Spule.png>
Package pdftex.def Info: ./Bilder/Spule.png  used on input line 147.
(pdftex.def)             Requested size: 147.4021pt x 110.55067pt.
<./Bilder/Kondensator.png, id=551, 1003.75pt x 752.8125pt>
File: ./Bilder/Kondensator.png Graphic file (type png)
<use ./Bilder/Kondensator.png>
Package pdftex.def Info: ./Bilder/Kondensator.png  used on input line 147.
(pdftex.def)             Requested size: 147.4021pt x 110.55067pt.


Package hyperref Warning: Token not allowed in a PDF string (Unicode):
(hyperref)                removing `math shift' on input line 188.


Package hyperref Warning: Token not allowed in a PDF string (Unicode):
(hyperref)                removing `math shift' on input line 188.


Package hyperref Warning: Token not allowed in a PDF string (Unicode):
(hyperref)                removing `math shift' on input line 188.


Package hyperref Warning: Token not allowed in a PDF string (Unicode):
(hyperref)                removing `math shift' on input line 188.


Package hyperref Warning: Token not allowed in a PDF string (Unicode):
(hyperref)                removing `math shift' on input line 188.


Package hyperref Warning: Token not allowed in a PDF string (Unicode):
(hyperref)                removing `math shift' on input line 188.

<Tikz/pdf/circ_bauteil_tabelle_text_symbol.pdf, id=554, 81.66711pt x 41.83328pt>
File: Tikz/pdf/circ_bauteil_tabelle_text_symbol.pdf Graphic file (type pdf)
<use Tikz/pdf/circ_bauteil_tabelle_text_symbol.pdf>
Package pdftex.def Info: Tikz/pdf/circ_bauteil_tabelle_text_symbol.pdf  used on input line 255.
(pdftex.def)             Requested size: 81.6669pt x 41.83316pt.
<Tikz/pdf/circ_bauteil_tabelle_zweipol.pdf, id=555, 81.83875pt x 41.83328pt>
File: Tikz/pdf/circ_bauteil_tabelle_zweipol.pdf Graphic file (type pdf)
<use Tikz/pdf/circ_bauteil_tabelle_zweipol.pdf>
Package pdftex.def Info: Tikz/pdf/circ_bauteil_tabelle_zweipol.pdf  used on input line 255.
(pdftex.def)             Requested size: 81.83853pt x 41.83316pt.
<Tikz/pdf/circ_bauteil_tabelle_R.pdf, id=556, 81.66711pt x 41.83328pt>
File: Tikz/pdf/circ_bauteil_tabelle_R.pdf Graphic file (type pdf)
<use Tikz/pdf/circ_bauteil_tabelle_R.pdf>
Package pdftex.def Info: Tikz/pdf/circ_bauteil_tabelle_R.pdf  used on input line 255.
(pdftex.def)             Requested size: 81.6669pt x 41.83316pt.
<Tikz/pdf/circ_bauteil_tabelle_L.pdf, id=557, 81.66711pt x 41.83328pt>
File: Tikz/pdf/circ_bauteil_tabelle_L.pdf Graphic file (type pdf)
<use Tikz/pdf/circ_bauteil_tabelle_L.pdf>
Package pdftex.def Info: Tikz/pdf/circ_bauteil_tabelle_L.pdf  used on input line 255.
(pdftex.def)             Requested size: 81.6669pt x 41.83316pt.
<Tikz/pdf/circ_bauteil_tabelle_C.pdf, id=558, 81.66711pt x 48.30547pt>
File: Tikz/pdf/circ_bauteil_tabelle_C.pdf Graphic file (type pdf)
<use Tikz/pdf/circ_bauteil_tabelle_C.pdf>
Package pdftex.def Info: Tikz/pdf/circ_bauteil_tabelle_C.pdf  used on input line 255.
(pdftex.def)             Requested size: 81.6669pt x 48.30534pt.

LaTeX Warning: `h' float specifier changed to `ht'.

<Tikz/pdf/circ_eintor.pdf, id=559, 115.81067pt x 73.13222pt>
File: Tikz/pdf/circ_eintor.pdf Graphic file (type pdf)
<use Tikz/pdf/circ_eintor.pdf>
Package pdftex.def Info: Tikz/pdf/circ_eintor.pdf  used on input line 307.
(pdftex.def)             Requested size: 115.81038pt x 73.13202pt.
<Tikz/pdf/circ_zweitor.pdf, id=560, 115.81067pt x 73.13222pt>
File: Tikz/pdf/circ_zweitor.pdf Graphic file (type pdf)
<use Tikz/pdf/circ_zweitor.pdf>
Package pdftex.def Info: Tikz/pdf/circ_zweitor.pdf  used on input line 307.
(pdftex.def)             Requested size: 115.81038pt x 73.13202pt.
[2 <./Bilder/Spule.png> <./Bilder/Kondensator.png>]
<Tikz/pdf/circ_zweitor_quelle_last.pdf, id=573, 258.07516pt x 73.13222pt>
File: Tikz/pdf/circ_zweitor_quelle_last.pdf Graphic file (type pdf)
<use Tikz/pdf/circ_zweitor_quelle_last.pdf>
Package pdftex.def Info: Tikz/pdf/circ_zweitor_quelle_last.pdf  used on input line 307.
(pdftex.def)             Requested size: 258.07452pt x 73.13202pt.
) [3 <./Tikz/pdf/circ_bauteil_tabelle_text_symbol.pdf> <./Tikz/pdf/circ_bauteil_tabelle_zweipol.pdf> <./Tikz/pdf/circ_bauteil_tabelle_R.pdf> <./Tikz/pdf/circ_bauteil_tabelle_L.pdf> <./Tikz/pdf/circ_bauteil_tabelle_C.pdf> <./Tikz/pdf/circ_eintor.pdf> <./Tikz/pdf/circ_zweitor.pdf> <./Tikz/pdf/circ_zweitor_quelle_last.pdf>] (./Kapitel1.tex
File: Tikz/pdf/circ_zweitor.pdf Graphic file (type pdf)
<use Tikz/pdf/circ_zweitor.pdf>
Package pdftex.def Info: Tikz/pdf/circ_zweitor.pdf  used on input line 20.
(pdftex.def)             Requested size: 115.81038pt x 73.13202pt.
 [4]
<Tikz/pdf/circ_tiefpass_rc_annotated.pdf, id=661, 158.49011pt x 94.47093pt>
File: Tikz/pdf/circ_tiefpass_rc_annotated.pdf Graphic file (type pdf)
<use Tikz/pdf/circ_tiefpass_rc_annotated.pdf>
Package pdftex.def Info: Tikz/pdf/circ_tiefpass_rc_annotated.pdf  used on input line 178.
(pdftex.def)             Requested size: 158.4897pt x 94.47069pt.
 [5 <./Tikz/pdf/circ_tiefpass_rc_annotated.pdf>] [6] [7]
<Tikz/pdf/plot_tiefpass_mini_ampli_lin_samesize.pdf, id=729, 167.026pt x 62.46236pt>
File: Tikz/pdf/plot_tiefpass_mini_ampli_lin_samesize.pdf Graphic file (type pdf)
<use Tikz/pdf/plot_tiefpass_mini_ampli_lin_samesize.pdf>
Package pdftex.def Info: Tikz/pdf/plot_tiefpass_mini_ampli_lin_samesize.pdf  used on input line 493.
(pdftex.def)             Requested size: 167.02557pt x 62.46219pt.
<Tikz/pdf/plot_tiefpass_mini_phase_lin_samesize.pdf, id=730, 167.026pt x 62.46236pt>
File: Tikz/pdf/plot_tiefpass_mini_phase_lin_samesize.pdf Graphic file (type pdf)
<use Tikz/pdf/plot_tiefpass_mini_phase_lin_samesize.pdf>
Package pdftex.def Info: Tikz/pdf/plot_tiefpass_mini_phase_lin_samesize.pdf  used on input line 493.
(pdftex.def)             Requested size: 167.02557pt x 62.46219pt.
<Tikz/pdf/plot_tiefpass_ampli_lin_approx.pdf, id=733, 222.47617pt x 177.51018pt>
File: Tikz/pdf/plot_tiefpass_ampli_lin_approx.pdf Graphic file (type pdf)
<use Tikz/pdf/plot_tiefpass_ampli_lin_approx.pdf>
Package pdftex.def Info: Tikz/pdf/plot_tiefpass_ampli_lin_approx.pdf  used on input line 493.
(pdftex.def)             Requested size: 222.47562pt x 177.50974pt.
<Tikz/pdf/plot_tan_atan_mirror.pdf, id=735, 244.62692pt x 192.72401pt>
File: Tikz/pdf/plot_tan_atan_mirror.pdf Graphic file (type pdf)
<use Tikz/pdf/plot_tan_atan_mirror.pdf>
Package pdftex.def Info: Tikz/pdf/plot_tan_atan_mirror.pdf  used on input line 493.
(pdftex.def)             Requested size: 244.62631pt x 192.72353pt.
 [8 <./Tikz/pdf/plot_tiefpass_mini_ampli_lin_samesize.pdf> <./Tikz/pdf/plot_tiefpass_mini_phase_lin_samesize.pdf> <./Tikz/pdf/plot_tiefpass_ampli_lin_approx.pdf>]
<Tikz/pdf/circ_hochpass_rc_annotated.pdf, id=834, 158.49011pt x 94.47093pt>
File: Tikz/pdf/circ_hochpass_rc_annotated.pdf Graphic file (type pdf)
<use Tikz/pdf/circ_hochpass_rc_annotated.pdf>
Package pdftex.def Info: Tikz/pdf/circ_hochpass_rc_annotated.pdf  used on input line 529.
(pdftex.def)             Requested size: 158.4897pt x 94.47069pt.
 [9 <./Tikz/pdf/plot_tan_atan_mirror.pdf> <./Tikz/pdf/circ_hochpass_rc_annotated.pdf>] [10]
<Tikz/pdf/plot_hochpass_mini_ampli_lin_samesize.pdf, id=888, 167.026pt x 62.46236pt>
File: Tikz/pdf/plot_hochpass_mini_ampli_lin_samesize.pdf Graphic file (type pdf)
<use Tikz/pdf/plot_hochpass_mini_ampli_lin_samesize.pdf>
Package pdftex.def Info: Tikz/pdf/plot_hochpass_mini_ampli_lin_samesize.pdf  used on input line 691.
(pdftex.def)             Requested size: 167.02557pt x 62.46219pt.
<Tikz/pdf/plot_hochpass_mini_phase_lin_samesize.pdf, id=889, 167.026pt x 62.46236pt>
File: Tikz/pdf/plot_hochpass_mini_phase_lin_samesize.pdf Graphic file (type pdf)
<use Tikz/pdf/plot_hochpass_mini_phase_lin_samesize.pdf>
Package pdftex.def Info: Tikz/pdf/plot_hochpass_mini_phase_lin_samesize.pdf  used on input line 691.
(pdftex.def)             Requested size: 167.02557pt x 62.46219pt.


Package hyperref Warning: Token not allowed in a PDF string (Unicode):
(hyperref)                removing `math shift' on input line 697.


Package hyperref Warning: Token not allowed in a PDF string (Unicode):
(hyperref)                removing `math shift' on input line 697.


Package hyperref Warning: Token not allowed in a PDF string (Unicode):
(hyperref)                removing `math shift' on input line 697.


Package hyperref Warning: Token not allowed in a PDF string (Unicode):
(hyperref)                removing `math shift' on input line 697.

<Tikz/pdf/circ_tiefpass_rl_annotated.pdf, id=892, 158.49011pt x 94.47093pt>
File: Tikz/pdf/circ_tiefpass_rl_annotated.pdf Graphic file (type pdf)
<use Tikz/pdf/circ_tiefpass_rl_annotated.pdf>
Package pdftex.def Info: Tikz/pdf/circ_tiefpass_rl_annotated.pdf  used on input line 763.
(pdftex.def)             Requested size: 158.4897pt x 94.47069pt.
<Tikz/pdf/circ_hochpass_rl_annotated.pdf, id=893, 158.49011pt x 94.47093pt>
File: Tikz/pdf/circ_hochpass_rl_annotated.pdf Graphic file (type pdf)
<use Tikz/pdf/circ_hochpass_rl_annotated.pdf>
Package pdftex.def Info: Tikz/pdf/circ_hochpass_rl_annotated.pdf  used on input line 763.
(pdftex.def)             Requested size: 158.4897pt x 94.47069pt.
File: Tikz/pdf/circ_tiefpass_rc_annotated.pdf Graphic file (type pdf)
<use Tikz/pdf/circ_tiefpass_rc_annotated.pdf>
Package pdftex.def Info: Tikz/pdf/circ_tiefpass_rc_annotated.pdf  used on input line 763.
(pdftex.def)             Requested size: 158.4897pt x 94.47069pt.
File: Tikz/pdf/circ_hochpass_rc_annotated.pdf Graphic file (type pdf)
<use Tikz/pdf/circ_hochpass_rc_annotated.pdf>
Package pdftex.def Info: Tikz/pdf/circ_hochpass_rc_annotated.pdf  used on input line 763.
(pdftex.def)             Requested size: 158.4897pt x 94.47069pt.

Overfull \hbox (3.70627pt too wide) in paragraph at lines 763--763
 []$[]$ 
 []

[11 <./Tikz/pdf/plot_hochpass_mini_ampli_lin_samesize.pdf> <./Tikz/pdf/plot_hochpass_mini_phase_lin_samesize.pdf> <./Tikz/pdf/circ_tiefpass_rl_annotated.pdf> <./Tikz/pdf/circ_hochpass_rl_annotated.pdf>]
<Tikz/pdf/circ_aufgabe_filter.pdf, id=949, 189.54112pt x 119.39706pt>
File: Tikz/pdf/circ_aufgabe_filter.pdf Graphic file (type pdf)
<use Tikz/pdf/circ_aufgabe_filter.pdf>
Package pdftex.def Info: Tikz/pdf/circ_aufgabe_filter.pdf  used on input line 785.
(pdftex.def)             Requested size: 189.54065pt x 119.39676pt.

Overfull \hbox (11.14078pt too wide) in paragraph at lines 785--785
 [][] 
 []

Missing character: There is no ; in font nullfont!
Missing character: There is no ; in font nullfont!
Missing character: There is no ; in font nullfont!
Missing character: There is no ; in font nullfont!

Underfull \hbox (badness 10000) in paragraph at lines 883--884

 []


Underfull \hbox (badness 10000) in paragraph at lines 885--886

 []


Underfull \hbox (badness 10000) in paragraph at lines 887--888

 []


Underfull \hbox (badness 10000) in paragraph at lines 889--890

 []


Underfull \hbox (badness 10000) in paragraph at lines 891--892

 []


Underfull \hbox (badness 10000) in paragraph at lines 893--894

 []

<Tikz/pdf/plot_beispiel_filter_amplitudengang_lin.pdf, id=950, 185.02124pt x 106.28407pt>
File: Tikz/pdf/plot_beispiel_filter_amplitudengang_lin.pdf Graphic file (type pdf)
<use Tikz/pdf/plot_beispiel_filter_amplitudengang_lin.pdf>
Package pdftex.def Info: Tikz/pdf/plot_beispiel_filter_amplitudengang_lin.pdf  used on input line 898.
(pdftex.def)             Requested size: 185.02077pt x 106.2838pt.
<Tikz/pdf/plot_beispiel_filter_phasengang_lin.pdf, id=951, 185.02124pt x 99.66335pt>
File: Tikz/pdf/plot_beispiel_filter_phasengang_lin.pdf Graphic file (type pdf)
<use Tikz/pdf/plot_beispiel_filter_phasengang_lin.pdf>
Package pdftex.def Info: Tikz/pdf/plot_beispiel_filter_phasengang_lin.pdf  used on input line 902.
(pdftex.def)             Requested size: 185.02077pt x 99.66309pt.

Underfull \hbox (badness 10000) in paragraph at lines 898--903
[][]
 []

[12 <./Tikz/pdf/circ_aufgabe_filter.pdf>]) [13 <./Tikz/pdf/plot_beispiel_filter_amplitudengang_lin.pdf> <./Tikz/pdf/plot_beispiel_filter_phasengang_lin.pdf>] (./Kapitel2.tex
Overfull \hbox (0.58987pt too wide) in paragraph at lines 2--2
[]\OT1/cmr/bx/n/14.4 Logarithmic re-pre-sen-ta-ti-on, fre-quen-cy re-spon-se, cut-off fre-
 []

<Bilder/xkcd_482_height_logaxis_large_scales_cc-2.5-by-sa.png, id=1014, 478.4274pt x 1912.9869pt>
File: Bilder/xkcd_482_height_logaxis_large_scales_cc-2.5-by-sa.png Graphic file (type png)
<use Bilder/xkcd_482_height_logaxis_large_scales_cc-2.5-by-sa.png>
Package pdftex.def Info: Bilder/xkcd_482_height_logaxis_large_scales_cc-2.5-by-sa.png  used on input line 48.
(pdftex.def)             Requested size: 478.42622pt x 1912.98225pt.
<Bilder/xkcd_485_depth_logaxis_small_scales_cc-2.5-by-sa.png, id=1017, 378.51413pt x 1851.91875pt>
File: Bilder/xkcd_485_depth_logaxis_small_scales_cc-2.5-by-sa.png Graphic file (type png)
<use Bilder/xkcd_485_depth_logaxis_small_scales_cc-2.5-by-sa.png>
Package pdftex.def Info: Bilder/xkcd_485_depth_logaxis_small_scales_cc-2.5-by-sa.png  used on input line 48.
(pdftex.def)             Requested size: 378.5132pt x 1851.91425pt.
[14] [15]
Overfull \vbox (5.84967pt too high) has occurred while \output is active []

 [16 <./Bilder/xkcd_482_height_logaxis_large_scales_cc-2.5-by-sa.png> <./Bilder/xkcd_485_depth_logaxis_small_scales_cc-2.5-by-sa.png>]
<Tikz/pdf/plot_potenzfunktionen_lin_scale.pdf, id=1039, 235.31212pt x 187.62697pt>
File: Tikz/pdf/plot_potenzfunktionen_lin_scale.pdf Graphic file (type pdf)
<use Tikz/pdf/plot_potenzfunktionen_lin_scale.pdf>
Package pdftex.def Info: Tikz/pdf/plot_potenzfunktionen_lin_scale.pdf  used on input line 113.
(pdftex.def)             Requested size: 235.31154pt x 187.6265pt.
<Tikz/pdf/plot_potenzfunktionen_log_scale.pdf, id=1040, 236.0298pt x 188.47514pt>
File: Tikz/pdf/plot_potenzfunktionen_log_scale.pdf Graphic file (type pdf)
<use Tikz/pdf/plot_potenzfunktionen_log_scale.pdf>
Package pdftex.def Info: Tikz/pdf/plot_potenzfunktionen_log_scale.pdf  used on input line 113.
(pdftex.def)             Requested size: 236.0292pt x 188.47467pt.
 [17 <./Tikz/pdf/plot_potenzfunktionen_lin_scale.pdf> <./Tikz/pdf/plot_potenzfunktionen_log_scale.pdf>]
Overfull \hbox (2.99623pt too wide) in paragraph at lines 261--261
 [][] 
 []

[18]
<Tikz/pdf/plot_tiefpass_mini_ampli_lin_bereiche.pdf, id=1164, 196.61255pt x 98.73889pt>
File: Tikz/pdf/plot_tiefpass_mini_ampli_lin_bereiche.pdf Graphic file (type pdf)
<use Tikz/pdf/plot_tiefpass_mini_ampli_lin_bereiche.pdf>
Package pdftex.def Info: Tikz/pdf/plot_tiefpass_mini_ampli_lin_bereiche.pdf  used on input line 359.
(pdftex.def)             Requested size: 196.61205pt x 98.73863pt.
 [19 <./Tikz/pdf/plot_tiefpass_mini_ampli_lin_bereiche.pdf>]
<Tikz/pdf/plot_tiefpass_detail_amplitudengang_log_norm_detail.pdf, id=1199, 388.95514pt x 198.32294pt>
File: Tikz/pdf/plot_tiefpass_detail_amplitudengang_log_norm_detail.pdf Graphic file (type pdf)
<use Tikz/pdf/plot_tiefpass_detail_amplitudengang_log_norm_detail.pdf>
Package pdftex.def Info: Tikz/pdf/plot_tiefpass_detail_amplitudengang_log_norm_detail.pdf  used on input line 476.
(pdftex.def)             Requested size: 388.95418pt x 198.32243pt.


LaTeX Font Warning: Font shape `OT1/cmr/m/n' in size <3.42998> not available
(Font)              size <5> substituted on input line 476.


LaTeX Font Warning: Font shape `OT1/cmr/m/n' in size <2.45> not available
(Font)              size <5> substituted on input line 476.


LaTeX Font Warning: Font shape `OML/cmm/m/it' in size <3.42998> not available
(Font)              size <5> substituted on input line 476.


LaTeX Font Warning: Font shape `OML/cmm/m/it' in size <2.45> not available
(Font)              size <5> substituted on input line 476.


LaTeX Font Warning: Font shape `OMS/cmsy/m/n' in size <3.42998> not available
(Font)              size <5> substituted on input line 476.


LaTeX Font Warning: Font shape `OMS/cmsy/m/n' in size <2.45> not available
(Font)              size <5> substituted on input line 476.


LaTeX Font Warning: Font shape `OT1/cmr/bx/n' in size <3.42998> not available
(Font)              size <5> substituted on input line 476.


LaTeX Font Warning: Font shape `OT1/cmr/bx/n' in size <2.45> not available
(Font)              size <5> substituted on input line 476.


LaTeX Font Warning: Font shape `OML/cmm/b/it' in size <3.42998> not available
(Font)              size <5> substituted on input line 476.


LaTeX Font Warning: Font shape `OML/cmm/b/it' in size <2.45> not available
(Font)              size <5> substituted on input line 476.


LaTeX Font Warning: Font shape `OMS/cmsy/b/n' in size <3.42998> not available
(Font)              size <5> substituted on input line 476.


LaTeX Font Warning: Font shape `OMS/cmsy/b/n' in size <2.45> not available
(Font)              size <5> substituted on input line 476.


LaTeX Font Warning: Font shape `U/rsfs/m/n' in size <3.42998> not available
(Font)              size <5> substituted on input line 476.


LaTeX Font Warning: Font shape `U/rsfs/m/n' in size <2.45> not available
(Font)              size <5> substituted on input line 476.


LaTeX Font Warning: Font shape `TS1/cmr/m/n' in size <3.42998> not available
(Font)              size <5> substituted on input line 476.


LaTeX Font Warning: Font shape `TS1/cmr/m/n' in size <2.45> not available
(Font)              size <5> substituted on input line 476.


LaTeX Font Warning: Font shape `OT1/cmr/m/n' in size <3.5> not available
(Font)              size <5> substituted on input line 476.


LaTeX Font Warning: Font shape `OT1/cmr/m/n' in size <2.44998> not available
(Font)              size <5> substituted on input line 476.


LaTeX Font Warning: Font shape `OT1/cmr/m/n' in size <1.75> not available
(Font)              size <5> substituted on input line 476.


LaTeX Font Warning: Font shape `OML/cmm/m/it' in size <3.5> not available
(Font)              size <5> substituted on input line 476.


LaTeX Font Warning: Font shape `OML/cmm/m/it' in size <2.44998> not available
(Font)              size <5> substituted on input line 476.


LaTeX Font Warning: Font shape `OML/cmm/m/it' in size <1.75> not available
(Font)              size <5> substituted on input line 476.


LaTeX Font Warning: Font shape `OMS/cmsy/m/n' in size <3.5> not available
(Font)              size <5> substituted on input line 476.


LaTeX Font Warning: Font shape `OMS/cmsy/m/n' in size <2.44998> not available
(Font)              size <5> substituted on input line 476.


LaTeX Font Warning: Font shape `OMS/cmsy/m/n' in size <1.75> not available
(Font)              size <5> substituted on input line 476.


LaTeX Font Warning: Font shape `OT1/cmr/bx/n' in size <3.5> not available
(Font)              size <5> substituted on input line 476.


LaTeX Font Warning: Font shape `OT1/cmr/bx/n' in size <2.44998> not available
(Font)              size <5> substituted on input line 476.


LaTeX Font Warning: Font shape `OT1/cmr/bx/n' in size <1.75> not available
(Font)              size <5> substituted on input line 476.


LaTeX Font Warning: Font shape `OML/cmm/b/it' in size <3.5> not available
(Font)              size <5> substituted on input line 476.


LaTeX Font Warning: Font shape `OML/cmm/b/it' in size <2.44998> not available
(Font)              size <5> substituted on input line 476.


LaTeX Font Warning: Font shape `OML/cmm/b/it' in size <1.75> not available
(Font)              size <5> substituted on input line 476.


LaTeX Font Warning: Font shape `OMS/cmsy/b/n' in size <3.5> not available
(Font)              size <5> substituted on input line 476.


LaTeX Font Warning: Font shape `OMS/cmsy/b/n' in size <2.44998> not available
(Font)              size <5> substituted on input line 476.


LaTeX Font Warning: Font shape `OMS/cmsy/b/n' in size <1.75> not available
(Font)              size <5> substituted on input line 476.


LaTeX Font Warning: Font shape `U/rsfs/m/n' in size <3.5> not available
(Font)              size <5> substituted on input line 476.


LaTeX Font Warning: Font shape `U/rsfs/m/n' in size <2.44998> not available
(Font)              size <5> substituted on input line 476.


LaTeX Font Warning: Font shape `U/rsfs/m/n' in size <1.75> not available
(Font)              size <5> substituted on input line 476.


LaTeX Font Warning: Font shape `TS1/cmr/m/n' in size <3.5> not available
(Font)              size <5> substituted on input line 476.


LaTeX Font Warning: Font shape `TS1/cmr/m/n' in size <2.44998> not available
(Font)              size <5> substituted on input line 476.


LaTeX Font Warning: Font shape `TS1/cmr/m/n' in size <1.75> not available
(Font)              size <5> substituted on input line 476.

[20 <./Tikz/pdf/plot_tiefpass_detail_amplitudengang_log_norm_detail.pdf>]
<Tikz/pdf/plot_tiefpass_detail_phasengang_log_norm_detail.pdf, id=1244, 388.95514pt x 198.32294pt>
File: Tikz/pdf/plot_tiefpass_detail_phasengang_log_norm_detail.pdf Graphic file (type pdf)
<use Tikz/pdf/plot_tiefpass_detail_phasengang_log_norm_detail.pdf>
Package pdftex.def Info: Tikz/pdf/plot_tiefpass_detail_phasengang_log_norm_detail.pdf  used on input line 476.
(pdftex.def)             Requested size: 388.95418pt x 198.32243pt.
<Tikz/pdf/plot_tiefpass_minimal_amplitudengang_linear3.pdf, id=1246, 195.4773pt x 98.73889pt>
File: Tikz/pdf/plot_tiefpass_minimal_amplitudengang_linear3.pdf Graphic file (type pdf)
<use Tikz/pdf/plot_tiefpass_minimal_amplitudengang_linear3.pdf>
Package pdftex.def Info: Tikz/pdf/plot_tiefpass_minimal_amplitudengang_linear3.pdf  used on input line 577.
(pdftex.def)             Requested size: 195.4768pt x 98.73863pt.
<Tikz/pdf/plot_tiefpass_detail_amplitudengang_log.pdf, id=1247, 195.4773pt x 98.73889pt>
File: Tikz/pdf/plot_tiefpass_detail_amplitudengang_log.pdf Graphic file (type pdf)
<use Tikz/pdf/plot_tiefpass_detail_amplitudengang_log.pdf>
Package pdftex.def Info: Tikz/pdf/plot_tiefpass_detail_amplitudengang_log.pdf  used on input line 577.
(pdftex.def)             Requested size: 195.4768pt x 98.73863pt.
<Tikz/pdf/plot_tiefpass_minimal_phasengang_linear3.pdf, id=1248, 195.4773pt x 98.73889pt>
File: Tikz/pdf/plot_tiefpass_minimal_phasengang_linear3.pdf Graphic file (type pdf)
<use Tikz/pdf/plot_tiefpass_minimal_phasengang_linear3.pdf>
Package pdftex.def Info: Tikz/pdf/plot_tiefpass_minimal_phasengang_linear3.pdf  used on input line 577.
(pdftex.def)             Requested size: 195.4768pt x 98.73863pt.
<Tikz/pdf/plot_tiefpass_detail_phasengang_log.pdf, id=1249, 195.4773pt x 98.73889pt>
File: Tikz/pdf/plot_tiefpass_detail_phasengang_log.pdf Graphic file (type pdf)
<use Tikz/pdf/plot_tiefpass_detail_phasengang_log.pdf>
Package pdftex.def Info: Tikz/pdf/plot_tiefpass_detail_phasengang_log.pdf  used on input line 577.
(pdftex.def)             Requested size: 195.4768pt x 98.73863pt.

Overfull \hbox (2.22221pt too wide) in paragraph at lines 577--577
[][] []
 []


Overfull \hbox (2.22221pt too wide) in paragraph at lines 577--577
[] [] 
 []

[21 <./Tikz/pdf/plot_tiefpass_detail_phasengang_log_norm_detail.pdf>]
<Tikz/pdf/plot_tiefpass_detail_amplitudengang_log_norm.pdf, id=1293, 195.4773pt x 98.73889pt>
File: Tikz/pdf/plot_tiefpass_detail_amplitudengang_log_norm.pdf Graphic file (type pdf)
<use Tikz/pdf/plot_tiefpass_detail_amplitudengang_log_norm.pdf>
Package pdftex.def Info: Tikz/pdf/plot_tiefpass_detail_amplitudengang_log_norm.pdf  used on input line 618.
(pdftex.def)             Requested size: 195.4768pt x 98.73863pt.
<Tikz/pdf/plot_tiefpass_detail_phasengang_log_norm.pdf, id=1294, 195.4773pt x 98.73889pt>
File: Tikz/pdf/plot_tiefpass_detail_phasengang_log_norm.pdf Graphic file (type pdf)
<use Tikz/pdf/plot_tiefpass_detail_phasengang_log_norm.pdf>
Package pdftex.def Info: Tikz/pdf/plot_tiefpass_detail_phasengang_log_norm.pdf  used on input line 618.
(pdftex.def)             Requested size: 195.4768pt x 98.73863pt.
<Tikz/pdf/plot_hochpass_detail_amplitudengang_log_norm.pdf, id=1295, 195.4773pt x 98.73889pt>
File: Tikz/pdf/plot_hochpass_detail_amplitudengang_log_norm.pdf Graphic file (type pdf)
<use Tikz/pdf/plot_hochpass_detail_amplitudengang_log_norm.pdf>
Package pdftex.def Info: Tikz/pdf/plot_hochpass_detail_amplitudengang_log_norm.pdf  used on input line 618.
(pdftex.def)             Requested size: 195.4768pt x 98.73863pt.
<Tikz/pdf/plot_hochpass_detail_phasengang_log_norm.pdf, id=1296, 195.4773pt x 98.73889pt>
File: Tikz/pdf/plot_hochpass_detail_phasengang_log_norm.pdf Graphic file (type pdf)
<use Tikz/pdf/plot_hochpass_detail_phasengang_log_norm.pdf>
Package pdftex.def Info: Tikz/pdf/plot_hochpass_detail_phasengang_log_norm.pdf  used on input line 618.
(pdftex.def)             Requested size: 195.4768pt x 98.73863pt.
 [22 <./Tikz/pdf/plot_tiefpass_minimal_amplitudengang_linear3.pdf> <./Tikz/pdf/plot_tiefpass_detail_amplitudengang_log.pdf> <./Tikz/pdf/plot_tiefpass_minimal_phasengang_linear3.pdf> <./Tikz/pdf/plot_tiefpass_detail_phasengang_log.pdf>] [23 <./Tikz/pdf/plot_tiefpass_detail_amplitudengang_log_norm.pdf> <./Tikz/pdf/plot_tiefpass_detail_phasengang_log_norm.pdf> <./Tikz/pdf/plot_hochpass_detail_amplitudengang_log_norm.pdf> <./Tikz/pdf/plot_hochpass_detail_phasengang_log_norm.pdf>]
<Tikz/pdf/circ_bandpass.pdf, id=1493, 376.29282pt x 94.47093pt>
File: Tikz/pdf/circ_bandpass.pdf Graphic file (type pdf)
<use Tikz/pdf/circ_bandpass.pdf>
Package pdftex.def Info: Tikz/pdf/circ_bandpass.pdf  used on input line 749.
(pdftex.def)             Requested size: 376.2919pt x 94.47069pt.
<Tikz/pdf/plot_bandpass_amplitudengang_no_xaxis.pdf, id=1496, 388.95514pt x 111.29579pt>
File: Tikz/pdf/plot_bandpass_amplitudengang_no_xaxis.pdf Graphic file (type pdf)
<use Tikz/pdf/plot_bandpass_amplitudengang_no_xaxis.pdf>
Package pdftex.def Info: Tikz/pdf/plot_bandpass_amplitudengang_no_xaxis.pdf  used on input line 749.
(pdftex.def)             Requested size: 388.95418pt x 111.2955pt.
<Tikz/pdf/plot_bandpass_phasengang.pdf, id=1497, 388.95514pt x 199.7091pt>
File: Tikz/pdf/plot_bandpass_phasengang.pdf Graphic file (type pdf)
<use Tikz/pdf/plot_bandpass_phasengang.pdf>
Package pdftex.def Info: Tikz/pdf/plot_bandpass_phasengang.pdf  used on input line 749.
(pdftex.def)             Requested size: 388.95418pt x 199.70862pt.


LaTeX Warning: `h' float specifier changed to `ht'.


LaTeX Font Warning: Command \tiny invalid in math mode on input line 749.


LaTeX Font Warning: Command \tiny invalid in math mode on input line 749.


LaTeX Font Warning: Command \tiny invalid in math mode on input line 749.


LaTeX Font Warning: Command \tiny invalid in math mode on input line 749.

[24 <./Tikz/pdf/circ_bandpass.pdf>]
<Tikz/pdf/plot_tiefpass_5_ord_amplitudengang_vergleich.pdf, id=1523, 390.77292pt x 231.54504pt>
File: Tikz/pdf/plot_tiefpass_5_ord_amplitudengang_vergleich.pdf Graphic file (type pdf)
<use Tikz/pdf/plot_tiefpass_5_ord_amplitudengang_vergleich.pdf>
Package pdftex.def Info: Tikz/pdf/plot_tiefpass_5_ord_amplitudengang_vergleich.pdf  used on input line 816.
(pdftex.def)             Requested size: 390.77196pt x 231.54446pt.
 [25 <./Tikz/pdf/plot_bandpass_amplitudengang_no_xaxis.pdf> <./Tikz/pdf/plot_bandpass_phasengang.pdf>]) [26 <./Tikz/pdf/plot_tiefpass_5_ord_amplitudengang_vergleich.pdf>] (./Kapitel3.tex
<Tikz/pdf/plot_stromortskurve_asynchronmaschine.pdf, id=1592, 257.61746pt x 241.91881pt>
File: Tikz/pdf/plot_stromortskurve_asynchronmaschine.pdf Graphic file (type pdf)
<use Tikz/pdf/plot_stromortskurve_asynchronmaschine.pdf>
Package pdftex.def Info: Tikz/pdf/plot_stromortskurve_asynchronmaschine.pdf  used on input line 54.
(pdftex.def)             Requested size: 257.61682pt x 241.9182pt.
 [27 <./Tikz/pdf/plot_stromortskurve_asynchronmaschine.pdf>]
<Tikz/pdf/plot_stromortskurve_asynchronmaschine_leistung.pdf, id=1621, 257.61746pt x 241.91881pt>
File: Tikz/pdf/plot_stromortskurve_asynchronmaschine_leistung.pdf Graphic file (type pdf)
<use Tikz/pdf/plot_stromortskurve_asynchronmaschine_leistung.pdf>
Package pdftex.def Info: Tikz/pdf/plot_stromortskurve_asynchronmaschine_leistung.pdf  used on input line 54.
(pdftex.def)             Requested size: 257.61682pt x 241.9182pt.
 [28 <./Tikz/pdf/plot_stromortskurve_asynchronmaschine_leistung.pdf>]

LaTeX Warning: Reference `bsp:ortskurve:z:rvar' on page 29 undefined on input line 192.


LaTeX Warning: Reference `bsp:ortskurve:z:fvar' on page 29 undefined on input line 192.

<Tikz/pdf/circ_rls_impedanzen.pdf, id=1652, 119.39706pt x 28.19133pt>
File: Tikz/pdf/circ_rls_impedanzen.pdf Graphic file (type pdf)
<use Tikz/pdf/circ_rls_impedanzen.pdf>
Package pdftex.def Info: Tikz/pdf/circ_rls_impedanzen.pdf  used on input line 192.
(pdftex.def)             Requested size: 119.39676pt x 28.19125pt.
<Tikz/pdf/plot_ortskurve_RLs_Rvar.pdf, id=1653, 160.10114pt x 143.69585pt>
File: Tikz/pdf/plot_ortskurve_RLs_Rvar.pdf Graphic file (type pdf)
<use Tikz/pdf/plot_ortskurve_RLs_Rvar.pdf>
Package pdftex.def Info: Tikz/pdf/plot_ortskurve_RLs_Rvar.pdf  used on input line 192.
(pdftex.def)             Requested size: 160.10074pt x 143.69548pt.

LaTeX Warning: Reference `bsp:ortskurve:z:rvar' on page 29 undefined on input line 192.

File: Tikz/pdf/circ_rls_impedanzen.pdf Graphic file (type pdf)
<use Tikz/pdf/circ_rls_impedanzen.pdf>
Package pdftex.def Info: Tikz/pdf/circ_rls_impedanzen.pdf  used on input line 192.
(pdftex.def)             Requested size: 119.39676pt x 28.19125pt.
<Tikz/pdf/plot_ortskurve_RLs_wLvar.pdf, id=1655, 160.10114pt x 143.69585pt>
File: Tikz/pdf/plot_ortskurve_RLs_wLvar.pdf Graphic file (type pdf)
<use Tikz/pdf/plot_ortskurve_RLs_wLvar.pdf>
Package pdftex.def Info: Tikz/pdf/plot_ortskurve_RLs_wLvar.pdf  used on input line 192.
(pdftex.def)             Requested size: 160.10074pt x 143.69548pt.
[29 <./Tikz/pdf/circ_rls_impedanzen.pdf> <./Tikz/pdf/plot_ortskurve_RLs_Rvar.pdf>] [30 <./Tikz/pdf/plot_ortskurve_RLs_wLvar.pdf>]
<Tikz/pdf/plot_ortskurven_inversion.pdf, id=1740, 310.72485pt x 128.10962pt>
File: Tikz/pdf/plot_ortskurven_inversion.pdf Graphic file (type pdf)
<use Tikz/pdf/plot_ortskurven_inversion.pdf>
Package pdftex.def Info: Tikz/pdf/plot_ortskurven_inversion.pdf  used on input line 297.
(pdftex.def)             Requested size: 310.72409pt x 128.1093pt.
<Tikz/pdf/circ_ortskurve_minimal_R_RL.pdf, id=1744, 105.17091pt x 28.19133pt>
File: Tikz/pdf/circ_ortskurve_minimal_R_RL.pdf Graphic file (type pdf)
<use Tikz/pdf/circ_ortskurve_minimal_R_RL.pdf>
Package pdftex.def Info: Tikz/pdf/circ_ortskurve_minimal_R_RL.pdf  used on input line 325.
(pdftex.def)             Requested size: 105.17065pt x 28.19125pt.
<Tikz/pdf/plot_ortskurve_minimal_R_RLZ_R.pdf, id=1745, 175.71347pt x 76.22278pt>
File: Tikz/pdf/plot_ortskurve_minimal_R_RLZ_R.pdf Graphic file (type pdf)
<use Tikz/pdf/plot_ortskurve_minimal_R_RLZ_R.pdf>
Package pdftex.def Info: Tikz/pdf/plot_ortskurve_minimal_R_RLZ_R.pdf  used on input line 330.
(pdftex.def)             Requested size: 175.71303pt x 76.22258pt.
<Tikz/pdf/plot_ortskurve_minimal_R_RLZ_L.pdf, id=1746, 175.71347pt x 76.22278pt>
File: Tikz/pdf/plot_ortskurve_minimal_R_RLZ_L.pdf Graphic file (type pdf)
<use Tikz/pdf/plot_ortskurve_minimal_R_RLZ_L.pdf>
Package pdftex.def Info: Tikz/pdf/plot_ortskurve_minimal_R_RLZ_L.pdf  used on input line 330.
(pdftex.def)             Requested size: 175.71303pt x 76.22258pt.
<Tikz/pdf/plot_ortskurve_minimal_R_RLY_R.pdf, id=1747, 175.71347pt x 73.9322pt>
File: Tikz/pdf/plot_ortskurve_minimal_R_RLY_R.pdf Graphic file (type pdf)
<use Tikz/pdf/plot_ortskurve_minimal_R_RLY_R.pdf>
Package pdftex.def Info: Tikz/pdf/plot_ortskurve_minimal_R_RLY_R.pdf  used on input line 334.
(pdftex.def)             Requested size: 175.71303pt x 73.932pt.
<Tikz/pdf/plot_ortskurve_minimal_R_RLY_L.pdf, id=1748, 175.71347pt x 73.9322pt>
File: Tikz/pdf/plot_ortskurve_minimal_R_RLY_L.pdf Graphic file (type pdf)
<use Tikz/pdf/plot_ortskurve_minimal_R_RLY_L.pdf>
Package pdftex.def Info: Tikz/pdf/plot_ortskurve_minimal_R_RLY_L.pdf  used on input line 334.
(pdftex.def)             Requested size: 175.71303pt x 73.932pt.
<Tikz/pdf/circ_ortskurve_minimal_R_RC.pdf, id=1749, 105.17091pt x 40.7392pt>
File: Tikz/pdf/circ_ortskurve_minimal_R_RC.pdf Graphic file (type pdf)
<use Tikz/pdf/circ_ortskurve_minimal_R_RC.pdf>
Package pdftex.def Info: Tikz/pdf/circ_ortskurve_minimal_R_RC.pdf  used on input line 335.
(pdftex.def)             Requested size: 105.17065pt x 40.73907pt.
<Tikz/pdf/plot_ortskurve_minimal_R_RCZ_R.pdf, id=1750, 175.71347pt x 73.9322pt>
File: Tikz/pdf/plot_ortskurve_minimal_R_RCZ_R.pdf Graphic file (type pdf)
<use Tikz/pdf/plot_ortskurve_minimal_R_RCZ_R.pdf>
Package pdftex.def Info: Tikz/pdf/plot_ortskurve_minimal_R_RCZ_R.pdf  used on input line 340.
(pdftex.def)             Requested size: 175.71303pt x 73.932pt.
<Tikz/pdf/plot_ortskurve_minimal_R_RCZ_C.pdf, id=1751, 175.71347pt x 74.13196pt>
File: Tikz/pdf/plot_ortskurve_minimal_R_RCZ_C.pdf Graphic file (type pdf)
<use Tikz/pdf/plot_ortskurve_minimal_R_RCZ_C.pdf>
Package pdftex.def Info: Tikz/pdf/plot_ortskurve_minimal_R_RCZ_C.pdf  used on input line 340.
(pdftex.def)             Requested size: 175.71303pt x 74.13176pt.
<Tikz/pdf/plot_ortskurve_minimal_R_RCY_R.pdf, id=1752, 175.71347pt x 76.22278pt>
File: Tikz/pdf/plot_ortskurve_minimal_R_RCY_R.pdf Graphic file (type pdf)
<use Tikz/pdf/plot_ortskurve_minimal_R_RCY_R.pdf>
Package pdftex.def Info: Tikz/pdf/plot_ortskurve_minimal_R_RCY_R.pdf  used on input line 344.
(pdftex.def)             Requested size: 175.71303pt x 76.22258pt.
<Tikz/pdf/plot_ortskurve_minimal_R_RCY_C.pdf, id=1753, 175.71347pt x 76.22278pt>
File: Tikz/pdf/plot_ortskurve_minimal_R_RCY_C.pdf Graphic file (type pdf)
<use Tikz/pdf/plot_ortskurve_minimal_R_RCY_C.pdf>
Package pdftex.def Info: Tikz/pdf/plot_ortskurve_minimal_R_RCY_C.pdf  used on input line 344.
(pdftex.def)             Requested size: 175.71303pt x 76.22258pt.
<Tikz/pdf/circ_ortskurve_minimal_P_RL.pdf, id=1754, 76.71762pt x 70.87077pt>
File: Tikz/pdf/circ_ortskurve_minimal_P_RL.pdf Graphic file (type pdf)
<use Tikz/pdf/circ_ortskurve_minimal_P_RL.pdf>
Package pdftex.def Info: Tikz/pdf/circ_ortskurve_minimal_P_RL.pdf  used on input line 368.
(pdftex.def)             Requested size: 76.71742pt x 70.87059pt.
<Tikz/pdf/plot_ortskurve_minimal_P_RLZ_R.pdf, id=1755, 175.71347pt x 76.22278pt>
File: Tikz/pdf/plot_ortskurve_minimal_P_RLZ_R.pdf Graphic file (type pdf)
<use Tikz/pdf/plot_ortskurve_minimal_P_RLZ_R.pdf>
Package pdftex.def Info: Tikz/pdf/plot_ortskurve_minimal_P_RLZ_R.pdf  used on input line 368.
(pdftex.def)             Requested size: 175.71303pt x 76.22258pt.
<Tikz/pdf/plot_ortskurve_minimal_P_RLZ_L.pdf, id=1756, 175.71347pt x 76.22278pt>
File: Tikz/pdf/plot_ortskurve_minimal_P_RLZ_L.pdf Graphic file (type pdf)
<use Tikz/pdf/plot_ortskurve_minimal_P_RLZ_L.pdf>
Package pdftex.def Info: Tikz/pdf/plot_ortskurve_minimal_P_RLZ_L.pdf  used on input line 368.
(pdftex.def)             Requested size: 175.71303pt x 76.22258pt.
<Tikz/pdf/plot_ortskurve_minimal_P_RLY_R.pdf, id=1757, 175.71347pt x 73.9322pt>
File: Tikz/pdf/plot_ortskurve_minimal_P_RLY_R.pdf Graphic file (type pdf)
<use Tikz/pdf/plot_ortskurve_minimal_P_RLY_R.pdf>
Package pdftex.def Info: Tikz/pdf/plot_ortskurve_minimal_P_RLY_R.pdf  used on input line 368.
(pdftex.def)             Requested size: 175.71303pt x 73.932pt.
<Tikz/pdf/plot_ortskurve_minimal_P_RLY_L.pdf, id=1758, 175.71347pt x 74.13196pt>
File: Tikz/pdf/plot_ortskurve_minimal_P_RLY_L.pdf Graphic file (type pdf)
<use Tikz/pdf/plot_ortskurve_minimal_P_RLY_L.pdf>
Package pdftex.def Info: Tikz/pdf/plot_ortskurve_minimal_P_RLY_L.pdf  used on input line 368.
(pdftex.def)             Requested size: 175.71303pt x 74.13176pt.
<Tikz/pdf/circ_ortskurve_minimal_P_RC.pdf, id=1759, 76.71762pt x 76.8461pt>
File: Tikz/pdf/circ_ortskurve_minimal_P_RC.pdf Graphic file (type pdf)
<use Tikz/pdf/circ_ortskurve_minimal_P_RC.pdf>
Package pdftex.def Info: Tikz/pdf/circ_ortskurve_minimal_P_RC.pdf  used on input line 368.
(pdftex.def)             Requested size: 76.71742pt x 76.8459pt.
<Tikz/pdf/plot_ortskurve_minimal_P_RCZ_R.pdf, id=1760, 175.71347pt x 73.9322pt>
File: Tikz/pdf/plot_ortskurve_minimal_P_RCZ_R.pdf Graphic file (type pdf)
<use Tikz/pdf/plot_ortskurve_minimal_P_RCZ_R.pdf>
Package pdftex.def Info: Tikz/pdf/plot_ortskurve_minimal_P_RCZ_R.pdf  used on input line 368.
(pdftex.def)             Requested size: 175.71303pt x 73.932pt.
<Tikz/pdf/plot_ortskurve_minimal_P_RCZ_C.pdf, id=1761, 175.71347pt x 73.9322pt>
File: Tikz/pdf/plot_ortskurve_minimal_P_RCZ_C.pdf Graphic file (type pdf)
<use Tikz/pdf/plot_ortskurve_minimal_P_RCZ_C.pdf>
Package pdftex.def Info: Tikz/pdf/plot_ortskurve_minimal_P_RCZ_C.pdf  used on input line 368.
(pdftex.def)             Requested size: 175.71303pt x 73.932pt.
<Tikz/pdf/plot_ortskurve_minimal_P_RCY_R.pdf, id=1762, 175.71347pt x 76.22278pt>
File: Tikz/pdf/plot_ortskurve_minimal_P_RCY_R.pdf Graphic file (type pdf)
<use Tikz/pdf/plot_ortskurve_minimal_P_RCY_R.pdf>
Package pdftex.def Info: Tikz/pdf/plot_ortskurve_minimal_P_RCY_R.pdf  used on input line 368.
(pdftex.def)             Requested size: 175.71303pt x 76.22258pt.
<Tikz/pdf/plot_ortskurve_minimal_P_RCY_C.pdf, id=1763, 175.71347pt x 76.22278pt>
File: Tikz/pdf/plot_ortskurve_minimal_P_RCY_C.pdf Graphic file (type pdf)
<use Tikz/pdf/plot_ortskurve_minimal_P_RCY_C.pdf>
Package pdftex.def Info: Tikz/pdf/plot_ortskurve_minimal_P_RCY_C.pdf  used on input line 368.
(pdftex.def)             Requested size: 175.71303pt x 76.22258pt.
) [31 <./Tikz/pdf/plot_ortskurven_inversion.pdf>] [32 <./Tikz/pdf/circ_ortskurve_minimal_R_RL.pdf> <./Tikz/pdf/plot_ortskurve_minimal_R_RLZ_R.pdf> <./Tikz/pdf/plot_ortskurve_minimal_R_RLZ_L.pdf> <./Tikz/pdf/plot_ortskurve_minimal_R_RLY_R.pdf> <./Tikz/pdf/plot_ortskurve_minimal_R_RLY_L.pdf> <./Tikz/pdf/circ_ortskurve_minimal_R_RC.pdf> <./Tikz/pdf/plot_ortskurve_minimal_R_RCZ_R.pdf> <./Tikz/pdf/plot_ortskurve_minimal_R_RCZ_C.pdf> <./Tikz/pdf/plot_ortskurve_minimal_R_RCY_R.pdf> <./Tikz/pdf/plot_ortskurve_minimal_R_RCY_C.pdf> <./Tikz/pdf/circ_ortskurve_minimal_P_RL.pdf> <./Tikz/pdf/plot_ortskurve_minimal_P_RLZ_R.pdf> <./Tikz/pdf/plot_ortskurve_minimal_P_RLZ_L.pdf> <./Tikz/pdf/plot_ortskurve_minimal_P_RLY_R.pdf> <./Tikz/pdf/plot_ortskurve_minimal_P_RLY_L.pdf> <./Tikz/pdf/circ_ortskurve_minimal_P_RC.pdf> <./Tikz/pdf/plot_ortskurve_minimal_P_RCZ_R.pdf> <./Tikz/pdf/plot_ortskurve_minimal_P_RCZ_C.pdf> <./Tikz/pdf/plot_ortskurve_minimal_P_RCY_R.pdf> <./Tikz/pdf/plot_ortskurve_minimal_P_RCY_C.pdf>] (./Kapitel4.tex

LaTeX Warning: Reference `bsp:resonanz:lc' on page 33 undefined on input line 138.

<Tikz/pdf/circ_schwingkreis_rlcs_frei.pdf, id=1932, 137.15039pt x 144.26398pt>
File: Tikz/pdf/circ_schwingkreis_rlcs_frei.pdf Graphic file (type pdf)
<use Tikz/pdf/circ_schwingkreis_rlcs_frei.pdf>
Package pdftex.def Info: Tikz/pdf/circ_schwingkreis_rlcs_frei.pdf  used on input line 138.
(pdftex.def)             Requested size: 137.15005pt x 144.26361pt.
<Tikz/pdf/plot_zeitverlauf_RLCs_gedaempft.pdf, id=1933, 162.61353pt x 78.82248pt>
File: Tikz/pdf/plot_zeitverlauf_RLCs_gedaempft.pdf Graphic file (type pdf)
<use Tikz/pdf/plot_zeitverlauf_RLCs_gedaempft.pdf>
Package pdftex.def Info: Tikz/pdf/plot_zeitverlauf_RLCs_gedaempft.pdf  used on input line 138.
(pdftex.def)             Requested size: 162.61311pt x 78.82227pt.
[33 <./Tikz/pdf/circ_schwingkreis_rlcs_frei.pdf> <./Tikz/pdf/plot_zeitverlauf_RLCs_gedaempft.pdf>]
<Tikz/pdf/circ_schwingkreis_rlcs_erzwungen.pdf, id=1973, 137.15039pt x 144.26398pt>
File: Tikz/pdf/circ_schwingkreis_rlcs_erzwungen.pdf Graphic file (type pdf)
<use Tikz/pdf/circ_schwingkreis_rlcs_erzwungen.pdf>
Package pdftex.def Info: Tikz/pdf/circ_schwingkreis_rlcs_erzwungen.pdf  used on input line 138.
(pdftex.def)             Requested size: 137.15005pt x 144.26361pt.
<Tikz/pdf/plot_zeitverlauf_RLCs_angeregt.pdf, id=1974, 161.33473pt x 78.82248pt>
File: Tikz/pdf/plot_zeitverlauf_RLCs_angeregt.pdf Graphic file (type pdf)
<use Tikz/pdf/plot_zeitverlauf_RLCs_angeregt.pdf>
Package pdftex.def Info: Tikz/pdf/plot_zeitverlauf_RLCs_angeregt.pdf  used on input line 138.
(pdftex.def)             Requested size: 161.33432pt x 78.82227pt.
 [34 <./Tikz/pdf/circ_schwingkreis_rlcs_erzwungen.pdf> <./Tikz/pdf/plot_zeitverlauf_RLCs_angeregt.pdf>]

LaTeX Warning: Reference `bsp:resonanz:lc' on page 35 undefined on input line 375.

[35]
<Tikz/pdf/circ_schwingkreis_lcs_komplex.pdf, id=2020, 158.49011pt x 130.03783pt>
File: Tikz/pdf/circ_schwingkreis_lcs_komplex.pdf Graphic file (type pdf)
<use Tikz/pdf/circ_schwingkreis_lcs_komplex.pdf>
Package pdftex.def Info: Tikz/pdf/circ_schwingkreis_lcs_komplex.pdf  used on input line 375.
(pdftex.def)             Requested size: 158.4897pt x 130.03749pt.
<Tikz/pdf/circ_schwingkreis_lcp_komplex.pdf, id=2021, 158.49011pt x 130.45538pt>
File: Tikz/pdf/circ_schwingkreis_lcp_komplex.pdf Graphic file (type pdf)
<use Tikz/pdf/circ_schwingkreis_lcp_komplex.pdf>
Package pdftex.def Info: Tikz/pdf/circ_schwingkreis_lcp_komplex.pdf  used on input line 375.
(pdftex.def)             Requested size: 158.4897pt x 130.45505pt.


LaTeX Warning: Reference `bsp:resonanz:lc' on page 36 undefined on input line 562.

[36 <./Tikz/pdf/circ_schwingkreis_lcs_komplex.pdf> <./Tikz/pdf/circ_schwingkreis_lcp_komplex.pdf>]
<Tikz/pdf/circ_schwingkreis_rlcs_komplex_2.pdf, id=2057, 215.39572pt x 101.58452pt>
File: Tikz/pdf/circ_schwingkreis_rlcs_komplex_2.pdf Graphic file (type pdf)
<use Tikz/pdf/circ_schwingkreis_rlcs_komplex_2.pdf>
Package pdftex.def Info: Tikz/pdf/circ_schwingkreis_rlcs_komplex_2.pdf  used on input line 562.
(pdftex.def)             Requested size: 215.39519pt x 101.58426pt.
 [37 <./Tikz/pdf/circ_schwingkreis_rlcs_komplex_2.pdf>]
<Tikz/pdf/plot_zeigerdiagramm_rlcs_2.pdf, id=2089, 95.3713pt x 143.24113pt>
File: Tikz/pdf/plot_zeigerdiagramm_rlcs_2.pdf Graphic file (type pdf)
<use Tikz/pdf/plot_zeigerdiagramm_rlcs_2.pdf>
Package pdftex.def Info: Tikz/pdf/plot_zeigerdiagramm_rlcs_2.pdf  used on input line 624.
(pdftex.def)             Requested size: 95.37106pt x 143.24077pt.
<Tikz/pdf/plot_zeigerdiagramm_rlcs_3.pdf, id=2090, 95.3713pt x 143.24113pt>
File: Tikz/pdf/plot_zeigerdiagramm_rlcs_3.pdf Graphic file (type pdf)
<use Tikz/pdf/plot_zeigerdiagramm_rlcs_3.pdf>
Package pdftex.def Info: Tikz/pdf/plot_zeigerdiagramm_rlcs_3.pdf  used on input line 624.
(pdftex.def)             Requested size: 95.37106pt x 143.24077pt.
<Tikz/pdf/plot_zeigerdiagramm_rlcs_1.pdf, id=2091, 95.3713pt x 143.24113pt>
File: Tikz/pdf/plot_zeigerdiagramm_rlcs_1.pdf Graphic file (type pdf)
<use Tikz/pdf/plot_zeigerdiagramm_rlcs_1.pdf>
Package pdftex.def Info: Tikz/pdf/plot_zeigerdiagramm_rlcs_1.pdf  used on input line 624.
(pdftex.def)             Requested size: 95.37106pt x 143.24077pt.
 [38]
<Tikz/pdf/plot_rlcs_impedanzkurve.pdf, id=2100, 337.7428pt x 224.23274pt>
File: Tikz/pdf/plot_rlcs_impedanzkurve.pdf Graphic file (type pdf)
<use Tikz/pdf/plot_rlcs_impedanzkurve.pdf>
Package pdftex.def Info: Tikz/pdf/plot_rlcs_impedanzkurve.pdf  used on input line 677.
(pdftex.def)             Requested size: 337.74197pt x 224.23218pt.
 [39 <./Tikz/pdf/plot_zeigerdiagramm_rlcs_2.pdf> <./Tikz/pdf/plot_zeigerdiagramm_rlcs_3.pdf> <./Tikz/pdf/plot_zeigerdiagramm_rlcs_1.pdf>] [40 <./Tikz/pdf/plot_rlcs_impedanzkurve.pdf>]
<Tikz/pdf/plot_rlcs_impedanzkurve_guete.pdf, id=2221, 337.7428pt x 224.23274pt>
File: Tikz/pdf/plot_rlcs_impedanzkurve_guete.pdf Graphic file (type pdf)
<use Tikz/pdf/plot_rlcs_impedanzkurve_guete.pdf>
Package pdftex.def Info: Tikz/pdf/plot_rlcs_impedanzkurve_guete.pdf  used on input line 785.
(pdftex.def)             Requested size: 337.74197pt x 224.23218pt.
 [41 <./Tikz/pdf/plot_rlcs_impedanzkurve_guete.pdf>]
<Tikz/pdf/plot_rlcs_phikurve_guete.pdf, id=2256, 337.7428pt x 110.42154pt>
File: Tikz/pdf/plot_rlcs_phikurve_guete.pdf Graphic file (type pdf)
<use Tikz/pdf/plot_rlcs_phikurve_guete.pdf>
Package pdftex.def Info: Tikz/pdf/plot_rlcs_phikurve_guete.pdf  used on input line 785.
(pdftex.def)             Requested size: 337.74197pt x 110.42125pt.
<Tikz/pdf/circ_schwingkreis_rlcs_komplex_2_const_u.pdf, id=2261, 215.79521pt x 101.58452pt>
File: Tikz/pdf/circ_schwingkreis_rlcs_komplex_2_const_u.pdf Graphic file (type pdf)
<use Tikz/pdf/circ_schwingkreis_rlcs_komplex_2_const_u.pdf>
Package pdftex.def Info: Tikz/pdf/circ_schwingkreis_rlcs_komplex_2_const_u.pdf  used on input line 920.
(pdftex.def)             Requested size: 215.79468pt x 101.58426pt.
 [42 <./Tikz/pdf/plot_rlcs_phikurve_guete.pdf>]
<Tikz/pdf/plot_rlcs_spannung_resonanz.pdf, id=2296, 337.7428pt x 224.23274pt>
File: Tikz/pdf/plot_rlcs_spannung_resonanz.pdf Graphic file (type pdf)
<use Tikz/pdf/plot_rlcs_spannung_resonanz.pdf>
Package pdftex.def Info: Tikz/pdf/plot_rlcs_spannung_resonanz.pdf  used on input line 920.
(pdftex.def)             Requested size: 337.74197pt x 224.23218pt.
 [43 <./Tikz/pdf/circ_schwingkreis_rlcs_komplex_2_const_u.pdf>] [44 <./Tikz/pdf/plot_rlcs_spannung_resonanz.pdf>]
<Tikz/pdf/plot_rlcs_stromkurve_uq_guete.pdf, id=2355, 337.7428pt x 224.23274pt>
File: Tikz/pdf/plot_rlcs_stromkurve_uq_guete.pdf Graphic file (type pdf)
<use Tikz/pdf/plot_rlcs_stromkurve_uq_guete.pdf>
Package pdftex.def Info: Tikz/pdf/plot_rlcs_stromkurve_uq_guete.pdf  used on input line 1019.
(pdftex.def)             Requested size: 337.74197pt x 224.23218pt.
 [45 <./Tikz/pdf/plot_rlcs_stromkurve_uq_guete.pdf>]
<Tikz/pdf/circ_schwingkreis_rlcs_komplex_2_const_i.pdf, id=2387, 215.39572pt x 101.58452pt>
File: Tikz/pdf/circ_schwingkreis_rlcs_komplex_2_const_i.pdf Graphic file (type pdf)
<use Tikz/pdf/circ_schwingkreis_rlcs_komplex_2_const_i.pdf>
Package pdftex.def Info: Tikz/pdf/circ_schwingkreis_rlcs_komplex_2_const_i.pdf  used on input line 1099.
(pdftex.def)             Requested size: 215.39519pt x 101.58426pt.


LaTeX Warning: Reference `bsp:resonanz:lc' on page 46 undefined on input line 1208.

[46 <./Tikz/pdf/circ_schwingkreis_rlcs_komplex_2_const_i.pdf>]
<Tikz/pdf/circ_schwingkreis_rlcp_komplex_2.pdf, id=2413, 215.39572pt x 101.58452pt>
File: Tikz/pdf/circ_schwingkreis_rlcp_komplex_2.pdf Graphic file (type pdf)
<use Tikz/pdf/circ_schwingkreis_rlcp_komplex_2.pdf>
Package pdftex.def Info: Tikz/pdf/circ_schwingkreis_rlcp_komplex_2.pdf  used on input line 1208.
(pdftex.def)             Requested size: 215.39519pt x 101.58426pt.
 [47 <./Tikz/pdf/circ_schwingkreis_rlcp_komplex_2.pdf>]
<Tikz/pdf/plot_zeigerdiagramm_rlcp_2.pdf, id=2443, 95.3713pt x 143.24113pt>
File: Tikz/pdf/plot_zeigerdiagramm_rlcp_2.pdf Graphic file (type pdf)
<use Tikz/pdf/plot_zeigerdiagramm_rlcp_2.pdf>
Package pdftex.def Info: Tikz/pdf/plot_zeigerdiagramm_rlcp_2.pdf  used on input line 1272.
(pdftex.def)             Requested size: 95.37106pt x 143.24077pt.
<Tikz/pdf/plot_zeigerdiagramm_rlcp_3.pdf, id=2444, 95.3713pt x 143.24113pt>
File: Tikz/pdf/plot_zeigerdiagramm_rlcp_3.pdf Graphic file (type pdf)
<use Tikz/pdf/plot_zeigerdiagramm_rlcp_3.pdf>
Package pdftex.def Info: Tikz/pdf/plot_zeigerdiagramm_rlcp_3.pdf  used on input line 1272.
(pdftex.def)             Requested size: 95.37106pt x 143.24077pt.
<Tikz/pdf/plot_zeigerdiagramm_rlcp_1.pdf, id=2445, 95.3713pt x 143.24113pt>
File: Tikz/pdf/plot_zeigerdiagramm_rlcp_1.pdf Graphic file (type pdf)
<use Tikz/pdf/plot_zeigerdiagramm_rlcp_1.pdf>
Package pdftex.def Info: Tikz/pdf/plot_zeigerdiagramm_rlcp_1.pdf  used on input line 1272.
(pdftex.def)             Requested size: 95.37106pt x 143.24077pt.
 [48 <./Tikz/pdf/plot_zeigerdiagramm_rlcp_2.pdf> <./Tikz/pdf/plot_zeigerdiagramm_rlcp_3.pdf> <./Tikz/pdf/plot_zeigerdiagramm_rlcp_1.pdf>]
<Tikz/pdf/plot_rlcp_admittanzkurve.pdf, id=2535, 337.7428pt x 224.23274pt>
File: Tikz/pdf/plot_rlcp_admittanzkurve.pdf Graphic file (type pdf)
<use Tikz/pdf/plot_rlcp_admittanzkurve.pdf>
Package pdftex.def Info: Tikz/pdf/plot_rlcp_admittanzkurve.pdf  used on input line 1323.
(pdftex.def)             Requested size: 337.74197pt x 224.23218pt.
 [49 <./Tikz/pdf/plot_rlcp_admittanzkurve.pdf>]
<Tikz/pdf/plot_rlcp_admittanzkurve_guete.pdf, id=2575, 337.7428pt x 224.23274pt>
File: Tikz/pdf/plot_rlcp_admittanzkurve_guete.pdf Graphic file (type pdf)
<use Tikz/pdf/plot_rlcp_admittanzkurve_guete.pdf>
Package pdftex.def Info: Tikz/pdf/plot_rlcp_admittanzkurve_guete.pdf  used on input line 1427.
(pdftex.def)             Requested size: 337.74197pt x 224.23218pt.
 [50]
<Tikz/pdf/circ_schwingkreis_rlcp_komplex_2_const_i.pdf, id=2593, 215.39572pt x 101.58452pt>
File: Tikz/pdf/circ_schwingkreis_rlcp_komplex_2_const_i.pdf Graphic file (type pdf)
<use Tikz/pdf/circ_schwingkreis_rlcp_komplex_2_const_i.pdf>
Package pdftex.def Info: Tikz/pdf/circ_schwingkreis_rlcp_komplex_2_const_i.pdf  used on input line 1532.
(pdftex.def)             Requested size: 215.39519pt x 101.58426pt.
 [51 <./Tikz/pdf/plot_rlcp_admittanzkurve_guete.pdf> <./Tikz/pdf/circ_schwingkreis_rlcp_komplex_2_const_i.pdf>]
<Tikz/pdf/plot_rlcp_strom_resonanz.pdf, id=2639, 337.7428pt x 224.23274pt>
File: Tikz/pdf/plot_rlcp_strom_resonanz.pdf Graphic file (type pdf)
<use Tikz/pdf/plot_rlcp_strom_resonanz.pdf>
Package pdftex.def Info: Tikz/pdf/plot_rlcp_strom_resonanz.pdf  used on input line 1532.
(pdftex.def)             Requested size: 337.74197pt x 224.23218pt.
 [52]
<Tikz/pdf/plot_rlcp_spannungskurve_iq_guete.pdf, id=2652, 337.7428pt x 224.23274pt>
File: Tikz/pdf/plot_rlcp_spannungskurve_iq_guete.pdf Graphic file (type pdf)
<use Tikz/pdf/plot_rlcp_spannungskurve_iq_guete.pdf>
Package pdftex.def Info: Tikz/pdf/plot_rlcp_spannungskurve_iq_guete.pdf  used on input line 1606.
(pdftex.def)             Requested size: 337.74197pt x 224.23218pt.
 [53 <./Tikz/pdf/plot_rlcp_strom_resonanz.pdf>] [54 <./Tikz/pdf/plot_rlcp_spannungskurve_iq_guete.pdf>])) [55] [56

] (./Aufgaben.tex
<Tikz/pdf/Uebungen/circ_uebung_rlcs_schwingkreis.pdf, id=2725, 190.24174pt x 108.9681pt>
File: Tikz/pdf/Uebungen/circ_uebung_rlcs_schwingkreis.pdf Graphic file (type pdf)
<use Tikz/pdf/Uebungen/circ_uebung_rlcs_schwingkreis.pdf>
Package pdftex.def Info: Tikz/pdf/Uebungen/circ_uebung_rlcs_schwingkreis.pdf  used on input line 72.
(pdftex.def)             Requested size: 190.24127pt x 108.9678pt.

Overfull \hbox (22.55992pt too wide) in paragraph at lines 72--72
\OT1/cmr/m/n/10 1\OML/cmm/m/it/10 ^^V\OT1/cmr/m/n/10 F$. $[]$ $[]$ 
 []

<Tikz/pdf/Uebungen/circ_uebung_vierpol_r_lcp_r.pdf, id=2726, 190.24174pt x 158.21912pt>
File: Tikz/pdf/Uebungen/circ_uebung_vierpol_r_lcp_r.pdf Graphic file (type pdf)
<use Tikz/pdf/Uebungen/circ_uebung_vierpol_r_lcp_r.pdf>
Package pdftex.def Info: Tikz/pdf/Uebungen/circ_uebung_vierpol_r_lcp_r.pdf  used on input line 154.
(pdftex.def)             Requested size: 190.24127pt x 158.21872pt.

Overfull \hbox (2.2222pt too wide) in paragraph at lines 154--155
[]$[]$$[]$  
 []

<Tikz/pdf/Uebungen/circ_uebung_rlcp_schwingkreis.pdf, id=2727, 124.56738pt x 90.94478pt>
File: Tikz/pdf/Uebungen/circ_uebung_rlcp_schwingkreis.pdf Graphic file (type pdf)
<use Tikz/pdf/Uebungen/circ_uebung_rlcp_schwingkreis.pdf>
Package pdftex.def Info: Tikz/pdf/Uebungen/circ_uebung_rlcp_schwingkreis.pdf  used on input line 239.
(pdftex.def)             Requested size: 124.56706pt x 90.94455pt.

Overfull \hbox (4.45108pt too wide) in paragraph at lines 239--239
$[]$   $[]$ 
 []

[57 <./Tikz/pdf/Uebungen/circ_uebung_rlcs_schwingkreis.pdf> <./Tikz/pdf/Uebungen/circ_uebung_vierpol_r_lcp_r.pdf>]
<Tikz/pdf/Uebungen/circ_uebung_rc_filter_2_ord.pdf, id=2751, 246.06229pt x 108.9681pt>
File: Tikz/pdf/Uebungen/circ_uebung_rc_filter_2_ord.pdf Graphic file (type pdf)
<use Tikz/pdf/Uebungen/circ_uebung_rc_filter_2_ord.pdf>
Package pdftex.def Info: Tikz/pdf/Uebungen/circ_uebung_rc_filter_2_ord.pdf  used on input line 321.
(pdftex.def)             Requested size: 246.06168pt x 108.9678pt.
<Tikz/pdf/Uebungen/circ_uebung_admittanzortskurve_rcs_rp.pdf, id=2752, 111.03181pt x 90.94478pt>
File: Tikz/pdf/Uebungen/circ_uebung_admittanzortskurve_rcs_rp.pdf Graphic file (type pdf)
<use Tikz/pdf/Uebungen/circ_uebung_admittanzortskurve_rcs_rp.pdf>
Package pdftex.def Info: Tikz/pdf/Uebungen/circ_uebung_admittanzortskurve_rcs_rp.pdf  used on input line 440.
(pdftex.def)             Requested size: 111.03154pt x 90.94455pt.
 [58 <./Tikz/pdf/Uebungen/circ_uebung_rlcp_schwingkreis.pdf> <./Tikz/pdf/Uebungen/circ_uebung_rc_filter_2_ord.pdf>]
<Tikz/pdf/Uebungen/circ_uebung_wechselstrommessbruecke_allgemein.pdf, id=2772, 149.99036pt x 119.39706pt>
File: Tikz/pdf/Uebungen/circ_uebung_wechselstrommessbruecke_allgemein.pdf Graphic file (type pdf)
<use Tikz/pdf/Uebungen/circ_uebung_wechselstrommessbruecke_allgemein.pdf>
Package pdftex.def Info: Tikz/pdf/Uebungen/circ_uebung_wechselstrommessbruecke_allgemein.pdf  used on input line 514.
(pdftex.def)             Requested size: 149.98997pt x 119.39676pt.
) (./Aufgaben.tex [59 <./Tikz/pdf/Uebungen/circ_uebung_admittanzortskurve_rcs_rp.pdf> <./Tikz/pdf/Uebungen/circ_uebung_wechselstrommessbruecke_allgemein.pdf>] [60]
<Tikz/pdf/Uebungen/plot_uebung_rlcs_schwingkreis_amplitudengang.pdf, id=2804, 377.3026pt x 127.77437pt>
File: Tikz/pdf/Uebungen/plot_uebung_rlcs_schwingkreis_amplitudengang.pdf Graphic file (type pdf)
<use Tikz/pdf/Uebungen/plot_uebung_rlcs_schwingkreis_amplitudengang.pdf>
Package pdftex.def Info: Tikz/pdf/Uebungen/plot_uebung_rlcs_schwingkreis_amplitudengang.pdf  used on input line 125.
(pdftex.def)             Requested size: 377.30167pt x 127.77405pt.
 [61 <./Tikz/pdf/Uebungen/plot_uebung_rlcs_schwingkreis_amplitudengang.pdf>]
<Tikz/pdf/Uebungen/plot_uebung_vierpol_r_lcp_r_bodediagramm.pdf, id=2826, 353.4766pt x 245.14687pt>
File: Tikz/pdf/Uebungen/plot_uebung_vierpol_r_lcp_r_bodediagramm.pdf Graphic file (type pdf)
<use Tikz/pdf/Uebungen/plot_uebung_vierpol_r_lcp_r_bodediagramm.pdf>
Package pdftex.def Info: Tikz/pdf/Uebungen/plot_uebung_vierpol_r_lcp_r_bodediagramm.pdf  used on input line 216.
(pdftex.def)             Requested size: 353.47572pt x 245.14627pt.
 [62 <./Tikz/pdf/Uebungen/plot_uebung_vierpol_r_lcp_r_bodediagramm.pdf>]
<Tikz/pdf/Uebungen/plot_uebung_rlcp_schwingkreis_gesamtimpedanz.pdf, id=2865, 261.52705pt x 114.2689pt>
File: Tikz/pdf/Uebungen/plot_uebung_rlcp_schwingkreis_gesamtimpedanz.pdf Graphic file (type pdf)
<use Tikz/pdf/Uebungen/plot_uebung_rlcp_schwingkreis_gesamtimpedanz.pdf>
Package pdftex.def Info: Tikz/pdf/Uebungen/plot_uebung_rlcp_schwingkreis_gesamtimpedanz.pdf  used on input line 305.
(pdftex.def)             Requested size: 261.5264pt x 114.26862pt.
 [63 <./Tikz/pdf/Uebungen/plot_uebung_rlcp_schwingkreis_gesamtimpedanz.pdf>] [64]
<Tikz/pdf/Uebungen/plot_uebung_rc_filter_2_ord_bodediagramm.pdf, id=2889, 355.5202pt x 310.58435pt>
File: Tikz/pdf/Uebungen/plot_uebung_rc_filter_2_ord_bodediagramm.pdf Graphic file (type pdf)
<use Tikz/pdf/Uebungen/plot_uebung_rc_filter_2_ord_bodediagramm.pdf>
Package pdftex.def Info: Tikz/pdf/Uebungen/plot_uebung_rc_filter_2_ord_bodediagramm.pdf  used on input line 367.
(pdftex.def)             Requested size: 355.51933pt x 310.58357pt.
 [65]
<Tikz/pdf/Uebungen/circ_uebung_impedanzortskurve_admittanzortskurve_rls.pdf, id=2894, 119.39706pt x 28.19133pt>
File: Tikz/pdf/Uebungen/circ_uebung_impedanzortskurve_admittanzortskurve_rls.pdf Graphic file (type pdf)
<use Tikz/pdf/Uebungen/circ_uebung_impedanzortskurve_admittanzortskurve_rls.pdf>
Package pdftex.def Info: Tikz/pdf/Uebungen/circ_uebung_impedanzortskurve_admittanzortskurve_rls.pdf  used on input line 415.
(pdftex.def)             Requested size: 119.39676pt x 28.19125pt.

Underfull \hbox (badness 10000) in paragraph at lines 415--415

 []


Underfull \hbox (badness 10000) in paragraph at lines 415--415

 []


Underfull \hbox (badness 10000) in paragraph at lines 415--415

 []


Underfull \hbox (badness 10000) in paragraph at lines 415--415

 []

<Tikz/pdf/Uebungen/plot_uebung_impedanzortskurve_admittanzortskurve_rls.pdf, id=2895, 191.54561pt x 298.82944pt>
File: Tikz/pdf/Uebungen/plot_uebung_impedanzortskurve_admittanzortskurve_rls.pdf Graphic file (type pdf)
<use Tikz/pdf/Uebungen/plot_uebung_impedanzortskurve_admittanzortskurve_rls.pdf>
Package pdftex.def Info: Tikz/pdf/Uebungen/plot_uebung_impedanzortskurve_admittanzortskurve_rls.pdf  used on input line 415.
(pdftex.def)             Requested size: 191.54514pt x 298.82869pt.

Overfull \hbox (25.57802pt too wide) in paragraph at lines 415--415
[][] 
 []

[66 <./Tikz/pdf/Uebungen/plot_uebung_rc_filter_2_ord_bodediagramm.pdf>]
Underfull \hbox (badness 1117) in paragraph at lines 487--487
[]\OT1/cmr/m/n/10 Sketch of the ad-mit-tan-ce lo-cus
 []

<Tikz/pdf/Uebungen/plot_uebung_admittanzortskurve_rcs_rp.pdf, id=2928, 129.97359pt x 128.11163pt>
File: Tikz/pdf/Uebungen/plot_uebung_admittanzortskurve_rcs_rp.pdf Graphic file (type pdf)
<use Tikz/pdf/Uebungen/plot_uebung_admittanzortskurve_rcs_rp.pdf>
Package pdftex.def Info: Tikz/pdf/Uebungen/plot_uebung_admittanzortskurve_rcs_rp.pdf  used on input line 487.
(pdftex.def)             Requested size: 129.97325pt x 128.11131pt.
[67 <./Tikz/pdf/Uebungen/circ_uebung_impedanzortskurve_admittanzortskurve_rls.pdf> <./Tikz/pdf/Uebungen/plot_uebung_impedanzortskurve_admittanzortskurve_rls.pdf>]) [68 <./Tikz/pdf/Uebungen/plot_uebung_admittanzortskurve_rcs_rp.pdf>] [69

] (./Skript.ind
Overfull \hbox (4.45874pt too wide) in paragraph at lines 76--77
[]\OT1/cmr/m/n/10 Oscillating circuit>RLC-Parallel os-cil-la-ting cir-cuit,
 []


Overfull \hbox (1.62646pt too wide) in paragraph at lines 77--78
[]\OT1/cmr/m/n/10 Oscillating circuit>RLC-Series re-so-nant cir-cuit, [][]37[][] 
 []

[70



]) (./Skript.aux)
 ***********
LaTeX2e <2023-11-01> patch level 1
L3 programming layer <2024-01-22>
 ***********


LaTeX Font Warning: Size substitutions with differences
(Font)              up to 3.25pt have occurred.


LaTeX Warning: There were undefined references.


LaTeX Warning: There were multiply-defined labels.

Package rerunfilecheck Info: File `Skript.out' has not changed.
(rerunfilecheck)             Checksum: DAC97620534DEFD361B87C02AEDDFF4A;20625.
Package logreq Info: Writing requests to 'Skript.run.xml'.
\openout1 = `Skript.run.xml'.

 ) 
Here is how much of TeX's memory you used:
 79966 strings out of 476056
 2039559 string characters out of 5791604
 3221590 words of memory out of 5000000
 100427 multiletter control sequences out of 15000+600000
 583594 words of font info for 144 fonts, out of 8000000 for 9000
 61 hyphenation exceptions out of 8191
 118i,27n,134p,864b,2611s stack positions out of 10000i,1000n,20000p,200000b,200000s
 </root/.texlive2023/texmf-var/fonts/pk/ljfour/jknappen/ec/tcrm0700.600pk> </root/.texlive2023/texmf-var/fonts/pk/ljfour/jknappen/ec/tcrm1000.600pk></usr/share/texlive/texmf-dist/fonts/type1/public/amsfonts/cm/cmbx10.pfb></usr/share/texlive/texmf-dist/fonts/type1/public/amsfonts/cm/cmbx12.pfb></usr/share/texlive/texmf-dist/fonts/type1/public/amsfonts/cm/cmbx7.pfb></usr/share/texlive/texmf-dist/fonts/type1/public/amsfonts/cm/cmcsc10.pfb></usr/share/texlive/texmf-dist/fonts/type1/public/amsfonts/cm/cmex10.pfb></usr/share/texlive/texmf-dist/fonts/type1/public/amsfonts/cm/cmmi10.pfb></usr/share/texlive/texmf-dist/fonts/type1/public/amsfonts/cm/cmmi12.pfb></usr/share/texlive/texmf-dist/fonts/type1/public/amsfonts/cm/cmmi5.pfb></usr/share/texlive/texmf-dist/fonts/type1/public/amsfonts/cm/cmmi7.pfb></usr/share/texlive/texmf-dist/fonts/type1/public/amsfonts/cm/cmmi8.pfb></usr/share/texlive/texmf-dist/fonts/type1/public/amsfonts/cm/cmmi9.pfb></usr/share/texlive/texmf-dist/fonts/type1/public/amsfonts/cm/cmr10.pfb></usr/share/texlive/texmf-dist/fonts/type1/public/amsfonts/cm/cmr12.pfb></usr/share/texlive/texmf-dist/fonts/type1/public/amsfonts/cm/cmr17.pfb></usr/share/texlive/texmf-dist/fonts/type1/public/amsfonts/cm/cmr5.pfb></usr/share/texlive/texmf-dist/fonts/type1/public/amsfonts/cm/cmr6.pfb></usr/share/texlive/texmf-dist/fonts/type1/public/amsfonts/cm/cmr7.pfb></usr/share/texlive/texmf-dist/fonts/type1/public/amsfonts/cm/cmr8.pfb></usr/share/texlive/texmf-dist/fonts/type1/public/amsfonts/cm/cmr9.pfb></usr/share/texlive/texmf-dist/fonts/type1/public/amsfonts/cm/cmsy10.pfb></usr/share/texlive/texmf-dist/fonts/type1/public/amsfonts/cm/cmsy5.pfb></usr/share/texlive/texmf-dist/fonts/type1/public/amsfonts/cm/cmsy7.pfb></usr/share/texlive/texmf-dist/fonts/type1/public/amsfonts/cm/cmsy8.pfb></usr/share/texlive/texmf-dist/fonts/type1/public/amsfonts/cm/cmti10.pfb></usr/share/texlive/texmf-dist/fonts/type1/public/amsfonts/cm/cmti9.pfb></usr/share/texlive/texmf-dist/fonts/type1/public/amsfonts/cm/cmtt10.pfb></usr/share/texlive/texmf-dist/fonts/type1/public/amsfonts/cm/cmtt8.pfb></usr/share/texlive/texmf-dist/fonts/type1/public/esint-type1/esint10.pfb></usr/share/texlive/texmf-dist/fonts/type1/public/amsfonts/latxfont/line10.pfb></usr/share/texlive/texmf-dist/fonts/type1/public/amsfonts/symbols/msam10.pfb></usr/share/texlive/texmf-dist/fonts/type1/public/amsfonts/symbols/msam7.pfb></usr/share/texlive/texmf-dist/fonts/type1/public/amsfonts/symbols/msbm10.pfb>
Output written on Skript.pdf (74 pages, 5297367 bytes).
PDF statistics:
 3249 PDF objects out of 3580 (max. 8388607)
 2504 compressed objects within 26 object streams
 359 named destinations out of 1000 (max. 500000)
 1341 words of extra memory for PDF output out of 10000 (max. 10000000)

