This is pdfTeX, Version 3.141592653-2.6-1.40.25 (TeX Live 2023/Debian) (preloaded format=pdflatex 2025.7.14)  11 FEB 2026 15:51
entering extended mode
 \write18 enabled.
 file:line:error style messages enabled.
 %&-line parsing enabled.
**/workspace/modul-08-schaltungen-variabler-frequenz/Video.tex
(/workspace/modul-08-schaltungen-variabler-frequenz/Video.tex
LaTeX2e <2023-11-01> patch level 1
L3 programming layer <2024-01-22>
runsystem(makeindex -g -s ../Templates/Arbeit.ist TeXAux/Skript.idx)...executed.

runsystem(cat TeXAux/Skript.nlo | sort | uniq -w 55 | makeindex -i -s nomencl.ist -o TeXAux/Skript.nls)...executed.

runsystem(cd TeXAux;gnuplot *.gnuplot;cd ..;)...executed.

runsystem(Tikz/sh/tikz_externalize.sh)...executed.

(/usr/share/texlive/texmf-dist/tex/latex/beamer/beamer.cls
Document Class: beamer 2024/01/06 v3.71 A class for typesetting presentations
(/usr/share/texlive/texmf-dist/tex/latex/beamer/beamerbasemodes.sty (/usr/share/texlive/texmf-dist/tex/latex/etoolbox/etoolbox.sty
Package: etoolbox 2020/10/05 v2.5k e-TeX tools for LaTeX (JAW)
\etb@tempcnta=\count187
)
\beamer@tempbox=\box51
\beamer@tempcount=\count188
\c@beamerpauses=\count189
 (/usr/share/texlive/texmf-dist/tex/latex/beamer/beamerbasedecode.sty
\beamer@slideinframe=\count190
\beamer@minimum=\count191
\beamer@decode@box=\box52
)
\beamer@commentbox=\box53
\beamer@modecount=\count192
) (/usr/share/texlive/texmf-dist/tex/generic/iftex/iftex.sty
Package: iftex 2022/02/03 v1.0f TeX engine tests
)
\headdp=\dimen140
\footheight=\dimen141
\sidebarheight=\dimen142
\beamer@tempdim=\dimen143
\beamer@finalheight=\dimen144
\beamer@animht=\dimen145
\beamer@animdp=\dimen146
\beamer@animwd=\dimen147
\beamer@leftmargin=\dimen148
\beamer@rightmargin=\dimen149
\beamer@leftsidebar=\dimen150
\beamer@rightsidebar=\dimen151
\beamer@boxsize=\dimen152
\beamer@vboxoffset=\dimen153
\beamer@descdefault=\dimen154
\beamer@descriptionwidth=\dimen155
\beamer@lastskip=\skip48
\beamer@areabox=\box54
\beamer@animcurrent=\box55
\beamer@animshowbox=\box56
\beamer@sectionbox=\box57
\beamer@logobox=\box58
\beamer@linebox=\box59
\beamer@sectioncount=\count193
\beamer@subsubsectionmax=\count194
\beamer@subsectionmax=\count195
\beamer@sectionmax=\count196
\beamer@totalheads=\count197
\beamer@headcounter=\count198
\beamer@partstartpage=\count199
\beamer@sectionstartpage=\count266
\beamer@subsectionstartpage=\count267
\beamer@animationtempa=\count268
\beamer@animationtempb=\count269
\beamer@xpos=\count270
\beamer@ypos=\count271
\beamer@ypos@offset=\count272
\beamer@showpartnumber=\count273
\beamer@currentsubsection=\count274
\beamer@coveringdepth=\count275
\beamer@sectionadjust=\count276
\beamer@toclastsection=\count277
\beamer@tocsectionnumber=\count278
 (/usr/share/texlive/texmf-dist/tex/latex/beamer/beamerbaseoptions.sty (/usr/share/texlive/texmf-dist/tex/latex/graphics/keyval.sty
Package: keyval 2022/05/29 v1.15 key=value parser (DPC)
\KV@toks@=\toks17
))
\beamer@paperwidth=\skip49
\beamer@paperheight=\skip50
 (/usr/share/texlive/texmf-dist/tex/latex/geometry/geometry.sty
Package: geometry 2020/01/02 v5.9 Page Geometry
 (/usr/share/texlive/texmf-dist/tex/generic/iftex/ifvtex.sty
Package: ifvtex 2019/10/25 v1.7 ifvtex legacy package. Use iftex instead.
)
\Gm@cnth=\count279
\Gm@cntv=\count280
\c@Gm@tempcnt=\count281
\Gm@bindingoffset=\dimen156
\Gm@wd@mp=\dimen157
\Gm@odd@mp=\dimen158
\Gm@even@mp=\dimen159
\Gm@layoutwidth=\dimen160
\Gm@layoutheight=\dimen161
\Gm@layouthoffset=\dimen162
\Gm@layoutvoffset=\dimen163
\Gm@dimlist=\toks18
) (/usr/share/texlive/texmf-dist/tex/latex/pgf/math/pgfmath.sty (/usr/share/texlive/texmf-dist/tex/latex/pgf/utilities/pgfrcs.sty (/usr/share/texlive/texmf-dist/tex/generic/pgf/utilities/pgfutil-common.tex
\pgfutil@everybye=\toks19
\pgfutil@tempdima=\dimen164
\pgfutil@tempdimb=\dimen165
) (/usr/share/texlive/texmf-dist/tex/generic/pgf/utilities/pgfutil-latex.def
\pgfutil@abb=\box60
) (/usr/share/texlive/texmf-dist/tex/generic/pgf/utilities/pgfrcs.code.tex (/usr/share/texlive/texmf-dist/tex/generic/pgf/pgf.revision.tex)
Package: pgfrcs 2023-01-15 v3.1.10 (3.1.10)
)) (/usr/share/texlive/texmf-dist/tex/latex/pgf/utilities/pgfkeys.sty (/usr/share/texlive/texmf-dist/tex/generic/pgf/utilities/pgfkeys.code.tex
\pgfkeys@pathtoks=\toks20
\pgfkeys@temptoks=\toks21
 (/usr/share/texlive/texmf-dist/tex/generic/pgf/utilities/pgfkeyslibraryfiltered.code.tex
\pgfkeys@tmptoks=\toks22
))) (/usr/share/texlive/texmf-dist/tex/generic/pgf/math/pgfmath.code.tex (/usr/share/texlive/texmf-dist/tex/generic/pgf/math/pgfmathutil.code.tex
\pgf@x=\dimen166
\pgf@xa=\dimen167
\pgf@xb=\dimen168
\pgf@xc=\dimen169
\pgf@y=\dimen170
\pgf@ya=\dimen171
\pgf@yb=\dimen172
\pgf@yc=\dimen173
\c@pgf@counta=\count282
\c@pgf@countb=\count283
\c@pgf@countc=\count284
\c@pgf@countd=\count285
) (/usr/share/texlive/texmf-dist/tex/generic/pgf/math/pgfmathparser.code.tex
\pgfmath@dimen=\dimen174
\pgfmath@count=\count286
\pgfmath@box=\box61
\pgfmath@toks=\toks23
\pgfmath@stack@operand=\toks24
\pgfmath@stack@operation=\toks25
) (/usr/share/texlive/texmf-dist/tex/generic/pgf/math/pgfmathfunctions.code.tex) (/usr/share/texlive/texmf-dist/tex/generic/pgf/math/pgfmathfunctions.basic.code.tex) (/usr/share/texlive/texmf-dist/tex/generic/pgf/math/pgfmathfunctions.trigonometric.code.tex) (/usr/share/texlive/texmf-dist/tex/generic/pgf/math/pgfmathfunctions.random.code.tex) (/usr/share/texlive/texmf-dist/tex/generic/pgf/math/pgfmathfunctions.comparison.code.tex) (/usr/share/texlive/texmf-dist/tex/generic/pgf/math/pgfmathfunctions.base.code.tex) (/usr/share/texlive/texmf-dist/tex/generic/pgf/math/pgfmathfunctions.round.code.tex) (/usr/share/texlive/texmf-dist/tex/generic/pgf/math/pgfmathfunctions.misc.code.tex) (/usr/share/texlive/texmf-dist/tex/generic/pgf/math/pgfmathfunctions.integerarithmetics.code.tex) (/usr/share/texlive/texmf-dist/tex/generic/pgf/math/pgfmathcalc.code.tex) (/usr/share/texlive/texmf-dist/tex/generic/pgf/math/pgfmathfloat.code.tex
\c@pgfmathroundto@lastzeros=\count287
))) (/usr/share/texlive/texmf-dist/tex/latex/base/size11.clo
File: size11.clo 2023/05/17 v1.4n Standard LaTeX file (size option)
) (/usr/share/texlive/texmf-dist/tex/latex/pgf/basiclayer/pgfcore.sty (/usr/share/texlive/texmf-dist/tex/latex/graphics/graphicx.sty
Package: graphicx 2021/09/16 v1.2d Enhanced LaTeX Graphics (DPC,SPQR)
 (/usr/share/texlive/texmf-dist/tex/latex/graphics/graphics.sty
Package: graphics 2022/03/10 v1.4e Standard LaTeX Graphics (DPC,SPQR)
 (/usr/share/texlive/texmf-dist/tex/latex/graphics/trig.sty
Package: trig 2021/08/11 v1.11 sin cos tan (DPC)
) (/usr/share/texlive/texmf-dist/tex/latex/graphics-cfg/graphics.cfg
File: graphics.cfg 2016/06/04 v1.11 sample graphics configuration
)
Package graphics Info: Driver file: pdftex.def on input line 107.
 (/usr/share/texlive/texmf-dist/tex/latex/graphics-def/pdftex.def
File: pdftex.def 2022/09/22 v1.2b Graphics/color driver for pdftex
))
\Gin@req@height=\dimen175
\Gin@req@width=\dimen176
) (/usr/share/texlive/texmf-dist/tex/latex/pgf/systemlayer/pgfsys.sty (/usr/share/texlive/texmf-dist/tex/generic/pgf/systemlayer/pgfsys.code.tex
Package: pgfsys 2023-01-15 v3.1.10 (3.1.10)
\pgf@x=\dimen177
\pgf@y=\dimen178
\pgf@xa=\dimen179
\pgf@ya=\dimen180
\pgf@xb=\dimen181
\pgf@yb=\dimen182
\pgf@xc=\dimen183
\pgf@yc=\dimen184
\pgf@xd=\dimen185
\pgf@yd=\dimen186
\w@pgf@writea=\write3
\r@pgf@reada=\read2
\c@pgf@counta=\count288
\c@pgf@countb=\count289
\c@pgf@countc=\count290
\c@pgf@countd=\count291
\t@pgf@toka=\toks26
\t@pgf@tokb=\toks27
\t@pgf@tokc=\toks28
\pgf@sys@id@count=\count292
 (/usr/share/texlive/texmf-dist/tex/generic/pgf/systemlayer/pgf.cfg
File: pgf.cfg 2023-01-15 v3.1.10 (3.1.10)
)
Driver file for pgf: pgfsys-pdftex.def
 (/usr/share/texlive/texmf-dist/tex/generic/pgf/systemlayer/pgfsys-pdftex.def
File: pgfsys-pdftex.def 2023-01-15 v3.1.10 (3.1.10)
 (/usr/share/texlive/texmf-dist/tex/generic/pgf/systemlayer/pgfsys-common-pdf.def
File: pgfsys-common-pdf.def 2023-01-15 v3.1.10 (3.1.10)
))) (/usr/share/texlive/texmf-dist/tex/generic/pgf/systemlayer/pgfsyssoftpath.code.tex
File: pgfsyssoftpath.code.tex 2023-01-15 v3.1.10 (3.1.10)
\pgfsyssoftpath@smallbuffer@items=\count293
\pgfsyssoftpath@bigbuffer@items=\count294
) (/usr/share/texlive/texmf-dist/tex/generic/pgf/systemlayer/pgfsysprotocol.code.tex
File: pgfsysprotocol.code.tex 2023-01-15 v3.1.10 (3.1.10)
)) (/usr/share/texlive/texmf-dist/tex/latex/xcolor/xcolor.sty
Package: xcolor 2023/11/15 v3.01 LaTeX color extensions (UK)
 (/usr/share/texlive/texmf-dist/tex/latex/graphics-cfg/color.cfg
File: color.cfg 2016/01/02 v1.6 sample color configuration
)
Package xcolor Info: Driver file: pdftex.def on input line 274.
 (/usr/share/texlive/texmf-dist/tex/latex/graphics/mathcolor.ltx)
Package xcolor Info: Model `cmy' substituted by `cmy0' on input line 1350.
Package xcolor Info: Model `hsb' substituted by `rgb' on input line 1354.
Package xcolor Info: Model `RGB' extended on input line 1366.
Package xcolor Info: Model `HTML' substituted by `rgb' on input line 1368.
Package xcolor Info: Model `Hsb' substituted by `hsb' on input line 1369.
Package xcolor Info: Model `tHsb' substituted by `hsb' on input line 1370.
Package xcolor Info: Model `HSB' substituted by `hsb' on input line 1371.
Package xcolor Info: Model `Gray' substituted by `gray' on input line 1372.
Package xcolor Info: Model `wave' substituted by `hsb' on input line 1373.
) (/usr/share/texlive/texmf-dist/tex/generic/pgf/basiclayer/pgfcore.code.tex
Package: pgfcore 2023-01-15 v3.1.10 (3.1.10)
 (/usr/share/texlive/texmf-dist/tex/generic/pgf/math/pgfint.code.tex) (/usr/share/texlive/texmf-dist/tex/generic/pgf/basiclayer/pgfcorepoints.code.tex
File: pgfcorepoints.code.tex 2023-01-15 v3.1.10 (3.1.10)
\pgf@picminx=\dimen187
\pgf@picmaxx=\dimen188
\pgf@picminy=\dimen189
\pgf@picmaxy=\dimen190
\pgf@pathminx=\dimen191
\pgf@pathmaxx=\dimen192
\pgf@pathminy=\dimen193
\pgf@pathmaxy=\dimen194
\pgf@xx=\dimen195
\pgf@xy=\dimen196
\pgf@yx=\dimen197
\pgf@yy=\dimen198
\pgf@zx=\dimen199
\pgf@zy=\dimen256
) (/usr/share/texlive/texmf-dist/tex/generic/pgf/basiclayer/pgfcorepathconstruct.code.tex
File: pgfcorepathconstruct.code.tex 2023-01-15 v3.1.10 (3.1.10)
\pgf@path@lastx=\dimen257
\pgf@path@lasty=\dimen258
) (/usr/share/texlive/texmf-dist/tex/generic/pgf/basiclayer/pgfcorepathusage.code.tex
File: pgfcorepathusage.code.tex 2023-01-15 v3.1.10 (3.1.10)
\pgf@shorten@end@additional=\dimen259
\pgf@shorten@start@additional=\dimen260
) (/usr/share/texlive/texmf-dist/tex/generic/pgf/basiclayer/pgfcorescopes.code.tex
File: pgfcorescopes.code.tex 2023-01-15 v3.1.10 (3.1.10)
\pgfpic=\box62
\pgf@hbox=\box63
\pgf@layerbox@main=\box64
\pgf@picture@serial@count=\count295
) (/usr/share/texlive/texmf-dist/tex/generic/pgf/basiclayer/pgfcoregraphicstate.code.tex
File: pgfcoregraphicstate.code.tex 2023-01-15 v3.1.10 (3.1.10)
\pgflinewidth=\dimen261
) (/usr/share/texlive/texmf-dist/tex/generic/pgf/basiclayer/pgfcoretransformations.code.tex
File: pgfcoretransformations.code.tex 2023-01-15 v3.1.10 (3.1.10)
\pgf@pt@x=\dimen262
\pgf@pt@y=\dimen263
\pgf@pt@temp=\dimen264
) (/usr/share/texlive/texmf-dist/tex/generic/pgf/basiclayer/pgfcorequick.code.tex
File: pgfcorequick.code.tex 2023-01-15 v3.1.10 (3.1.10)
) (/usr/share/texlive/texmf-dist/tex/generic/pgf/basiclayer/pgfcoreobjects.code.tex
File: pgfcoreobjects.code.tex 2023-01-15 v3.1.10 (3.1.10)
) (/usr/share/texlive/texmf-dist/tex/generic/pgf/basiclayer/pgfcorepathprocessing.code.tex
File: pgfcorepathprocessing.code.tex 2023-01-15 v3.1.10 (3.1.10)
) (/usr/share/texlive/texmf-dist/tex/generic/pgf/basiclayer/pgfcorearrows.code.tex
File: pgfcorearrows.code.tex 2023-01-15 v3.1.10 (3.1.10)
\pgfarrowsep=\dimen265
) (/usr/share/texlive/texmf-dist/tex/generic/pgf/basiclayer/pgfcoreshade.code.tex
File: pgfcoreshade.code.tex 2023-01-15 v3.1.10 (3.1.10)
\pgf@max=\dimen266
\pgf@sys@shading@range@num=\count296
\pgf@shadingcount=\count297
) (/usr/share/texlive/texmf-dist/tex/generic/pgf/basiclayer/pgfcoreimage.code.tex
File: pgfcoreimage.code.tex 2023-01-15 v3.1.10 (3.1.10)
) (/usr/share/texlive/texmf-dist/tex/generic/pgf/basiclayer/pgfcoreexternal.code.tex
File: pgfcoreexternal.code.tex 2023-01-15 v3.1.10 (3.1.10)
\pgfexternal@startupbox=\box65
) (/usr/share/texlive/texmf-dist/tex/generic/pgf/basiclayer/pgfcorelayers.code.tex
File: pgfcorelayers.code.tex 2023-01-15 v3.1.10 (3.1.10)
) (/usr/share/texlive/texmf-dist/tex/generic/pgf/basiclayer/pgfcoretransparency.code.tex
File: pgfcoretransparency.code.tex 2023-01-15 v3.1.10 (3.1.10)
) (/usr/share/texlive/texmf-dist/tex/generic/pgf/basiclayer/pgfcorepatterns.code.tex
File: pgfcorepatterns.code.tex 2023-01-15 v3.1.10 (3.1.10)
) (/usr/share/texlive/texmf-dist/tex/generic/pgf/basiclayer/pgfcorerdf.code.tex
File: pgfcorerdf.code.tex 2023-01-15 v3.1.10 (3.1.10)
))) (/usr/share/texlive/texmf-dist/tex/latex/pgf/utilities/xxcolor.sty
Package: xxcolor 2003/10/24 ver 0.1
\XC@nummixins=\count298
\XC@countmixins=\count299
) (/usr/share/texlive/texmf-dist/tex/latex/base/atbegshi-ltx.sty
Package: atbegshi-ltx 2021/01/10 v1.0c Emulation of the original atbegshi
package with kernel methods
) (/usr/share/texlive/texmf-dist/tex/latex/hyperref/hyperref.sty
Package: hyperref 2024-01-20 v7.01h Hypertext links for LaTeX
 (/usr/share/texlive/texmf-dist/tex/latex/kvsetkeys/kvsetkeys.sty
Package: kvsetkeys 2022-10-05 v1.19 Key value parser (HO)
) (/usr/share/texlive/texmf-dist/tex/generic/kvdefinekeys/kvdefinekeys.sty
Package: kvdefinekeys 2019-12-19 v1.6 Define keys (HO)
) (/usr/share/texlive/texmf-dist/tex/generic/pdfescape/pdfescape.sty
Package: pdfescape 2019/12/09 v1.15 Implements pdfTeX's escape features (HO)
 (/usr/share/texlive/texmf-dist/tex/generic/ltxcmds/ltxcmds.sty
Package: ltxcmds 2023-12-04 v1.26 LaTeX kernel commands for general use (HO)
) (/usr/share/texlive/texmf-dist/tex/generic/pdftexcmds/pdftexcmds.sty
Package: pdftexcmds 2020-06-27 v0.33 Utility functions of pdfTeX for LuaTeX (HO)
 (/usr/share/texlive/texmf-dist/tex/generic/infwarerr/infwarerr.sty
Package: infwarerr 2019/12/03 v1.5 Providing info/warning/error messages (HO)
)
Package pdftexcmds Info: \pdf@primitive is available.
Package pdftexcmds Info: \pdf@ifprimitive is available.
Package pdftexcmds Info: \pdfdraftmode found.
)) (/usr/share/texlive/texmf-dist/tex/latex/hycolor/hycolor.sty
Package: hycolor 2020-01-27 v1.10 Color options for hyperref/bookmark (HO)
) (/usr/share/texlive/texmf-dist/tex/latex/auxhook/auxhook.sty
Package: auxhook 2019-12-17 v1.6 Hooks for auxiliary files (HO)
) (/usr/share/texlive/texmf-dist/tex/latex/hyperref/nameref.sty
Package: nameref 2023-11-26 v2.56 Cross-referencing by name of section
 (/usr/share/texlive/texmf-dist/tex/latex/refcount/refcount.sty
Package: refcount 2019/12/15 v3.6 Data extraction from label references (HO)
) (/usr/share/texlive/texmf-dist/tex/generic/gettitlestring/gettitlestring.sty
Package: gettitlestring 2019/12/15 v1.6 Cleanup title references (HO)
 (/usr/share/texlive/texmf-dist/tex/latex/kvoptions/kvoptions.sty
Package: kvoptions 2022-06-15 v3.15 Key value format for package options (HO)
))
\c@section@level=\count300
)
\@linkdim=\dimen267
\Hy@linkcounter=\count301
\Hy@pagecounter=\count302
 (/usr/share/texlive/texmf-dist/tex/latex/hyperref/pd1enc.def
File: pd1enc.def 2024-01-20 v7.01h Hyperref: PDFDocEncoding definition (HO)
Now handling font encoding PD1 ...
... no UTF-8 mapping file for font encoding PD1
) (/usr/share/texlive/texmf-dist/tex/generic/intcalc/intcalc.sty
Package: intcalc 2019/12/15 v1.3 Expandable calculations with integers (HO)
)
\Hy@SavedSpaceFactor=\count303
 (/usr/share/texlive/texmf-dist/tex/latex/hyperref/puenc.def
File: puenc.def 2024-01-20 v7.01h Hyperref: PDF Unicode definition (HO)
Now handling font encoding PU ...
... no UTF-8 mapping file for font encoding PU
)
Package hyperref Info: Option `bookmarks' set `true' on input line 4062.
Package hyperref Info: Option `bookmarksopen' set `true' on input line 4062.
Package hyperref Info: Option `implicit' set `false' on input line 4062.
Package hyperref Info: Hyper figures OFF on input line 4179.
Package hyperref Info: Link nesting OFF on input line 4184.
Package hyperref Info: Hyper index ON on input line 4187.
Package hyperref Info: Plain pages OFF on input line 4194.
Package hyperref Info: Backreferencing OFF on input line 4199.
Package hyperref Info: Implicit mode OFF; no redefinition of LaTeX internals.
Package hyperref Info: Bookmarks ON on input line 4446.
\c@Hy@tempcnt=\count304
 (/usr/share/texlive/texmf-dist/tex/latex/url/url.sty
\Urlmuskip=\muskip16
Package: url 2013/09/16  ver 3.4  Verb mode for urls, etc.
)
LaTeX Info: Redefining \url on input line 4784.
\XeTeXLinkMargin=\dimen268
 (/usr/share/texlive/texmf-dist/tex/generic/bitset/bitset.sty
Package: bitset 2019/12/09 v1.3 Handle bit-vector datatype (HO)
 (/usr/share/texlive/texmf-dist/tex/generic/bigintcalc/bigintcalc.sty
Package: bigintcalc 2019/12/15 v1.5 Expandable calculations on big integers (HO)
))
\Fld@menulength=\count305
\Field@Width=\dimen269
\Fld@charsize=\dimen270
Package hyperref Info: Hyper figures OFF on input line 6063.
Package hyperref Info: Link nesting OFF on input line 6068.
Package hyperref Info: Hyper index ON on input line 6071.
Package hyperref Info: backreferencing OFF on input line 6078.
Package hyperref Info: Link coloring OFF on input line 6083.
Package hyperref Info: Link coloring with OCG OFF on input line 6088.
Package hyperref Info: PDF/A mode OFF on input line 6093.
\Hy@abspage=\count306


Package hyperref Message: Stopped early.

)
Package hyperref Info: Driver (autodetected): hpdftex.
 (/usr/share/texlive/texmf-dist/tex/latex/hyperref/hpdftex.def
File: hpdftex.def 2024-01-20 v7.01h Hyperref driver for pdfTeX
 (/usr/share/texlive/texmf-dist/tex/latex/base/atveryend-ltx.sty
Package: atveryend-ltx 2020/08/19 v1.0a Emulation of the original atveryend package
with kernel methods
)
\Fld@listcount=\count307
\c@bookmark@seq@number=\count308
 (/usr/share/texlive/texmf-dist/tex/latex/rerunfilecheck/rerunfilecheck.sty
Package: rerunfilecheck 2022-07-10 v1.10 Rerun checks for auxiliary files (HO)
 (/usr/share/texlive/texmf-dist/tex/generic/uniquecounter/uniquecounter.sty
Package: uniquecounter 2019/12/15 v1.4 Provide unlimited unique counter (HO)
)
Package uniquecounter Info: New unique counter `rerunfilecheck' on input line 285.
)) (/usr/share/texlive/texmf-dist/tex/latex/beamer/beamerbaserequires.sty (/usr/share/texlive/texmf-dist/tex/latex/beamer/beamerbasecompatibility.sty) (/usr/share/texlive/texmf-dist/tex/latex/beamer/beamerbasefont.sty (/usr/share/texlive/texmf-dist/tex/latex/amsfonts/amssymb.sty
Package: amssymb 2013/01/14 v3.01 AMS font symbols
 (/usr/share/texlive/texmf-dist/tex/latex/amsfonts/amsfonts.sty
Package: amsfonts 2013/01/14 v3.01 Basic AMSFonts support
\@emptytoks=\toks29
\symAMSa=\mathgroup4
\symAMSb=\mathgroup5
LaTeX Font Info:    Redeclaring math symbol \hbar on input line 98.
LaTeX Font Info:    Overwriting math alphabet `\mathfrak' in version `bold'
(Font)                  U/euf/m/n --> U/euf/b/n on input line 106.
))) (/usr/share/texlive/texmf-dist/tex/latex/beamer/beamerbasetranslator.sty (/usr/share/texlive/texmf-dist/tex/latex/translator/translator.sty
Package: translator 2021-05-31 v1.12d Easy translation of strings in LaTeX
)) (/usr/share/texlive/texmf-dist/tex/latex/beamer/beamerbasemisc.sty) (/usr/share/texlive/texmf-dist/tex/latex/beamer/beamerbasetwoscreens.sty) (/usr/share/texlive/texmf-dist/tex/latex/beamer/beamerbaseoverlay.sty
\beamer@argscount=\count309
\beamer@lastskipcover=\skip51
\beamer@trivlistdepth=\count310
) (/usr/share/texlive/texmf-dist/tex/latex/beamer/beamerbasetitle.sty) (/usr/share/texlive/texmf-dist/tex/latex/beamer/beamerbasesection.sty
\c@lecture=\count311
\c@part=\count312
\c@section=\count313
\c@subsection=\count314
\c@subsubsection=\count315
) (/usr/share/texlive/texmf-dist/tex/latex/beamer/beamerbaseframe.sty
\beamer@framebox=\box66
\beamer@frametitlebox=\box67
\beamer@zoombox=\box68
\beamer@zoomcount=\count316
\beamer@zoomframecount=\count317
\beamer@frametextheight=\dimen271
\c@subsectionslide=\count318
\beamer@frametopskip=\skip52
\beamer@framebottomskip=\skip53
\beamer@frametopskipautobreak=\skip54
\beamer@framebottomskipautobreak=\skip55
\beamer@envbody=\toks30
\framewidth=\dimen272
\c@framenumber=\count319
) (/usr/share/texlive/texmf-dist/tex/latex/beamer/beamerbaseverbatim.sty
\beamer@verbatimfileout=\write4
) (/usr/share/texlive/texmf-dist/tex/latex/beamer/beamerbaseframesize.sty
\beamer@splitbox=\box69
\beamer@autobreakcount=\count320
\beamer@autobreaklastheight=\dimen273
\beamer@frametitletoks=\toks31
\beamer@framesubtitletoks=\toks32
) (/usr/share/texlive/texmf-dist/tex/latex/beamer/beamerbaseframecomponents.sty
\beamer@footins=\box70
) (/usr/share/texlive/texmf-dist/tex/latex/beamer/beamerbasecolor.sty) (/usr/share/texlive/texmf-dist/tex/latex/beamer/beamerbasenotes.sty
\beamer@frameboxcopy=\box71
) (/usr/share/texlive/texmf-dist/tex/latex/beamer/beamerbasetoc.sty) (/usr/share/texlive/texmf-dist/tex/latex/beamer/beamerbasetemplates.sty
\beamer@sbttoks=\toks33
 (/usr/share/texlive/texmf-dist/tex/latex/beamer/beamerbaseauxtemplates.sty (/usr/share/texlive/texmf-dist/tex/latex/beamer/beamerbaseboxes.sty
\bmb@box=\box72
\bmb@colorbox=\box73
\bmb@boxwidth=\dimen274
\bmb@boxheight=\dimen275
\bmb@prevheight=\dimen276
\bmb@temp=\dimen277
\bmb@dima=\dimen278
\bmb@dimb=\dimen279
\bmb@prevheight=\dimen280
)
\beamer@blockheadheight=\dimen281
)) (/usr/share/texlive/texmf-dist/tex/latex/beamer/beamerbaselocalstructure.sty (/usr/share/texlive/texmf-dist/tex/latex/tools/enumerate.sty
Package: enumerate 2023/07/04 v3.00 enumerate extensions (DPC)
\@enLab=\toks34
)
\beamer@bibiconwidth=\skip56
\c@figure=\count321
\c@table=\count322
\abovecaptionskip=\skip57
\belowcaptionskip=\skip58
) (/usr/share/texlive/texmf-dist/tex/latex/beamer/beamerbasenavigation.sty (/usr/share/texlive/texmf-dist/tex/latex/beamer/beamerbasenavigationsymbols.tex)
\beamer@section@min@dim=\dimen282
) (/usr/share/texlive/texmf-dist/tex/latex/beamer/beamerbasetheorems.sty (/usr/share/texlive/texmf-dist/tex/latex/amsmath/amsmath.sty
Package: amsmath 2023/05/13 v2.17o AMS math features
\@mathmargin=\skip59

For additional information on amsmath, use the `?' option.
(/usr/share/texlive/texmf-dist/tex/latex/amsmath/amstext.sty
Package: amstext 2021/08/26 v2.01 AMS text
 (/usr/share/texlive/texmf-dist/tex/latex/amsmath/amsgen.sty
File: amsgen.sty 1999/11/30 v2.0 generic functions
\@emptytoks=\toks35
\ex@=\dimen283
)) (/usr/share/texlive/texmf-dist/tex/latex/amsmath/amsbsy.sty
Package: amsbsy 1999/11/29 v1.2d Bold Symbols
\pmbraise@=\dimen284
) (/usr/share/texlive/texmf-dist/tex/latex/amsmath/amsopn.sty
Package: amsopn 2022/04/08 v2.04 operator names
)
\inf@bad=\count323
LaTeX Info: Redefining \frac on input line 234.
\uproot@=\count324
\leftroot@=\count325
LaTeX Info: Redefining \overline on input line 399.
LaTeX Info: Redefining \colon on input line 410.
\classnum@=\count326
\DOTSCASE@=\count327
LaTeX Info: Redefining \ldots on input line 496.
LaTeX Info: Redefining \dots on input line 499.
LaTeX Info: Redefining \cdots on input line 620.
\Mathstrutbox@=\box74
\strutbox@=\box75
LaTeX Info: Redefining \big on input line 722.
LaTeX Info: Redefining \Big on input line 723.
LaTeX Info: Redefining \bigg on input line 724.
LaTeX Info: Redefining \Bigg on input line 725.
\big@size=\dimen285
LaTeX Font Info:    Redeclaring font encoding OML on input line 743.
LaTeX Font Info:    Redeclaring font encoding OMS on input line 744.
\macc@depth=\count328
LaTeX Info: Redefining \bmod on input line 905.
LaTeX Info: Redefining \pmod on input line 910.
LaTeX Info: Redefining \smash on input line 940.
LaTeX Info: Redefining \relbar on input line 970.
LaTeX Info: Redefining \Relbar on input line 971.
\c@MaxMatrixCols=\count329
\dotsspace@=\muskip17
\c@parentequation=\count330
\dspbrk@lvl=\count331
\tag@help=\toks36
\row@=\count332
\column@=\count333
\maxfields@=\count334
\andhelp@=\toks37
\eqnshift@=\dimen286
\alignsep@=\dimen287
\tagshift@=\dimen288
\tagwidth@=\dimen289
\totwidth@=\dimen290
\lineht@=\dimen291
\@envbody=\toks38
\multlinegap=\skip60
\multlinetaggap=\skip61
\mathdisplay@stack=\toks39
LaTeX Info: Redefining \[ on input line 2953.
LaTeX Info: Redefining \] on input line 2954.
) (/usr/share/texlive/texmf-dist/tex/latex/amscls/amsthm.sty
Package: amsthm 2020/05/29 v2.20.6
\thm@style=\toks40
\thm@bodyfont=\toks41
\thm@headfont=\toks42
\thm@notefont=\toks43
\thm@headpunct=\toks44
\thm@preskip=\skip62
\thm@postskip=\skip63
\thm@headsep=\skip64
\dth@everypar=\toks45
)
\c@theorem=\count335
) (/usr/share/texlive/texmf-dist/tex/latex/beamer/beamerbasethemes.sty)) (/usr/share/texlive/texmf-dist/tex/latex/beamer/beamerthemedefault.sty (/usr/share/texlive/texmf-dist/tex/latex/beamer/beamerfontthemedefault.sty) (/usr/share/texlive/texmf-dist/tex/latex/beamer/beamercolorthemedefault.sty) (/usr/share/texlive/texmf-dist/tex/latex/beamer/beamerinnerthemedefault.sty
\beamer@dima=\dimen292
\beamer@dimb=\dimen293
) (/usr/share/texlive/texmf-dist/tex/latex/beamer/beamerouterthemedefault.sty))) (./Modulsettings.tex) (../Templates/Settings.tex (/usr/share/texlive/texmf-dist/tex/latex/base/inputenc.sty
Package: inputenc 2021/02/14 v1.3d Input encoding file
\inpenc@prehook=\toks46
\inpenc@posthook=\toks47
) (/usr/share/texlive/texmf-dist/tex/generic/babel/babel.sty
Package: babel 2024/01/07 v24.1 The Babel package
\babel@savecnt=\count336
\U@D=\dimen294
\l@unhyphenated=\language14
 (/usr/share/texlive/texmf-dist/tex/generic/babel/txtbabel.def)
\bbl@readstream=\read3
LaTeX Info: Redefining \textlatin on input line 3986.
\bbl@dirlevel=\count337
 (/usr/share/texlive/texmf-dist/tex/generic/babel-german/ngerman.ldf
Language: ngerman 2024/01/19 v2.14 German support for babel (post-1996 orthography)
 (/usr/share/texlive/texmf-dist/tex/generic/babel-german/ngermanb.ldf
Language: ngermanb 2024/01/19 v2.14 German support for babel (post-1996 orthography)
Package babel Info: Making " an active character on input line 122.
))) (/usr/share/texlive/texmf-dist/tex/generic/babel/locale/de/babel-ngerman.tex
Package babel Info: Importing font and identification data for ngerman
(babel)             from babel-de.ini. Reported on input line 11.
) (/usr/share/texlive/texmf-dist/tex/latex/colortbl/colortbl.sty
Package: colortbl 2022/06/20 v1.0f Color table columns (DPC)
 (/usr/share/texlive/texmf-dist/tex/latex/tools/array.sty
Package: array 2023/10/16 v2.5g Tabular extension package (FMi)
\col@sep=\dimen295
\ar@mcellbox=\box76
\extrarowheight=\dimen296
\NC@list=\toks48
\extratabsurround=\skip65
\backup@length=\skip66
\ar@cellbox=\box77
)
\everycr=\toks49
\minrowclearance=\skip67
\rownum=\count338
) (/usr/share/texlive/texmf-dist/tex/latex/multirow/multirow.sty
Package: multirow 2021/03/15 v2.8 Span multiple rows of a table
\multirow@colwidth=\skip68
\multirow@cntb=\count339
\multirow@dima=\skip69
\bigstrutjot=\dimen297
) (/usr/share/texlive/texmf-dist/tex/latex/booktabs/booktabs.sty
Package: booktabs 2020/01/12 v1.61803398 Publication quality tables
\heavyrulewidth=\dimen298
\lightrulewidth=\dimen299
\cmidrulewidth=\dimen300
\belowrulesep=\dimen301
\belowbottomsep=\dimen302
\aboverulesep=\dimen303
\abovetopsep=\dimen304
\cmidrulesep=\dimen305
\cmidrulekern=\dimen306
\defaultaddspace=\dimen307
\@cmidla=\count340
\@cmidlb=\count341
\@aboverulesep=\dimen308
\@belowrulesep=\dimen309
\@thisruleclass=\count342
\@lastruleclass=\count343
\@thisrulewidth=\dimen310
) (/usr/share/texlive/texmf-dist/tex/latex/base/ifthen.sty
Package: ifthen 2022/04/13 v1.1d Standard LaTeX ifthen package (DPC)
) (/usr/share/texlive/texmf-dist/tex/latex/base/makeidx.sty
Package: makeidx 2021/10/04 v1.0m Standard LaTeX package
) (/usr/share/texlive/texmf-dist/tex/latex/nomencl/nomencl.sty
Package: nomencl 2021/11/10 v5.6 Nomenclature package
 (/usr/share/texlive/texmf-dist/tex/latex/xkeyval/xkeyval.sty
Package: xkeyval 2022/06/16 v2.9 package option processing (HA)
 (/usr/share/texlive/texmf-dist/tex/generic/xkeyval/xkeyval.tex (/usr/share/texlive/texmf-dist/tex/generic/xkeyval/xkvutils.tex
\XKV@toks=\toks50
\XKV@tempa@toks=\toks51
)
\XKV@depth=\count344
File: xkeyval.tex 2014/12/03 v2.7a key=value parser (HA)
)) (/usr/share/texlive/texmf-dist/tex/latex/koma-script/tocbasic.sty
Package: tocbasic 2023/07/07 v3.41 KOMA-Script package (handling toc-files)
 (/usr/share/texlive/texmf-dist/tex/latex/koma-script/scrbase.sty
Package: scrbase 2023/07/07 v3.41 KOMA-Script package (KOMA-Script-independent basics and keyval usage)
 (/usr/share/texlive/texmf-dist/tex/latex/koma-script/scrlfile.sty
Package: scrlfile 2023/07/07 v3.41 KOMA-Script package (file load hooks)
 (/usr/share/texlive/texmf-dist/tex/latex/koma-script/scrlfile-hook.sty
Package: scrlfile-hook 2023/07/07 v3.41 KOMA-Script package (using LaTeX hooks)
 (/usr/share/texlive/texmf-dist/tex/latex/koma-script/scrlogo.sty
Package: scrlogo 2023/07/07 v3.41 KOMA-Script package (logo)
)))
Applying: [2021/05/01] Usage of raw or classic option list on input line 252.
Already applied: [0000/00/00] Usage of raw or classic option list on input line 368.
)
\scr@dte@tocline@numberwidth=\skip70
\scr@dte@tocline@numbox=\box78
)
Package tocbasic Info: setting babel extension for `nlo' on input line 187.
Package tocbasic Info: setting babel extension for `nls' on input line 188.
\nomlabelwidth=\dimen311
\nom@tempdim=\dimen312
\nomitemsep=\skip71
) (/usr/share/texlive/texmf-dist/tex/latex/was/icomma.sty
Package: icomma 2002/03/10 v2.0 (WaS)
) (/usr/share/texlive/texmf-dist/tex/latex/mathtools/mathtools.sty
Package: mathtools 2022/06/29 v1.29 mathematical typesetting tools
 (/usr/share/texlive/texmf-dist/tex/latex/tools/calc.sty
Package: calc 2023/07/08 v4.3 Infix arithmetic (KKT,FJ)
\calc@Acount=\count345
\calc@Bcount=\count346
\calc@Adimen=\dimen313
\calc@Bdimen=\dimen314
\calc@Askip=\skip72
\calc@Bskip=\skip73
LaTeX Info: Redefining \setlength on input line 80.
LaTeX Info: Redefining \addtolength on input line 81.
\calc@Ccount=\count347
\calc@Cskip=\skip74
) (/usr/share/texlive/texmf-dist/tex/latex/mathtools/mhsetup.sty
Package: mhsetup 2021/03/18 v1.4 programming setup (MH)
)
\g_MT_multlinerow_int=\count348
\l_MT_multwidth_dim=\dimen315
\origjot=\skip75
\l_MT_shortvdotswithinadjustabove_dim=\dimen316
\l_MT_shortvdotswithinadjustbelow_dim=\dimen317
\l_MT_above_intertext_sep=\dimen318
\l_MT_below_intertext_sep=\dimen319
\l_MT_above_shortintertext_sep=\dimen320
\l_MT_below_shortintertext_sep=\dimen321
\xmathstrut@box=\box79
\xmathstrut@dim=\dimen322
) (/usr/share/texlive/texmf-dist/tex/latex/cancel/cancel.sty
Package: cancel 2013/04/12 v2.2 Cancel math terms
) (/usr/share/texlive/texmf-dist/tex/latex/base/textcomp.sty
Package: textcomp 2020/02/02 v2.0n Standard LaTeX package
) (/usr/share/texlive/texmf-dist/tex/latex/gensymb/gensymb.sty
Package: gensymb 2022/10/17 v1.0.2 (KJH)
) (/usr/share/texlive/texmf-dist/tex/latex/xargs/xargs.sty
Package: xargs 2008/03/22 v1.1  extended macro definitions  (mpg)
\xargs@max=\count349
\xargs@toksa=\toks52
\xargs@toksb=\toks53
) (/usr/share/texlive/texmf-dist/tex/latex/esint/esint.sty
Package: esint 
\symlargesymbolsA=\mathgroup6
) (/usr/share/texlive/texmf-dist/tex/latex/siunitx/siunitx.sty
Package: siunitx 2024-01-25 v3.3.10 A comprehensive (SI) units package
\l__siunitx_number_uncert_offset_int=\count350
\l__siunitx_number_exponent_fixed_int=\count351
\l__siunitx_number_min_decimal_int=\count352
\l__siunitx_number_min_integer_int=\count353
\l__siunitx_number_round_precision_int=\count354
\l__siunitx_number_lower_threshold_int=\count355
\l__siunitx_number_upper_threshold_int=\count356
\l__siunitx_number_group_first_int=\count357
\l__siunitx_number_group_size_int=\count358
\l__siunitx_number_group_minimum_int=\count359
\l__siunitx_angle_tmp_dim=\dimen323
\l__siunitx_angle_marker_box=\box80
\l__siunitx_angle_unit_box=\box81
\l__siunitx_compound_count_int=\count360
 (/usr/share/texlive/texmf-dist/tex/latex/translations/translations.sty
Package: translations 2022/02/05 v1.12 internationalization of LaTeX2e packages (CN)
)
\l__siunitx_table_tmp_box=\box82
\l__siunitx_table_tmp_dim=\dimen324
\l__siunitx_table_column_width_dim=\dimen325
\l__siunitx_table_integer_box=\box83
\l__siunitx_table_decimal_box=\box84
\l__siunitx_table_uncert_box=\box85
\l__siunitx_table_before_box=\box86
\l__siunitx_table_after_box=\box87
\l__siunitx_table_before_dim=\dimen326
\l__siunitx_table_carry_dim=\dimen327
\l__siunitx_unit_tmp_int=\count361
\l__siunitx_unit_position_int=\count362
\l__siunitx_unit_total_int=\count363
) (/usr/share/texlive/texmf-dist/tex/latex/caption/subcaption.sty
Package: subcaption 2023/07/28 v1.6b Sub-captions (AR)
 (/usr/share/texlive/texmf-dist/tex/latex/caption/caption.sty
Package: caption 2023/08/05 v3.6o Customizing captions (AR)
 (/usr/share/texlive/texmf-dist/tex/latex/caption/caption3.sty
Package: caption3 2023/07/31 v2.4d caption3 kernel (AR)
\caption@tempdima=\dimen328
\captionmargin=\dimen329
\caption@leftmargin=\dimen330
\caption@rightmargin=\dimen331
\caption@width=\dimen332
\caption@indent=\dimen333
\caption@parindent=\dimen334
\caption@hangindent=\dimen335
Package caption Info: beamer document class detected.
 (/usr/share/texlive/texmf-dist/tex/latex/caption/caption-beamer.sto
File: caption-beamer.sto 2022/01/06 v2.0c Adaption of the caption package to the beamer document classes (AR)
))
\c@caption@flags=\count364
\c@continuedfloat=\count365
Package caption Info: hyperref package is loaded.
Package caption Info: Hyperref support is turned off
(caption)             because hyperref has stopped early.
)
Package caption Info: New subtype `subfigure' on input line 238.
\c@subfigure=\count366
Package caption Info: New subtype `subtable' on input line 238.
\c@subtable=\count367
) (/usr/share/texlive/texmf-dist/tex/latex/units/nicefrac.sty
Package: nicefrac 1998/08/04 v0.9b Nice fractions
\L@UnitsRaiseDisplaystyle=\skip76
\L@UnitsRaiseTextstyle=\skip77
\L@UnitsRaiseScriptstyle=\skip78
LaTeX Info: Redefining \nicefrac on input line 131.
) (/usr/share/texlive/texmf-dist/tex/latex/l3packages/xfrac/xfrac.sty (/usr/share/texlive/texmf-dist/tex/latex/l3kernel/expl3.sty
Package: expl3 2024-01-22 L3 programming layer (loader) 
 (/usr/share/texlive/texmf-dist/tex/latex/l3backend/l3backend-pdftex.def
File: l3backend-pdftex.def 2024-01-04 L3 backend support: PDF output (pdfTeX)
\l__color_backend_stack_int=\count368
\l__pdf_internal_box=\box88
)) (/usr/share/texlive/texmf-dist/tex/latex/l3packages/l3keys2e/l3keys2e.sty
Package: l3keys2e 2023-10-10 LaTeX2e option processing using LaTeX3 keys
) (/usr/share/texlive/texmf-dist/tex/latex/l3packages/xparse/xparse.sty
Package: xparse 2023-10-10 L3 Experimental document command parser
) (/usr/share/texlive/texmf-dist/tex/latex/l3packages/xtemplate/xtemplate.sty
Package: xtemplate 2023-10-10 L3 Experimental prototype document functions
\l__xtemplate_tmp_dim=\dimen336
\l__xtemplate_tmp_int=\count369
\l__xtemplate_tmp_muskip=\muskip18
\l__xtemplate_tmp_skip=\skip79
)
Package: xfrac 2023-10-10 L3 Experimental split-level fractions
\l__xfrac_slash_box=\box89
\l__xfrac_tmp_box=\box90
\l__xfrac_denominator_bot_sep_dim=\dimen337
\l__xfrac_numerator_bot_sep_dim=\dimen338
\l__xfrac_numerator_top_sep_dim=\dimen339
\l__xfrac_slash_left_sep_dim=\dimen340
\l__xfrac_slash_right_sep_dim=\dimen341
\l__xfrac_slash_left_muskip=\muskip19
\l__xfrac_slash_right_muskip=\muskip20

Package xtemplate Info: Declaring object type 'xfrac' taking 3 argument(s) on
(xtemplate)             line 80.

) (/usr/share/texlive/texmf-dist/tex/latex/tools/bm.sty
Package: bm 2023/07/08 v1.2f Bold Symbol Support (DPC/FMi)
\symboldoperators=\mathgroup7
\symboldletters=\mathgroup8
\symboldsymbols=\mathgroup9
Package bm Info: No bold for \OMX/cmex/m/n, using \pmb.
Package bm Info: No bold for \U/msa/m/n, using \pmb.
Package bm Info: No bold for \U/msb/m/n, using \pmb.
Package bm Info: No bold for \U/esint/m/n, using \pmb.
LaTeX Font Info:    Redeclaring math alphabet \mathbf on input line 149.
) (/usr/share/texlive/texmf-dist/tex/latex/float/float.sty
Package: float 2001/11/08 v1.3d Float enhancements (AL)
\c@float@type=\count370
\float@exts=\toks54
\float@box=\box91
\@float@everytoks=\toks55
\@floatcapt=\box92
) (/usr/share/texlive/texmf-dist/tex/latex/placeins/placeins.sty
Package: placeins 2005/04/18  v 2.2
) (/usr/share/texlive/texmf-dist/tex/latex/circuitikz/circuitikz.sty
Package: circuitikz 2023/12/09{} The CircuiTikz circuit drawing package version 1.6.6
 (/usr/share/texlive/texmf-dist/tex/latex/pgf/frontendlayer/tikz.sty (/usr/share/texlive/texmf-dist/tex/latex/pgf/basiclayer/pgf.sty
Package: pgf 2023-01-15 v3.1.10 (3.1.10)
 (/usr/share/texlive/texmf-dist/tex/generic/pgf/modules/pgfmoduleshapes.code.tex
File: pgfmoduleshapes.code.tex 2023-01-15 v3.1.10 (3.1.10)
\pgfnodeparttextbox=\box93
) (/usr/share/texlive/texmf-dist/tex/generic/pgf/modules/pgfmoduleplot.code.tex
File: pgfmoduleplot.code.tex 2023-01-15 v3.1.10 (3.1.10)
) (/usr/share/texlive/texmf-dist/tex/latex/pgf/compatibility/pgfcomp-version-0-65.sty
Package: pgfcomp-version-0-65 2023-01-15 v3.1.10 (3.1.10)
\pgf@nodesepstart=\dimen342
\pgf@nodesepend=\dimen343
) (/usr/share/texlive/texmf-dist/tex/latex/pgf/compatibility/pgfcomp-version-1-18.sty
Package: pgfcomp-version-1-18 2023-01-15 v3.1.10 (3.1.10)
)) (/usr/share/texlive/texmf-dist/tex/latex/pgf/utilities/pgffor.sty (/usr/share/texlive/texmf-dist/tex/generic/pgf/utilities/pgffor.code.tex
Package: pgffor 2023-01-15 v3.1.10 (3.1.10)
\pgffor@iter=\dimen344
\pgffor@skip=\dimen345
\pgffor@stack=\toks56
\pgffor@toks=\toks57
)) (/usr/share/texlive/texmf-dist/tex/generic/pgf/frontendlayer/tikz/tikz.code.tex
Package: tikz 2023-01-15 v3.1.10 (3.1.10)
 (/usr/share/texlive/texmf-dist/tex/generic/pgf/libraries/pgflibraryplothandlers.code.tex
File: pgflibraryplothandlers.code.tex 2023-01-15 v3.1.10 (3.1.10)
\pgf@plot@mark@count=\count371
\pgfplotmarksize=\dimen346
)
\tikz@lastx=\dimen347
\tikz@lasty=\dimen348
\tikz@lastxsaved=\dimen349
\tikz@lastysaved=\dimen350
\tikz@lastmovetox=\dimen351
\tikz@lastmovetoy=\dimen352
\tikzleveldistance=\dimen353
\tikzsiblingdistance=\dimen354
\tikz@figbox=\box94
\tikz@figbox@bg=\box95
\tikz@tempbox=\box96
\tikz@tempbox@bg=\box97
\tikztreelevel=\count372
\tikznumberofchildren=\count373
\tikznumberofcurrentchild=\count374
\tikz@fig@count=\count375
 (/usr/share/texlive/texmf-dist/tex/generic/pgf/modules/pgfmodulematrix.code.tex
File: pgfmodulematrix.code.tex 2023-01-15 v3.1.10 (3.1.10)
\pgfmatrixcurrentrow=\count376
\pgfmatrixcurrentcolumn=\count377
\pgf@matrix@numberofcolumns=\count378
)
\tikz@expandcount=\count379
 (/usr/share/texlive/texmf-dist/tex/generic/pgf/frontendlayer/tikz/libraries/tikzlibrarytopaths.code.tex
File: tikzlibrarytopaths.code.tex 2023-01-15 v3.1.10 (3.1.10)
))) (/usr/share/texlive/texmf-dist/tex/generic/pgf/frontendlayer/tikz/libraries/tikzlibrarycalc.code.tex
File: tikzlibrarycalc.code.tex 2023-01-15 v3.1.10 (3.1.10)
) (/usr/share/texlive/texmf-dist/tex/generic/pgf/libraries/pgflibraryarrows.meta.code.tex
File: pgflibraryarrows.meta.code.tex 2023-01-15 v3.1.10 (3.1.10)
\pgfarrowinset=\dimen355
\pgfarrowlength=\dimen356
\pgfarrowwidth=\dimen357
\pgfarrowlinewidth=\dimen358
) (/usr/share/texlive/texmf-dist/tex/generic/pgf/frontendlayer/tikz/libraries/tikzlibrarybending.code.tex
File: tikzlibrarybending.code.tex 2023-01-15 v3.1.10 (3.1.10)
 (/usr/share/texlive/texmf-dist/tex/generic/pgf/modules/pgfmodulebending.code.tex
File: pgfmodulebending.code.tex 2023-01-15 v3.1.10 (3.1.10)
 (/usr/share/texlive/texmf-dist/tex/generic/pgf/modules/pgfmodulenonlineartransformations.code.tex
File: pgfmodulenonlineartransformations.code.tex 2023-01-15 v3.1.10 (3.1.10)
\pgftransformnonlinearflatness=\dimen359
) (/usr/share/texlive/texmf-dist/tex/generic/pgf/libraries/pgflibrarycurvilinear.code.tex
File: pgflibrarycurvilinear.code.tex 2023-01-15 v3.1.10 (3.1.10)
\pgf@curvilinear@time@a=\dimen360
\pgf@curvilinear@length@a=\dimen361
\pgf@curvilinear@length@b=\dimen362
\pgf@curvilinear@length@c=\dimen363
\pgf@curvilinear@length@d=\dimen364
)
\pgf@arrows@the@rigidity=\dimen365
)) (/usr/share/texlive/texmf-dist/tex/generic/pgf/frontendlayer/tikz/libraries/tikzlibraryfpu.code.tex (/usr/share/texlive/texmf-dist/tex/generic/pgf/libraries/pgflibraryfpu.code.tex)) (/usr/share/texlive/texmf-dist/tex/generic/circuitikz/pgfcirc.defines.tex
\pgf@circ@count@a=\count380
\pgf@circ@count@b=\count381
\pgf@circ@count@c=\count382
\pgf@circ@res@up=\dimen366
\pgf@circ@res@down=\dimen367
\pgf@circ@res@zero=\dimen368
\pgf@circ@res@left=\dimen369
\pgf@circ@res@right=\dimen370
\pgf@circ@res@other=\dimen371
\pgf@circ@res@step=\dimen372
\pgf@circ@res@temp=\dimen373
\pgf@circ@Rlen=\dimen374
\pgf@circ@scaled@Rlen=\dimen375
\pgfstartlinewidth=\dimen376
) (/usr/share/texlive/texmf-dist/tex/generic/circuitikz/pgfcircutils.tex
\ctikz@scratchbox=\box98
) (/usr/share/texlive/texmf-dist/tex/generic/circuitikz/pgfcircpath.tex) (/usr/share/texlive/texmf-dist/tex/generic/circuitikz/pgfcircshapes.tex) (/usr/share/texlive/texmf-dist/tex/generic/circuitikz/pgfcircmonopoles.tex) (/usr/share/texlive/texmf-dist/tex/generic/circuitikz/pgfcircbipoles.tex) (/usr/share/texlive/texmf-dist/tex/generic/circuitikz/pgfcirctripoles.tex
\pgf@circ@res@count=\count383
) (/usr/share/texlive/texmf-dist/tex/generic/circuitikz/pgfcircquadpoles.tex) (/usr/share/texlive/texmf-dist/tex/generic/circuitikz/pgfcircmultipoles.tex) (/usr/share/texlive/texmf-dist/tex/generic/circuitikz/pgfcirclabel.tex) (/usr/share/texlive/texmf-dist/tex/generic/circuitikz/pgfcircvoltage.tex
\pgfcirc@labelshift=\dimen377
) (/usr/share/texlive/texmf-dist/tex/generic/circuitikz/pgfcirccurrent.tex) (/usr/share/texlive/texmf-dist/tex/generic/circuitikz/pgfcircflow.tex)) (/usr/share/texlive/texmf-dist/tex/latex/pgfplots/pgfplots.sty (/usr/share/texlive/texmf-dist/tex/generic/pgfplots/pgfplots.revision.tex)
Package: pgfplots 2021/05/15 v1.18.1 Data Visualization (1.18.1)
 (/usr/share/texlive/texmf-dist/tex/generic/pgfplots/pgfplots.code.tex (/usr/share/texlive/texmf-dist/tex/generic/pgfplots/pgfplotscore.code.tex
\t@pgfplots@toka=\toks58
\t@pgfplots@tokb=\toks59
\t@pgfplots@tokc=\toks60
\pgfplots@tmpa=\dimen378
\c@pgfplots@coordindex=\count384
\c@pgfplots@scanlineindex=\count385
 (/usr/share/texlive/texmf-dist/tex/generic/pgfplots/sys/pgfplotssysgeneric.code.tex)) (/usr/share/texlive/texmf-dist/tex/generic/pgfplots/libs/pgfplotslibrary.code.tex) (/usr/share/texlive/texmf-dist/tex/generic/pgfplots/oldpgfcompatib/pgfplotsoldpgfsupp_loader.code.tex
Package pgfplots: loading complementary utilities for your pgf version...
\t@pgf@toka=\toks61
\t@pgf@tokb=\toks62
\t@pgf@tokc=\toks63
(/usr/share/texlive/texmf-dist/tex/generic/pgfplots/oldpgfcompatib/pgfplotsoldpgfsupp_pgfutil-common-lists.tex)) (/usr/share/texlive/texmf-dist/tex/generic/pgfplots/util/pgfplotsutil.code.tex (/usr/share/texlive/texmf-dist/tex/generic/pgfplots/liststructure/pgfplotsliststructure.code.tex) (/usr/share/texlive/texmf-dist/tex/generic/pgfplots/liststructure/pgfplotsliststructureext.code.tex) (/usr/share/texlive/texmf-dist/tex/generic/pgfplots/liststructure/pgfplotsarray.code.tex
\c@pgfplotsarray@tmp=\count386
) (/usr/share/texlive/texmf-dist/tex/generic/pgfplots/liststructure/pgfplotsmatrix.code.tex) (/usr/share/texlive/texmf-dist/tex/generic/pgfplots/numtable/pgfplotstableshared.code.tex
\c@pgfplotstable@counta=\count387
\t@pgfplotstable@a=\toks64
) (/usr/share/texlive/texmf-dist/tex/generic/pgfplots/liststructure/pgfplotsdeque.code.tex) (/usr/share/texlive/texmf-dist/tex/generic/pgfplots/util/pgfplotsbinary.code.tex (/usr/share/texlive/texmf-dist/tex/generic/pgfplots/util/pgfplotsbinary.data.code.tex)) (/usr/share/texlive/texmf-dist/tex/generic/pgfplots/util/pgfplotsutil.verb.code.tex) (/usr/share/texlive/texmf-dist/tex/generic/pgfplots/libs/pgflibrarypgfplots.surfshading.code.tex
\c@pgfplotslibrarysurf@no=\count388
 (/usr/share/texlive/texmf-dist/tex/generic/pgfplots/sys/pgflibrarypgfplots.surfshading.pgfsys-pdftex.def))) (/usr/share/texlive/texmf-dist/tex/generic/pgfplots/util/pgfplotscolormap.code.tex (/usr/share/texlive/texmf-dist/tex/generic/pgfplots/util/pgfplotscolor.code.tex)) (/usr/share/texlive/texmf-dist/tex/generic/pgfplots/pgfplotsstackedplots.code.tex) (/usr/share/texlive/texmf-dist/tex/generic/pgfplots/pgfplotsplothandlers.code.tex (/usr/share/texlive/texmf-dist/tex/generic/pgfplots/pgfplotsmeshplothandler.code.tex (/usr/share/texlive/texmf-dist/tex/generic/pgfplots/pgfplotsmeshplotimage.code.tex))) (/usr/share/texlive/texmf-dist/tex/generic/pgfplots/pgfplots.scaling.code.tex) (/usr/share/texlive/texmf-dist/tex/generic/pgfplots/pgfplotscoordprocessing.code.tex) (/usr/share/texlive/texmf-dist/tex/generic/pgfplots/pgfplots.errorbars.code.tex) (/usr/share/texlive/texmf-dist/tex/generic/pgfplots/pgfplots.markers.code.tex) (/usr/share/texlive/texmf-dist/tex/generic/pgfplots/pgfplotsticks.code.tex) (/usr/share/texlive/texmf-dist/tex/generic/pgfplots/pgfplots.paths.code.tex) (/usr/share/texlive/texmf-dist/tex/generic/pgf/frontendlayer/tikz/libraries/tikzlibrarydecorations.code.tex (/usr/share/texlive/texmf-dist/tex/generic/pgf/modules/pgfmoduledecorations.code.tex
\pgfdecoratedcompleteddistance=\dimen379
\pgfdecoratedremainingdistance=\dimen380
\pgfdecoratedinputsegmentcompleteddistance=\dimen381
\pgfdecoratedinputsegmentremainingdistance=\dimen382
\pgf@decorate@distancetomove=\dimen383
\pgf@decorate@repeatstate=\count389
\pgfdecorationsegmentamplitude=\dimen384
\pgfdecorationsegmentlength=\dimen385
)
\tikz@lib@dec@box=\box99
) (/usr/share/texlive/texmf-dist/tex/generic/pgf/frontendlayer/tikz/libraries/tikzlibrarydecorations.pathmorphing.code.tex (/usr/share/texlive/texmf-dist/tex/generic/pgf/libraries/decorations/pgflibrarydecorations.pathmorphing.code.tex)) (/usr/share/texlive/texmf-dist/tex/generic/pgf/frontendlayer/tikz/libraries/tikzlibrarydecorations.pathreplacing.code.tex (/usr/share/texlive/texmf-dist/tex/generic/pgf/libraries/decorations/pgflibrarydecorations.pathreplacing.code.tex)) (/usr/share/texlive/texmf-dist/tex/generic/pgfplots/libs/tikzlibrarypgfplots.contourlua.code.tex)
\pgfplots@numplots=\count390
\pgfplots@xmin@reg=\dimen386
\pgfplots@xmax@reg=\dimen387
\pgfplots@ymin@reg=\dimen388
\pgfplots@ymax@reg=\dimen389
\pgfplots@zmin@reg=\dimen390
\pgfplots@zmax@reg=\dimen391
) (/usr/share/texlive/texmf-dist/tex/generic/pgf/frontendlayer/tikz/libraries/tikzlibraryplotmarks.code.tex
File: tikzlibraryplotmarks.code.tex 2023-01-15 v3.1.10 (3.1.10)
 (/usr/share/texlive/texmf-dist/tex/generic/pgf/libraries/pgflibraryplotmarks.code.tex
File: pgflibraryplotmarks.code.tex 2023-01-15 v3.1.10 (3.1.10)
))) (/usr/share/texlive/texmf-dist/tex/latex/jknapltx/mathrsfs.sty
Package: mathrsfs 1996/01/01 Math RSFS package v1.0 (jk)
\symrsfs=\mathgroup10
) (/usr/share/texlive/texmf-dist/tex/latex/varwidth/varwidth.sty
Package: varwidth 2009/03/30 ver 0.92;  Variable-width minipages
\@vwid@box=\box100
\sift@deathcycles=\count391
\@vwid@loff=\dimen392
\@vwid@roff=\dimen393
) (/usr/share/texlive/texmf-dist/tex/latex/tcolorbox/tcolorbox.sty
Package: tcolorbox 2024/01/10 version 6.2.0 text color boxes
 (/usr/share/texlive/texmf-dist/tex/latex/tools/verbatim.sty
Package: verbatim 2023-11-06 v1.5v LaTeX2e package for verbatim enhancements
\every@verbatim=\toks65
\verbatim@line=\toks66
\verbatim@in@stream=\read4
) (/usr/share/texlive/texmf-dist/tex/latex/environ/environ.sty
Package: environ 2014/05/04 v0.3 A new way to define environments
 (/usr/share/texlive/texmf-dist/tex/latex/trimspaces/trimspaces.sty
Package: trimspaces 2009/09/17 v1.1 Trim spaces around a token list
))
\tcb@titlebox=\box101
\tcb@upperbox=\box102
\tcb@lowerbox=\box103
\tcb@phantombox=\box104
\c@tcbbreakpart=\count392
\c@tcblayer=\count393
\c@tcolorbox@number=\count394
\l__tcobox_tmpa_box=\box105
\l__tcobox_tmpa_dim=\dimen394
\tcb@temp=\box106
\tcb@temp=\box107
\tcb@temp=\box108
\tcb@temp=\box109
 (/usr/share/texlive/texmf-dist/tex/latex/tcolorbox/tcbraster.code.tex
Library (tcolorbox): 'tcbraster.code.tex' version '6.2.0'
\c@tcbrastercolumn=\count395
\c@tcbrasterrow=\count396
\c@tcbrasternum=\count397
\c@tcbraster=\count398
) (/usr/share/texlive/texmf-dist/tex/latex/tcolorbox/tcbskins.code.tex
Library (tcolorbox): 'tcbskins.code.tex' version '6.2.0'
(/usr/share/texlive/texmf-dist/tex/latex/tikzfill/tikzfill.image.sty
Package: tikzfill.image 2023/08/08 v1.0.1 Image filling library for TikZ
 (/usr/share/texlive/texmf-dist/tex/latex/tikzfill/tikzfill-common.sty
Package: tikzfill-common 2023/08/08 v1.0.1 Auxiliary code for tikzfill
) (/usr/share/texlive/texmf-dist/tex/latex/tikzfill/tikzlibraryfill.image.code.tex
File: tikzlibraryfill.image.code.tex 2023/08/08 v1.0.1 Image filling library
\l__tikzfill_img_box=\box110
)) (/usr/share/texlive/texmf-dist/tex/latex/tcolorbox/tcbskinsjigsaw.code.tex
Library (tcolorbox): 'tcbskinsjigsaw.code.tex' version '6.2.0'
)) (/usr/share/texlive/texmf-dist/tex/latex/tcolorbox/tcbbreakable.code.tex
Library (tcolorbox): 'tcbbreakable.code.tex' version '6.2.0'
(/usr/share/texlive/texmf-dist/tex/latex/pdfcol/pdfcol.sty
Package: pdfcol 2022-09-21 v1.7 Handle new color stacks for pdfTeX (HO)
)
Package pdfcol Info: New color stack `tcb@breakable' = 1 on input line 23.
\tcb@testbox=\box111
\tcb@totalupperbox=\box112
\tcb@totallowerbox=\box113
) (/usr/share/texlive/texmf-dist/tex/latex/tcolorbox/tcbhooks.code.tex
Library (tcolorbox): 'tcbhooks.code.tex' version '6.2.0'
) (/usr/share/texlive/texmf-dist/tex/latex/tcolorbox/tcbtheorems.code.tex
Library (tcolorbox): 'tcbtheorems.code.tex' version '6.2.0'
) (/usr/share/texlive/texmf-dist/tex/latex/tcolorbox/tcbfitting.code.tex
Library (tcolorbox): 'tcbfitting.code.tex' version '6.2.0'
\tcbfitdim=\dimen395
\tcb@lowerfitdim=\dimen396
\tcb@upperfitdim=\dimen397
\tcb@cur@hbadness=\count399
) (/usr/share/texlive/texmf-dist/tex/latex/tcolorbox/tcblistingsutf8.code.tex
Library (tcolorbox): 'tcblistingsutf8.code.tex' version '6.2.0'
(/usr/share/texlive/texmf-dist/tex/latex/tcolorbox/tcblistings.code.tex
Library (tcolorbox): 'tcblistings.code.tex' version '6.2.0'
(/usr/share/texlive/texmf-dist/tex/latex/listings/listings.sty
\lst@mode=\count400
\lst@gtempboxa=\box114
\lst@token=\toks67
\lst@length=\count401
\lst@currlwidth=\dimen398
\lst@column=\count402
\lst@pos=\count403
\lst@lostspace=\dimen399
\lst@width=\dimen400
\lst@newlines=\count404
\lst@lineno=\count405
\lst@maxwidth=\dimen401
 (/usr/share/texlive/texmf-dist/tex/latex/listings/lstmisc.sty
File: lstmisc.sty 2023/02/27 1.9 (Carsten Heinz)
\c@lstnumber=\count406
\lst@skipnumbers=\count407
\lst@framebox=\box115
) (/usr/share/texlive/texmf-dist/tex/latex/listings/listings.cfg
File: listings.cfg 2023/02/27 1.9 listings configuration
))
Package: listings 2023/02/27 1.9 (Carsten Heinz)
 (/usr/share/texlive/texmf-dist/tex/latex/tcolorbox/tcblistingscore.code.tex
Library (tcolorbox): 'tcblistingscore.code.tex' version '6.2.0'
(/usr/share/texlive/texmf-dist/tex/latex/tcolorbox/tcbprocessing.code.tex
Library (tcolorbox): 'tcbprocessing.code.tex' version '6.2.0'
)
\c@tcblisting=\count408
)) (/usr/share/texlive/texmf-dist/tex/latex/listingsutf8/listingsutf8.sty
Package: listingsutf8 2019-12-10 v1.5 Allow UTF-8 in listings input (HO)
 (/usr/share/texlive/texmf-dist/tex/generic/stringenc/stringenc.sty
Package: stringenc 2019/11/29 v1.12 Convert strings between diff. encodings (HO)
))) (/usr/share/texlive/texmf-dist/tex/latex/tcolorbox/tcbexternal.code.tex
Library (tcolorbox): 'tcbexternal.code.tex' version '6.2.0'
) (/usr/share/texlive/texmf-dist/tex/latex/tcolorbox/tcbmagazine.code.tex
Library (tcolorbox): 'tcbmagazine.code.tex' version '6.2.0'
) (/usr/share/texlive/texmf-dist/tex/latex/tcolorbox/tcbvignette.code.tex
Library (tcolorbox): 'tcbvignette.code.tex' version '6.2.0'
(/usr/share/texlive/texmf-dist/tex/generic/pgf/frontendlayer/tikz/libraries/tikzlibraryfadings.code.tex
File: tikzlibraryfadings.code.tex 2023-01-15 v3.1.10 (3.1.10)
 (/usr/share/texlive/texmf-dist/tex/generic/pgf/libraries/pgflibraryfadings.code.tex
File: pgflibraryfadings.code.tex 2023-01-15 v3.1.10 (3.1.10)
))) (/usr/share/texlive/texmf-dist/tex/latex/tcolorbox/tcbposter.code.tex
Library (tcolorbox): 'tcbposter.code.tex' version '6.2.0'
)) (/usr/share/texlive/texmf-dist/tex/latex/adjustbox/adjustbox.sty
Package: adjustbox 2022/10/17 v1.3a Adjusting TeX boxes (trim, clip, ...)
 (/usr/share/texlive/texmf-dist/tex/latex/adjustbox/adjcalc.sty
Package: adjcalc 2012/05/16 v1.1 Provides advanced setlength with multiple back-ends (calc, etex, pgfmath)
) (/usr/share/texlive/texmf-dist/tex/latex/adjustbox/trimclip.sty
Package: trimclip 2020/08/19 v1.2 Trim and clip general TeX material
 (/usr/share/texlive/texmf-dist/tex/latex/collectbox/collectbox.sty
Package: collectbox 2022/10/17 v0.4c Collect macro arguments as boxes
\collectedbox=\box116
)
\tc@llx=\dimen402
\tc@lly=\dimen403
\tc@urx=\dimen404
\tc@ury=\dimen405
Package trimclip Info: Using driver 'tc-pdftex.def'.
 (/usr/share/texlive/texmf-dist/tex/latex/adjustbox/tc-pdftex.def
File: tc-pdftex.def 2019/01/04 v2.2 Clipping driver for pdftex
))
\adjbox@Width=\dimen406
\adjbox@Height=\dimen407
\adjbox@Depth=\dimen408
\adjbox@Totalheight=\dimen409
\adjbox@pwidth=\dimen410
\adjbox@pheight=\dimen411
\adjbox@pdepth=\dimen412
\adjbox@ptotalheight=\dimen413
 (/usr/share/texlive/texmf-dist/tex/latex/ifoddpage/ifoddpage.sty
Package: ifoddpage 2022/10/18 v1.2 Conditionals for odd/even page detection
\c@checkoddpage=\count409
)) (/usr/share/texlive/texmf-dist/tex/latex/svg/svg.sty
Package: svg 2020/11/26 v2.02k (include SVG pictures)
 (/usr/share/texlive/texmf-dist/tex/latex/tools/shellesc.sty
Package: shellesc 2023/07/08 v1.0d unified shell escape interface for LaTeX
Package shellesc Info: Unrestricted shell escape enabled on input line 75.
) (/usr/share/texlive/texmf-dist/tex/latex/ifplatform/ifplatform.sty
Package: ifplatform 2017/10/13 v0.4a Testing for the operating system
 (/usr/share/texlive/texmf-dist/tex/generic/catchfile/catchfile.sty
Package: catchfile 2019/12/09 v1.8 Catch the contents of a file (HO)
 (/usr/share/texlive/texmf-dist/tex/generic/etexcmds/etexcmds.sty
Package: etexcmds 2019/12/15 v1.7 Avoid name clashes with e-TeX commands (HO)
)) (/usr/share/texlive/texmf-dist/tex/generic/iftex/ifluatex.sty
Package: ifluatex 2019/10/25 v1.5 ifluatex legacy package. Use iftex instead.
)
runsystem(uname -s > "Video.w18")...executed.

 (./Video.w18)
runsystem(rm -- "Video.w18")...executed.

)
\c@svg@param@lastpage=\count410
\svg@box=\box117
\c@svg@param@currpage=\count411
) (/usr/share/texlive/texmf-dist/tex/latex/transparent/transparent.sty
Package: transparent 2022-10-27 v1.5 Transparency with color stacks
 (/usr/share/texlive/texmf-dist/tex/latex/transparent/transparent-nometadata.sty
Package: transparent-nometadata 2022-10-27 v1.5 Transparency via pdfTeX's color stack (HO)
)) (/usr/share/texlive/texmf-dist/tex/latex/overpic/overpic.sty
Package: overpic 2024/01/06 2.1 picture overlays (RN)
 (/usr/share/texlive/texmf-dist/tex/latex/eepic/epic.sty
Enhancements to Picture Environment. Version 1.2 - Released June 1, 1986
\@@multicnt=\count412
\d@lta=\count413
\@delta=\dimen414
\@@delta=\dimen415
\@gridcnt=\count414
\@joinkind=\count415
\@dotgap=\dimen416
\@ddotgap=\dimen417
\@x@diff=\count416
\@y@diff=\count417
\x@diff=\dimen418
\y@diff=\dimen419
\@dotbox=\box118
\num@segments=\count418
\num@segmentsi=\count419
\@datafile=\read5
)
\OVP@box=\box119
) (/usr/share/texlive/texmf-dist/tex/latex/silence/silence.sty
Package: silence 2012/07/02 v1.5b Selective filtering of warnings and error messages
\sl@Save=\count420
\sl@StateNumber=\count421
\sl@MessageCount=\count422
\sl@Casualties=\count423
\sl@Filter=\toks68
\sl@Message=\toks69
\sl@UnexpandedMessage=\toks70
\sl@Mess@ge=\toks71
\sl@WarningCount=\count424
\sl@WarningNumber=\count425
\sl@WarningCasualties=\count426
\sl@TempBOW=\toks72
\sl@BankOfWarnings=\toks73
LaTeX Info: Redefining \GenericWarning on input line 433.
\sl@ErrorCount=\count427
\sl@ErrorNumber=\count428
\sl@ErrorCasualties=\count429
\sl@TempBOE=\toks74
\sl@BankOfErrors=\toks75
LaTeX Info: Redefining \GenericError on input line 601.
) (/usr/share/texlive/texmf-dist/tex/generic/pgf/frontendlayer/tikz/libraries/tikzlibraryarrows.code.tex
File: tikzlibraryarrows.code.tex 2023-01-15 v3.1.10 (3.1.10)
 (/usr/share/texlive/texmf-dist/tex/generic/pgf/libraries/pgflibraryarrows.code.tex
File: pgflibraryarrows.code.tex 2023-01-15 v3.1.10 (3.1.10)
\arrowsize=\dimen420
)) (/usr/share/texlive/texmf-dist/tex/generic/pgf/frontendlayer/tikz/libraries/datavisualization/tikzlibrarydatavisualization.code.tex
File: tikzlibrarydatavisualization.code.tex 2023-01-15 v3.1.10 (3.1.10)
 (/usr/share/texlive/texmf-dist/tex/generic/pgf/modules/pgfmoduledatavisualization.code.tex
File: pgfmoduledatavisualization.code.tex 2023-01-15 v3.1.10 (3.1.10)
 (/usr/share/texlive/texmf-dist/tex/generic/pgf/modules/pgfmoduleoo.code.tex
\pgfoo@objectcount=\count430
\pgfoothis@count=\count431
\pgfoo@toks=\toks76
)
\pgf@lib@dv@cache@count=\count432
\pgf@lib@dv@cache@count=\count433
) (/usr/share/texlive/texmf-dist/tex/generic/pgf/frontendlayer/tikz/libraries/tikzlibrarybackgrounds.code.tex
File: tikzlibrarybackgrounds.code.tex 2023-01-15 v3.1.10 (3.1.10)
\pgf@layerbox@background=\box120
\pgf@layerboxsaved@background=\box121
)
\tikzdvvisualizercounter=\count434
) (/usr/share/texlive/texmf-dist/tex/generic/pgf/frontendlayer/tikz/libraries/tikzlibraryangles.code.tex
File: tikzlibraryangles.code.tex 2023-01-15 v3.1.10 (3.1.10)
) (/usr/share/texlive/texmf-dist/tex/generic/pgf/frontendlayer/tikz/libraries/tikzlibrarydecorations.markings.code.tex (/usr/share/texlive/texmf-dist/tex/generic/pgf/libraries/decorations/pgflibrarydecorations.markings.code.tex)) (/usr/share/texlive/texmf-dist/tex/generic/pgf/frontendlayer/tikz/libraries/tikzlibrarypatterns.code.tex
File: tikzlibrarypatterns.code.tex 2023-01-15 v3.1.10 (3.1.10)
 (/usr/share/texlive/texmf-dist/tex/generic/pgf/libraries/pgflibrarypatterns.code.tex
File: pgflibrarypatterns.code.tex 2023-01-15 v3.1.10 (3.1.10)
)) (/usr/share/texlive/texmf-dist/tex/generic/pgf/frontendlayer/tikz/libraries/tikzlibraryshapes.geometric.code.tex
File: tikzlibraryshapes.geometric.code.tex 2023-01-15 v3.1.10 (3.1.10)
 (/usr/share/texlive/texmf-dist/tex/generic/pgf/libraries/shapes/pgflibraryshapes.geometric.code.tex
File: pgflibraryshapes.geometric.code.tex 2023-01-15 v3.1.10 (3.1.10)
)) (/usr/share/texlive/texmf-dist/tex/generic/pgfplots/libs/tikzlibrarypgfplots.fillbetween.code.tex (/usr/share/texlive/texmf-dist/tex/generic/pgfplots/pgfcontrib/tikzlibraryfillbetween.code.tex (/usr/share/texlive/texmf-dist/tex/generic/pgf/frontendlayer/tikz/libraries/tikzlibraryintersections.code.tex (/usr/share/texlive/texmf-dist/tex/generic/pgf/libraries/pgflibraryintersections.code.tex
\pgf@intersect@solutions=\count435
)) (/usr/share/texlive/texmf-dist/tex/generic/pgfplots/pgfcontrib/tikzlibrarydecorations.softclip.code.tex (/usr/share/texlive/texmf-dist/tex/generic/pgfplots/pgfcontrib/pgflibraryfillbetween.code.tex))) (/usr/share/texlive/texmf-dist/tex/generic/pgfplots/libs/tikzlibrarypgfplots.decorations.softclip.code.tex))
\Colsep=\skip80
 (/usr/share/texlive/texmf-dist/tex/latex/ragged2e/ragged2e.sty
Package: ragged2e 2023/06/22 v3.6 ragged2e Package
\CenteringLeftskip=\skip81
\RaggedLeftLeftskip=\skip82
\RaggedRightLeftskip=\skip83
\CenteringRightskip=\skip84
\RaggedLeftRightskip=\skip85
\RaggedRightRightskip=\skip86
\CenteringParfillskip=\skip87
\RaggedLeftParfillskip=\skip88
\RaggedRightParfillskip=\skip89
\JustifyingParfillskip=\skip90
\CenteringParindent=\skip91
\RaggedLeftParindent=\skip92
\RaggedRightParindent=\skip93
\JustifyingParindent=\skip94
)) (../Templates/FolienSettings.tex (../Templates/beamerthemeGetItDigital.sty (../Templates/beamerouterthemeGetItDigital.sty) (../Templates/beamercolorthemeGetItDigital.sty) (/usr/share/texlive/texmf-dist/tex/latex/beamer/beamerfontthemeprofessionalfonts.sty)) (/usr/share/texlive/texmf-dist/tex/latex/hf-tikz/hf-tikz.sty
Package: hf-tikz 2014/07/25 v0.3a A simple way to highlight formulas and formula parts.
 (/usr/share/texlive/texmf-dist/tex/generic/pgf/frontendlayer/tikz/libraries/tikzlibraryshadings.code.tex
File: tikzlibraryshadings.code.tex 2023-01-15 v3.1.10 (3.1.10)
 (/usr/share/texlive/texmf-dist/tex/generic/pgf/libraries/pgflibraryshadings.code.tex
File: pgflibraryshadings.code.tex 2023-01-15 v3.1.10 (3.1.10)
))
\c@jumping=\count436
)) (../Video/beamervideo.sty
Package: beamervideo 2023/10/25 Video creation from beamer slides
\speechouts=\write5
\speechRenderVideoScript=\write6
\speechRenderVideoFileList=\write7
\c@videopage=\count437
\c@actualvideopage=\count438
\c@videocounter=\count439
\c@slidecounter=\count440
) (./Video.aux)
\openout1 = `Video.aux'.

LaTeX Font Info:    Checking defaults for OML/cmm/m/it on input line 21.
LaTeX Font Info:    ... okay on input line 21.
LaTeX Font Info:    Checking defaults for OMS/cmsy/m/n on input line 21.
LaTeX Font Info:    ... okay on input line 21.
LaTeX Font Info:    Checking defaults for OT1/cmr/m/n on input line 21.
LaTeX Font Info:    ... okay on input line 21.
LaTeX Font Info:    Checking defaults for T1/cmr/m/n on input line 21.
LaTeX Font Info:    ... okay on input line 21.
LaTeX Font Info:    Checking defaults for TS1/cmr/m/n on input line 21.
LaTeX Font Info:    ... okay on input line 21.
LaTeX Font Info:    Checking defaults for OMX/cmex/m/n on input line 21.
LaTeX Font Info:    ... okay on input line 21.
LaTeX Font Info:    Checking defaults for U/cmr/m/n on input line 21.
LaTeX Font Info:    ... okay on input line 21.
LaTeX Font Info:    Checking defaults for PD1/pdf/m/n on input line 21.
LaTeX Font Info:    ... okay on input line 21.
LaTeX Font Info:    Checking defaults for PU/pdf/m/n on input line 21.
LaTeX Font Info:    ... okay on input line 21.

*geometry* driver: auto-detecting
*geometry* detected driver: pdftex
*geometry* verbose mode - [ preamble ] result:
* driver: pdftex
* paper: custom
* layout: <same size as paper>
* layoutoffset:(h,v)=(0.0pt,0.0pt)
* modes: includehead includefoot 
* h-part:(L,W,R)=(28.45274pt, 398.3386pt, 28.45274pt)
* v-part:(T,H,B)=(0.0pt, 284.52756pt, 0.0pt)
* \paperwidth=455.24408pt
* \paperheight=284.52756pt
* \textwidth=398.3386pt
* \textheight=256.07483pt
* \oddsidemargin=-43.81725pt
* \evensidemargin=-43.81725pt
* \topmargin=-72.26999pt
* \headheight=14.22636pt
* \headsep=0.0pt
* \topskip=11.0pt
* \footskip=14.22636pt
* \marginparwidth=56.9055pt
* \marginparsep=10.0pt
* \columnsep=10.0pt
* \skip\footins=10.0pt plus 4.0pt minus 2.0pt
* \hoffset=0.0pt
* \voffset=0.0pt
* \mag=1000
* \@twocolumnfalse
* \@twosidefalse
* \@mparswitchfalse
* \@reversemarginfalse
* (1in=72.27pt=25.4mm, 1cm=28.453pt)

(/usr/share/texlive/texmf-dist/tex/context/base/mkii/supp-pdf.mkii
[Loading MPS to PDF converter (version 2006.09.02).]
\scratchcounter=\count441
\scratchdimen=\dimen421
\scratchbox=\box122
\nofMPsegments=\count442
\nofMParguments=\count443
\everyMPshowfont=\toks77
\MPscratchCnt=\count444
\MPscratchDim=\dimen422
\MPnumerator=\count445
\makeMPintoPDFobject=\count446
\everyMPtoPDFconversion=\toks78
) (/usr/share/texlive/texmf-dist/tex/latex/epstopdf-pkg/epstopdf-base.sty
Package: epstopdf-base 2020-01-24 v2.11 Base part for package epstopdf
Package epstopdf-base Info: Redefining graphics rule for `.eps' on input line 485.
 (/usr/share/texlive/texmf-dist/tex/latex/latexconfig/epstopdf-sys.cfg
File: epstopdf-sys.cfg 2010/07/13 v1.3 Configuration of (r)epstopdf for TeX Live
))
Package hyperref Info: Link coloring OFF on input line 21.
 (./Video.out) (./Video.out)
\@outlinefile=\write8
\openout8 = `Video.out'.

 (/usr/share/texlive/texmf-dist/tex/latex/translator/translator-basic-dictionary-English.dict
Dictionary: translator-basic-dictionary, Language: English 
) (/usr/share/texlive/texmf-dist/tex/latex/translator/translator-bibliography-dictionary-English.dict
Dictionary: translator-bibliography-dictionary, Language: English 
) (/usr/share/texlive/texmf-dist/tex/latex/translator/translator-environment-dictionary-English.dict
Dictionary: translator-environment-dictionary, Language: English 
) (/usr/share/texlive/texmf-dist/tex/latex/translator/translator-months-dictionary-English.dict
Dictionary: translator-months-dictionary, Language: English 
) (/usr/share/texlive/texmf-dist/tex/latex/translator/translator-numbers-dictionary-English.dict
Dictionary: translator-numbers-dictionary, Language: English 
) (/usr/share/texlive/texmf-dist/tex/latex/translator/translator-theorem-dictionary-English.dict
Dictionary: translator-theorem-dictionary, Language: English 
)
\symgns@font=\mathgroup11
LaTeX Font Info:    Overwriting symbol font `gns@font' in version `bold'
(Font)                  TS1/cmss/m/n --> TS1/cmss/b/n on input line 21.
Package gensymb Info: Math companion symbols declared on input line 21.
LaTeX Info: Redefining \degree on input line 21.
LaTeX Info: Redefining \celsius on input line 21.
Package gensymb Info: Using text companion symbols for \degree, \celsius and \perthousand on input line 21.
LaTeX Info: Redefining \ohm on input line 21.
Package gensymb Info: Using \textohm for \ohm on input line 21.
Package gensymb Info: Using \textmu for \micro on input line 21.
 (/usr/share/texlive/texmf-dist/tex/latex/translations/translations-basic-dictionary-german.trsl
File: translations-basic-dictionary-german.trsl (german translation file `translations-basic-dictionary')
)
Package translations Info: loading dictionary `translations-basic-dictionary' for `german'. on input line 21.
Package caption Info: Begin \AtBeginDocument code.
Package caption Info: float package is loaded.
Package caption Info: listings package is loaded.
Package caption Info: End \AtBeginDocument code.

Package pgfplots notification 'compat/show suggested version=true': document has been generated with the most recent feature set (\pgfplotsset{compat=1.18}).

\c@lstlisting=\count447
(./Video.nav)
LaTeX Font Info:    Trying to load font information for U+msa on input line 21.
 (/usr/share/texlive/texmf-dist/tex/latex/amsfonts/umsa.fd
File: umsa.fd 2013/01/14 v3.01 AMS symbols A
)
LaTeX Font Info:    Trying to load font information for U+msb on input line 21.
 (/usr/share/texlive/texmf-dist/tex/latex/amsfonts/umsb.fd
File: umsb.fd 2013/01/14 v3.01 AMS symbols B
)
LaTeX Font Info:    Trying to load font information for U+esint on input line 21.
 (/usr/share/texlive/texmf-dist/tex/latex/esint/uesint.fd
File: uesint.fd 
)
LaTeX Font Info:    Trying to load font information for U+rsfs on input line 21.
 (/usr/share/texlive/texmf-dist/tex/latex/jknapltx/ursfs.fd
File: ursfs.fd 1998/03/24 rsfs font definition file (jk)
)
LaTeX Font Info:    Trying to load font information for TS1+cmss on input line 21.
 (/usr/share/texlive/texmf-dist/tex/latex/base/ts1cmss.fd
File: ts1cmss.fd 2023/04/13 v2.5m Standard LaTeX font definitions
) (../Templates/FolienTitle.tex
<Bilder/GETitDigital_Titel.png, id=171, 454.5283pt x 284.08018pt>
File: Bilder/GETitDigital_Titel.png Graphic file (type png)
<use Bilder/GETitDigital_Titel.png>
Package pdftex.def Info: Bilder/GETitDigital_Titel.png  used on input line 9.
(pdftex.def)             Requested size: 455.24408pt x 284.54329pt.
 [1

{/var/lib/texmf/fonts/map/pdftex/updmap/pdftex.map} <./Bilder/GETitDigital_Titel.png>]
<../Templates/Bilder/by.png, id=186, 97.0827pt x 33.9669pt>
File: ../Templates/Bilder/by.png Graphic file (type png)
<use ../Templates/Bilder/by.png>
Package pdftex.def Info: ../Templates/Bilder/by.png  used on input line 19.
(pdftex.def)             Requested size: 79.66649pt x 27.87428pt.
 [2

 <../Templates/Bilder/by.png>]) (./Inhalt.tex (./Kapitel0.tex
<Tikz/pdf/plot_bauteile_phasenverschiebung_r.pdf, id=198, 229.62187pt x 94.47093pt>
File: Tikz/pdf/plot_bauteile_phasenverschiebung_r.pdf Graphic file (type pdf)
<use Tikz/pdf/plot_bauteile_phasenverschiebung_r.pdf>
Package pdftex.def Info: Tikz/pdf/plot_bauteile_phasenverschiebung_r.pdf  used on input line 96.
(pdftex.def)             Requested size: 229.62129pt x 94.47069pt.
<Tikz/pdf/circ_bauteil_R_u_i.pdf, id=199, 81.66711pt x 81.66711pt>
File: Tikz/pdf/circ_bauteil_R_u_i.pdf Graphic file (type pdf)
<use Tikz/pdf/circ_bauteil_R_u_i.pdf>
Package pdftex.def Info: Tikz/pdf/circ_bauteil_R_u_i.pdf  used on input line 96.
(pdftex.def)             Requested size: 81.6669pt x 81.6669pt.
<Tikz/pdf/plot_bauteile_phasenverschiebung_l.pdf, id=200, 229.62187pt x 94.47093pt>
File: Tikz/pdf/plot_bauteile_phasenverschiebung_l.pdf Graphic file (type pdf)
<use Tikz/pdf/plot_bauteile_phasenverschiebung_l.pdf>
Package pdftex.def Info: Tikz/pdf/plot_bauteile_phasenverschiebung_l.pdf  used on input line 96.
(pdftex.def)             Requested size: 229.62129pt x 94.47069pt.
<Tikz/pdf/circ_bauteil_L_u_i.pdf, id=201, 81.66711pt x 81.66711pt>
File: Tikz/pdf/circ_bauteil_L_u_i.pdf Graphic file (type pdf)
<use Tikz/pdf/circ_bauteil_L_u_i.pdf>
Package pdftex.def Info: Tikz/pdf/circ_bauteil_L_u_i.pdf  used on input line 96.
(pdftex.def)             Requested size: 81.6669pt x 81.6669pt.
<Tikz/pdf/plot_bauteile_phasenverschiebung_c.pdf, id=202, 229.62187pt x 94.47093pt>
File: Tikz/pdf/plot_bauteile_phasenverschiebung_c.pdf Graphic file (type pdf)
<use Tikz/pdf/plot_bauteile_phasenverschiebung_c.pdf>
Package pdftex.def Info: Tikz/pdf/plot_bauteile_phasenverschiebung_c.pdf  used on input line 96.
(pdftex.def)             Requested size: 229.62129pt x 94.47069pt.
<Tikz/pdf/circ_bauteil_C_u_i.pdf, id=203, 81.66711pt x 81.66711pt>
File: Tikz/pdf/circ_bauteil_C_u_i.pdf Graphic file (type pdf)
<use Tikz/pdf/circ_bauteil_C_u_i.pdf>
Package pdftex.def Info: Tikz/pdf/circ_bauteil_C_u_i.pdf  used on input line 96.
(pdftex.def)             Requested size: 81.6669pt x 81.6669pt.
\openout5 = `tts-Video-folie1-1-0.txt'.


ffmpeg -y -loop 1 -i video/Folien-2.png -i ../TTS/tts-Video-folie1-1-0.wav -c:v libx264 -r 25 -vf "scale=-1:1080,pad=1920:1080:(ow-iw)/2:(oh-ih)/2:white" -pix_fmt yuv420p -t XX video/video-folie1-1-0.mp4
file 'video/video-folie1-1-0.mp4'

Overfull \vbox (4.59721pt too high) detected at line 96
 []

[3

 <./Tikz/pdf/plot_bauteile_phasenverschiebung_r.pdf> <./Tikz/pdf/circ_bauteil_R_u_i.pdf> <./Tikz/pdf/plot_bauteile_phasenverschiebung_l.pdf> <./Tikz/pdf/circ_bauteil_L_u_i.pdf> <./Tikz/pdf/plot_bauteile_phasenverschiebung_c.pdf> <./Tikz/pdf/circ_bauteil_C_u_i.pdf>]
File: Tikz/pdf/plot_bauteile_phasenverschiebung_r.pdf Graphic file (type pdf)
<use Tikz/pdf/plot_bauteile_phasenverschiebung_r.pdf>
Package pdftex.def Info: Tikz/pdf/plot_bauteile_phasenverschiebung_r.pdf  used on input line 96.
(pdftex.def)             Requested size: 229.62129pt x 94.47069pt.
File: Tikz/pdf/circ_bauteil_R_u_i.pdf Graphic file (type pdf)
<use Tikz/pdf/circ_bauteil_R_u_i.pdf>
Package pdftex.def Info: Tikz/pdf/circ_bauteil_R_u_i.pdf  used on input line 96.
(pdftex.def)             Requested size: 81.6669pt x 81.6669pt.
File: Tikz/pdf/plot_bauteile_phasenverschiebung_l.pdf Graphic file (type pdf)
<use Tikz/pdf/plot_bauteile_phasenverschiebung_l.pdf>
Package pdftex.def Info: Tikz/pdf/plot_bauteile_phasenverschiebung_l.pdf  used on input line 96.
(pdftex.def)             Requested size: 229.62129pt x 94.47069pt.
File: Tikz/pdf/circ_bauteil_L_u_i.pdf Graphic file (type pdf)
<use Tikz/pdf/circ_bauteil_L_u_i.pdf>
Package pdftex.def Info: Tikz/pdf/circ_bauteil_L_u_i.pdf  used on input line 96.
(pdftex.def)             Requested size: 81.6669pt x 81.6669pt.
File: Tikz/pdf/plot_bauteile_phasenverschiebung_c.pdf Graphic file (type pdf)
<use Tikz/pdf/plot_bauteile_phasenverschiebung_c.pdf>
Package pdftex.def Info: Tikz/pdf/plot_bauteile_phasenverschiebung_c.pdf  used on input line 96.
(pdftex.def)             Requested size: 229.62129pt x 94.47069pt.
File: Tikz/pdf/circ_bauteil_C_u_i.pdf Graphic file (type pdf)
<use Tikz/pdf/circ_bauteil_C_u_i.pdf>
Package pdftex.def Info: Tikz/pdf/circ_bauteil_C_u_i.pdf  used on input line 96.
(pdftex.def)             Requested size: 81.6669pt x 81.6669pt.

Overfull \vbox (4.59721pt too high) detected at line 96
 []

[4

]
File: Tikz/pdf/plot_bauteile_phasenverschiebung_r.pdf Graphic file (type pdf)
<use Tikz/pdf/plot_bauteile_phasenverschiebung_r.pdf>
Package pdftex.def Info: Tikz/pdf/plot_bauteile_phasenverschiebung_r.pdf  used on input line 96.
(pdftex.def)             Requested size: 229.62129pt x 94.47069pt.
File: Tikz/pdf/circ_bauteil_R_u_i.pdf Graphic file (type pdf)
<use Tikz/pdf/circ_bauteil_R_u_i.pdf>
Package pdftex.def Info: Tikz/pdf/circ_bauteil_R_u_i.pdf  used on input line 96.
(pdftex.def)             Requested size: 81.6669pt x 81.6669pt.
File: Tikz/pdf/plot_bauteile_phasenverschiebung_l.pdf Graphic file (type pdf)
<use Tikz/pdf/plot_bauteile_phasenverschiebung_l.pdf>
Package pdftex.def Info: Tikz/pdf/plot_bauteile_phasenverschiebung_l.pdf  used on input line 96.
(pdftex.def)             Requested size: 229.62129pt x 94.47069pt.
File: Tikz/pdf/circ_bauteil_L_u_i.pdf Graphic file (type pdf)
<use Tikz/pdf/circ_bauteil_L_u_i.pdf>
Package pdftex.def Info: Tikz/pdf/circ_bauteil_L_u_i.pdf  used on input line 96.
(pdftex.def)             Requested size: 81.6669pt x 81.6669pt.
File: Tikz/pdf/plot_bauteile_phasenverschiebung_c.pdf Graphic file (type pdf)
<use Tikz/pdf/plot_bauteile_phasenverschiebung_c.pdf>
Package pdftex.def Info: Tikz/pdf/plot_bauteile_phasenverschiebung_c.pdf  used on input line 96.
(pdftex.def)             Requested size: 229.62129pt x 94.47069pt.
File: Tikz/pdf/circ_bauteil_C_u_i.pdf Graphic file (type pdf)
<use Tikz/pdf/circ_bauteil_C_u_i.pdf>
Package pdftex.def Info: Tikz/pdf/circ_bauteil_C_u_i.pdf  used on input line 96.
(pdftex.def)             Requested size: 81.6669pt x 81.6669pt.

Overfull \vbox (4.59721pt too high) detected at line 96
 []

[5

]
<Tikz/pdf/circ_bauteil_L_u_i_mini.pdf, id=310, 62.49147pt x 41.58134pt>
File: Tikz/pdf/circ_bauteil_L_u_i_mini.pdf Graphic file (type pdf)
<use Tikz/pdf/circ_bauteil_L_u_i_mini.pdf>
Package pdftex.def Info: Tikz/pdf/circ_bauteil_L_u_i_mini.pdf  used on input line 184.
(pdftex.def)             Requested size: 62.4913pt x 41.58122pt.
<Tikz/pdf/circ_bauteil_C_u_i_mini.pdf, id=311, 62.49147pt x 54.72646pt>
File: Tikz/pdf/circ_bauteil_C_u_i_mini.pdf Graphic file (type pdf)
<use Tikz/pdf/circ_bauteil_C_u_i_mini.pdf>
Package pdftex.def Info: Tikz/pdf/circ_bauteil_C_u_i_mini.pdf  used on input line 184.
(pdftex.def)             Requested size: 62.4913pt x 54.72632pt.

Overfull \hbox (2.74295pt too wide) in paragraph at lines 184--184
 [][] 
 []


Overfull \hbox (2.74295pt too wide) in paragraph at lines 184--184
 [] 
 []

<./Bilder/Spule.png, id=312, 1003.75pt x 752.8125pt>
File: ./Bilder/Spule.png Graphic file (type png)
<use ./Bilder/Spule.png>
Package pdftex.def Info: ./Bilder/Spule.png  used on input line 184.
(pdftex.def)             Requested size: 99.58464pt x 74.68832pt.
<./Bilder/Kondensator.png, id=313, 1003.75pt x 752.8125pt>
File: ./Bilder/Kondensator.png Graphic file (type png)
<use ./Bilder/Kondensator.png>
Package pdftex.def Info: ./Bilder/Kondensator.png  used on input line 184.
(pdftex.def)             Requested size: 99.58464pt x 74.68832pt.
[6

 <./Tikz/pdf/circ_bauteil_L_u_i_mini.pdf> <./Tikz/pdf/circ_bauteil_C_u_i_mini.pdf> <./Bilder/Spule.png> <./Bilder/Kondensator.png>]
<Tikz/pdf/circ_bauteil_tabelle_text_symbol.pdf, id=348, 81.66711pt x 41.83328pt>
File: Tikz/pdf/circ_bauteil_tabelle_text_symbol.pdf Graphic file (type pdf)
<use Tikz/pdf/circ_bauteil_tabelle_text_symbol.pdf>
Package pdftex.def Info: Tikz/pdf/circ_bauteil_tabelle_text_symbol.pdf  used on input line 259.
(pdftex.def)             Requested size: 81.6669pt x 41.83316pt.
<Tikz/pdf/circ_bauteil_tabelle_zweipol.pdf, id=349, 81.83875pt x 41.83328pt>
File: Tikz/pdf/circ_bauteil_tabelle_zweipol.pdf Graphic file (type pdf)
<use Tikz/pdf/circ_bauteil_tabelle_zweipol.pdf>
Package pdftex.def Info: Tikz/pdf/circ_bauteil_tabelle_zweipol.pdf  used on input line 259.
(pdftex.def)             Requested size: 81.83853pt x 41.83316pt.
<Tikz/pdf/circ_bauteil_tabelle_R.pdf, id=350, 81.66711pt x 41.83328pt>
File: Tikz/pdf/circ_bauteil_tabelle_R.pdf Graphic file (type pdf)
<use Tikz/pdf/circ_bauteil_tabelle_R.pdf>
Package pdftex.def Info: Tikz/pdf/circ_bauteil_tabelle_R.pdf  used on input line 259.
(pdftex.def)             Requested size: 81.6669pt x 41.83316pt.
<Tikz/pdf/circ_bauteil_tabelle_L.pdf, id=351, 81.66711pt x 41.83328pt>
File: Tikz/pdf/circ_bauteil_tabelle_L.pdf Graphic file (type pdf)
<use Tikz/pdf/circ_bauteil_tabelle_L.pdf>
Package pdftex.def Info: Tikz/pdf/circ_bauteil_tabelle_L.pdf  used on input line 259.
(pdftex.def)             Requested size: 81.6669pt x 41.83316pt.
<Tikz/pdf/circ_bauteil_tabelle_C.pdf, id=352, 81.66711pt x 48.30547pt>
File: Tikz/pdf/circ_bauteil_tabelle_C.pdf Graphic file (type pdf)
<use Tikz/pdf/circ_bauteil_tabelle_C.pdf>
Package pdftex.def Info: Tikz/pdf/circ_bauteil_tabelle_C.pdf  used on input line 259.
(pdftex.def)             Requested size: 81.6669pt x 48.30534pt.
 [7

 <./Tikz/pdf/circ_bauteil_tabelle_text_symbol.pdf> <./Tikz/pdf/circ_bauteil_tabelle_zweipol.pdf> <./Tikz/pdf/circ_bauteil_tabelle_R.pdf> <./Tikz/pdf/circ_bauteil_tabelle_L.pdf> <./Tikz/pdf/circ_bauteil_tabelle_C.pdf>]) (./Kapitel1.tex [8

]
<Tikz/pdf/circ_zweitor_quelle_last.pdf, id=403, 258.07516pt x 73.13222pt>
File: Tikz/pdf/circ_zweitor_quelle_last.pdf Graphic file (type pdf)
<use Tikz/pdf/circ_zweitor_quelle_last.pdf>
Package pdftex.def Info: Tikz/pdf/circ_zweitor_quelle_last.pdf  used on input line 66.
(pdftex.def)             Requested size: 258.07452pt x 73.13202pt.
 [9

 <./Tikz/pdf/circ_zweitor_quelle_last.pdf>]
File: Tikz/pdf/circ_zweitor_quelle_last.pdf Graphic file (type pdf)
<use Tikz/pdf/circ_zweitor_quelle_last.pdf>
Package pdftex.def Info: Tikz/pdf/circ_zweitor_quelle_last.pdf  used on input line 66.
(pdftex.def)             Requested size: 258.07452pt x 73.13202pt.
 [10

]
<Tikz/pdf/circ_zweitor_longpins.pdf, id=430, 151.9828pt x 73.13222pt>
File: Tikz/pdf/circ_zweitor_longpins.pdf Graphic file (type pdf)
<use Tikz/pdf/circ_zweitor_longpins.pdf>
Package pdftex.def Info: Tikz/pdf/circ_zweitor_longpins.pdf  used on input line 66.
(pdftex.def)             Requested size: 151.98242pt x 73.13202pt.
 [11

 <./Tikz/pdf/circ_zweitor_longpins.pdf>]
File: Tikz/pdf/circ_zweitor_longpins.pdf Graphic file (type pdf)
<use Tikz/pdf/circ_zweitor_longpins.pdf>
Package pdftex.def Info: Tikz/pdf/circ_zweitor_longpins.pdf  used on input line 66.
(pdftex.def)             Requested size: 151.98242pt x 73.13202pt.
<Tikz/pdf/plot_sin_comp_amplitude_phase01.pdf, id=450, 184.24132pt x 118.2257pt>
File: Tikz/pdf/plot_sin_comp_amplitude_phase01.pdf Graphic file (type pdf)
<use Tikz/pdf/plot_sin_comp_amplitude_phase01.pdf>
Package pdftex.def Info: Tikz/pdf/plot_sin_comp_amplitude_phase01.pdf  used on input line 66.
(pdftex.def)             Requested size: 184.24084pt x 118.22539pt.
 [12

 <./Tikz/pdf/plot_sin_comp_amplitude_phase01.pdf>]
File: Tikz/pdf/circ_zweitor_longpins.pdf Graphic file (type pdf)
<use Tikz/pdf/circ_zweitor_longpins.pdf>
Package pdftex.def Info: Tikz/pdf/circ_zweitor_longpins.pdf  used on input line 66.
(pdftex.def)             Requested size: 151.98242pt x 73.13202pt.
<Tikz/pdf/plot_sin_comp_amplitude_phase02.pdf, id=480, 184.24132pt x 118.2257pt>
File: Tikz/pdf/plot_sin_comp_amplitude_phase02.pdf Graphic file (type pdf)
<use Tikz/pdf/plot_sin_comp_amplitude_phase02.pdf>
Package pdftex.def Info: Tikz/pdf/plot_sin_comp_amplitude_phase02.pdf  used on input line 66.
(pdftex.def)             Requested size: 184.24084pt x 118.22539pt.
 [13

 <./Tikz/pdf/plot_sin_comp_amplitude_phase02.pdf>]
File: Tikz/pdf/circ_zweitor_longpins.pdf Graphic file (type pdf)
<use Tikz/pdf/circ_zweitor_longpins.pdf>
Package pdftex.def Info: Tikz/pdf/circ_zweitor_longpins.pdf  used on input line 66.
(pdftex.def)             Requested size: 151.98242pt x 73.13202pt.
File: Tikz/pdf/plot_sin_comp_amplitude_phase02.pdf Graphic file (type pdf)
<use Tikz/pdf/plot_sin_comp_amplitude_phase02.pdf>
Package pdftex.def Info: Tikz/pdf/plot_sin_comp_amplitude_phase02.pdf  used on input line 66.
(pdftex.def)             Requested size: 184.24084pt x 118.22539pt.
 [14

]
File: Tikz/pdf/circ_zweitor_longpins.pdf Graphic file (type pdf)
<use Tikz/pdf/circ_zweitor_longpins.pdf>
Package pdftex.def Info: Tikz/pdf/circ_zweitor_longpins.pdf  used on input line 66.
(pdftex.def)             Requested size: 151.98242pt x 73.13202pt.
<Tikz/pdf/plot_sin_comp_amplitude_phase03.pdf, id=534, 184.24132pt x 118.2257pt>
File: Tikz/pdf/plot_sin_comp_amplitude_phase03.pdf Graphic file (type pdf)
<use Tikz/pdf/plot_sin_comp_amplitude_phase03.pdf>
Package pdftex.def Info: Tikz/pdf/plot_sin_comp_amplitude_phase03.pdf  used on input line 66.
(pdftex.def)             Requested size: 184.24084pt x 118.22539pt.
 [15

 <./Tikz/pdf/plot_sin_comp_amplitude_phase03.pdf>]
File: Tikz/pdf/circ_zweitor_longpins.pdf Graphic file (type pdf)
<use Tikz/pdf/circ_zweitor_longpins.pdf>
Package pdftex.def Info: Tikz/pdf/circ_zweitor_longpins.pdf  used on input line 66.
(pdftex.def)             Requested size: 151.98242pt x 73.13202pt.
<Tikz/pdf/plot_sin_comp_amplitude_phase04.pdf, id=574, 184.24132pt x 118.2257pt>
File: Tikz/pdf/plot_sin_comp_amplitude_phase04.pdf Graphic file (type pdf)
<use Tikz/pdf/plot_sin_comp_amplitude_phase04.pdf>
Package pdftex.def Info: Tikz/pdf/plot_sin_comp_amplitude_phase04.pdf  used on input line 66.
(pdftex.def)             Requested size: 184.24084pt x 118.22539pt.
 [16

 <./Tikz/pdf/plot_sin_comp_amplitude_phase04.pdf>]
File: Tikz/pdf/circ_zweitor_longpins.pdf Graphic file (type pdf)
<use Tikz/pdf/circ_zweitor_longpins.pdf>
Package pdftex.def Info: Tikz/pdf/circ_zweitor_longpins.pdf  used on input line 66.
(pdftex.def)             Requested size: 151.98242pt x 73.13202pt.
<Tikz/pdf/plot_sin_comp_amplitude_phase05.pdf, id=614, 184.24132pt x 118.2257pt>
File: Tikz/pdf/plot_sin_comp_amplitude_phase05.pdf Graphic file (type pdf)
<use Tikz/pdf/plot_sin_comp_amplitude_phase05.pdf>
Package pdftex.def Info: Tikz/pdf/plot_sin_comp_amplitude_phase05.pdf  used on input line 66.
(pdftex.def)             Requested size: 184.24084pt x 118.22539pt.
 [17

 <./Tikz/pdf/plot_sin_comp_amplitude_phase05.pdf>]
File: Tikz/pdf/circ_zweitor_longpins.pdf Graphic file (type pdf)
<use Tikz/pdf/circ_zweitor_longpins.pdf>
Package pdftex.def Info: Tikz/pdf/circ_zweitor_longpins.pdf  used on input line 66.
(pdftex.def)             Requested size: 151.98242pt x 73.13202pt.
<Tikz/pdf/plot_sin_comp_amplitude_phase06.pdf, id=654, 184.24132pt x 118.2257pt>
File: Tikz/pdf/plot_sin_comp_amplitude_phase06.pdf Graphic file (type pdf)
<use Tikz/pdf/plot_sin_comp_amplitude_phase06.pdf>
Package pdftex.def Info: Tikz/pdf/plot_sin_comp_amplitude_phase06.pdf  used on input line 66.
(pdftex.def)             Requested size: 184.24084pt x 118.22539pt.
 [18

 <./Tikz/pdf/plot_sin_comp_amplitude_phase06.pdf>]
File: Tikz/pdf/circ_zweitor_longpins.pdf Graphic file (type pdf)
<use Tikz/pdf/circ_zweitor_longpins.pdf>
Package pdftex.def Info: Tikz/pdf/circ_zweitor_longpins.pdf  used on input line 66.
(pdftex.def)             Requested size: 151.98242pt x 73.13202pt.
<Tikz/pdf/plot_sin_comp_amplitude_phase07.pdf, id=695, 184.24132pt x 118.2257pt>
File: Tikz/pdf/plot_sin_comp_amplitude_phase07.pdf Graphic file (type pdf)
<use Tikz/pdf/plot_sin_comp_amplitude_phase07.pdf>
Package pdftex.def Info: Tikz/pdf/plot_sin_comp_amplitude_phase07.pdf  used on input line 66.
(pdftex.def)             Requested size: 184.24084pt x 118.22539pt.
 [19

 <./Tikz/pdf/plot_sin_comp_amplitude_phase07.pdf>]
<Tikz/pdf/circ_zweitor.pdf, id=737, 115.81067pt x 73.13222pt>
File: Tikz/pdf/circ_zweitor.pdf Graphic file (type pdf)
<use Tikz/pdf/circ_zweitor.pdf>
Package pdftex.def Info: Tikz/pdf/circ_zweitor.pdf  used on input line 155.
(pdftex.def)             Requested size: 115.81038pt x 73.13202pt.
 [20

 <./Tikz/pdf/circ_zweitor.pdf>]
File: Tikz/pdf/circ_zweitor.pdf Graphic file (type pdf)
<use Tikz/pdf/circ_zweitor.pdf>
Package pdftex.def Info: Tikz/pdf/circ_zweitor.pdf  used on input line 155.
(pdftex.def)             Requested size: 115.81038pt x 73.13202pt.
 [21

]
File: Tikz/pdf/circ_zweitor.pdf Graphic file (type pdf)
<use Tikz/pdf/circ_zweitor.pdf>
Package pdftex.def Info: Tikz/pdf/circ_zweitor.pdf  used on input line 155.
(pdftex.def)             Requested size: 115.81038pt x 73.13202pt.
 [22

]
File: Tikz/pdf/circ_zweitor.pdf Graphic file (type pdf)
<use Tikz/pdf/circ_zweitor.pdf>
Package pdftex.def Info: Tikz/pdf/circ_zweitor.pdf  used on input line 155.
(pdftex.def)             Requested size: 115.81038pt x 73.13202pt.
 [23

]
File: Tikz/pdf/circ_zweitor.pdf Graphic file (type pdf)
<use Tikz/pdf/circ_zweitor.pdf>
Package pdftex.def Info: Tikz/pdf/circ_zweitor.pdf  used on input line 155.
(pdftex.def)             Requested size: 115.81038pt x 73.13202pt.
 [24

]
<Tikz/pdf/circ_tiefpass_rc_annotated.pdf, id=783, 158.49011pt x 94.47093pt>
File: Tikz/pdf/circ_tiefpass_rc_annotated.pdf Graphic file (type pdf)
<use Tikz/pdf/circ_tiefpass_rc_annotated.pdf>
Package pdftex.def Info: Tikz/pdf/circ_tiefpass_rc_annotated.pdf  used on input line 348.
(pdftex.def)             Requested size: 158.4897pt x 94.47069pt.
 [25

 <./Tikz/pdf/circ_tiefpass_rc_annotated.pdf>]
File: Tikz/pdf/circ_tiefpass_rc_annotated.pdf Graphic file (type pdf)
<use Tikz/pdf/circ_tiefpass_rc_annotated.pdf>
Package pdftex.def Info: Tikz/pdf/circ_tiefpass_rc_annotated.pdf  used on input line 348.
(pdftex.def)             Requested size: 158.4897pt x 94.47069pt.
 [26

]
File: Tikz/pdf/circ_tiefpass_rc_annotated.pdf Graphic file (type pdf)
<use Tikz/pdf/circ_tiefpass_rc_annotated.pdf>
Package pdftex.def Info: Tikz/pdf/circ_tiefpass_rc_annotated.pdf  used on input line 348.
(pdftex.def)             Requested size: 158.4897pt x 94.47069pt.
 [27

]
File: Tikz/pdf/circ_tiefpass_rc_annotated.pdf Graphic file (type pdf)
<use Tikz/pdf/circ_tiefpass_rc_annotated.pdf>
Package pdftex.def Info: Tikz/pdf/circ_tiefpass_rc_annotated.pdf  used on input line 495.
(pdftex.def)             Requested size: 158.4897pt x 94.47069pt.
<Tikz/pdf/plot_tiefpass_mini_ampli_lin_samesize.pdf, id=815, 167.026pt x 62.46236pt>
File: Tikz/pdf/plot_tiefpass_mini_ampli_lin_samesize.pdf Graphic file (type pdf)
<use Tikz/pdf/plot_tiefpass_mini_ampli_lin_samesize.pdf>
Package pdftex.def Info: Tikz/pdf/plot_tiefpass_mini_ampli_lin_samesize.pdf  used on input line 495.
(pdftex.def)             Requested size: 167.02557pt x 62.46219pt.
<Tikz/pdf/plot_tiefpass_mini_phase_lin_samesize.pdf, id=816, 167.026pt x 62.46236pt>
File: Tikz/pdf/plot_tiefpass_mini_phase_lin_samesize.pdf Graphic file (type pdf)
<use Tikz/pdf/plot_tiefpass_mini_phase_lin_samesize.pdf>
Package pdftex.def Info: Tikz/pdf/plot_tiefpass_mini_phase_lin_samesize.pdf  used on input line 495.
(pdftex.def)             Requested size: 167.02557pt x 62.46219pt.
 [28

 <./Tikz/pdf/plot_tiefpass_mini_ampli_lin_samesize.pdf> <./Tikz/pdf/plot_tiefpass_mini_phase_lin_samesize.pdf>]
File: Tikz/pdf/circ_tiefpass_rc_annotated.pdf Graphic file (type pdf)
<use Tikz/pdf/circ_tiefpass_rc_annotated.pdf>
Package pdftex.def Info: Tikz/pdf/circ_tiefpass_rc_annotated.pdf  used on input line 495.
(pdftex.def)             Requested size: 158.4897pt x 94.47069pt.
File: Tikz/pdf/plot_tiefpass_mini_ampli_lin_samesize.pdf Graphic file (type pdf)
<use Tikz/pdf/plot_tiefpass_mini_ampli_lin_samesize.pdf>
Package pdftex.def Info: Tikz/pdf/plot_tiefpass_mini_ampli_lin_samesize.pdf  used on input line 495.
(pdftex.def)             Requested size: 167.02557pt x 62.46219pt.
File: Tikz/pdf/plot_tiefpass_mini_phase_lin_samesize.pdf Graphic file (type pdf)
<use Tikz/pdf/plot_tiefpass_mini_phase_lin_samesize.pdf>
Package pdftex.def Info: Tikz/pdf/plot_tiefpass_mini_phase_lin_samesize.pdf  used on input line 495.
(pdftex.def)             Requested size: 167.02557pt x 62.46219pt.
 [29

]
File: Tikz/pdf/circ_tiefpass_rc_annotated.pdf Graphic file (type pdf)
<use Tikz/pdf/circ_tiefpass_rc_annotated.pdf>
Package pdftex.def Info: Tikz/pdf/circ_tiefpass_rc_annotated.pdf  used on input line 495.
(pdftex.def)             Requested size: 158.4897pt x 94.47069pt.
File: Tikz/pdf/plot_tiefpass_mini_ampli_lin_samesize.pdf Graphic file (type pdf)
<use Tikz/pdf/plot_tiefpass_mini_ampli_lin_samesize.pdf>
Package pdftex.def Info: Tikz/pdf/plot_tiefpass_mini_ampli_lin_samesize.pdf  used on input line 495.
(pdftex.def)             Requested size: 167.02557pt x 62.46219pt.
File: Tikz/pdf/plot_tiefpass_mini_phase_lin_samesize.pdf Graphic file (type pdf)
<use Tikz/pdf/plot_tiefpass_mini_phase_lin_samesize.pdf>
Package pdftex.def Info: Tikz/pdf/plot_tiefpass_mini_phase_lin_samesize.pdf  used on input line 495.
(pdftex.def)             Requested size: 167.02557pt x 62.46219pt.
 [30

]
File: Tikz/pdf/circ_tiefpass_rc_annotated.pdf Graphic file (type pdf)
<use Tikz/pdf/circ_tiefpass_rc_annotated.pdf>
Package pdftex.def Info: Tikz/pdf/circ_tiefpass_rc_annotated.pdf  used on input line 495.
(pdftex.def)             Requested size: 158.4897pt x 94.47069pt.
File: Tikz/pdf/plot_tiefpass_mini_ampli_lin_samesize.pdf Graphic file (type pdf)
<use Tikz/pdf/plot_tiefpass_mini_ampli_lin_samesize.pdf>
Package pdftex.def Info: Tikz/pdf/plot_tiefpass_mini_ampli_lin_samesize.pdf  used on input line 495.
(pdftex.def)             Requested size: 167.02557pt x 62.46219pt.
File: Tikz/pdf/plot_tiefpass_mini_phase_lin_samesize.pdf Graphic file (type pdf)
<use Tikz/pdf/plot_tiefpass_mini_phase_lin_samesize.pdf>
Package pdftex.def Info: Tikz/pdf/plot_tiefpass_mini_phase_lin_samesize.pdf  used on input line 495.
(pdftex.def)             Requested size: 167.02557pt x 62.46219pt.
 [31

]
File: Tikz/pdf/circ_tiefpass_rc_annotated.pdf Graphic file (type pdf)
<use Tikz/pdf/circ_tiefpass_rc_annotated.pdf>
Package pdftex.def Info: Tikz/pdf/circ_tiefpass_rc_annotated.pdf  used on input line 495.
(pdftex.def)             Requested size: 158.4897pt x 94.47069pt.
File: Tikz/pdf/plot_tiefpass_mini_ampli_lin_samesize.pdf Graphic file (type pdf)
<use Tikz/pdf/plot_tiefpass_mini_ampli_lin_samesize.pdf>
Package pdftex.def Info: Tikz/pdf/plot_tiefpass_mini_ampli_lin_samesize.pdf  used on input line 495.
(pdftex.def)             Requested size: 167.02557pt x 62.46219pt.
File: Tikz/pdf/plot_tiefpass_mini_phase_lin_samesize.pdf Graphic file (type pdf)
<use Tikz/pdf/plot_tiefpass_mini_phase_lin_samesize.pdf>
Package pdftex.def Info: Tikz/pdf/plot_tiefpass_mini_phase_lin_samesize.pdf  used on input line 495.
(pdftex.def)             Requested size: 167.02557pt x 62.46219pt.
 [32

]
File: Tikz/pdf/circ_tiefpass_rc_annotated.pdf Graphic file (type pdf)
<use Tikz/pdf/circ_tiefpass_rc_annotated.pdf>
Package pdftex.def Info: Tikz/pdf/circ_tiefpass_rc_annotated.pdf  used on input line 495.
(pdftex.def)             Requested size: 158.4897pt x 94.47069pt.
File: Tikz/pdf/plot_tiefpass_mini_ampli_lin_samesize.pdf Graphic file (type pdf)
<use Tikz/pdf/plot_tiefpass_mini_ampli_lin_samesize.pdf>
Package pdftex.def Info: Tikz/pdf/plot_tiefpass_mini_ampli_lin_samesize.pdf  used on input line 495.
(pdftex.def)             Requested size: 167.02557pt x 62.46219pt.
File: Tikz/pdf/plot_tiefpass_mini_phase_lin_samesize.pdf Graphic file (type pdf)
<use Tikz/pdf/plot_tiefpass_mini_phase_lin_samesize.pdf>
Package pdftex.def Info: Tikz/pdf/plot_tiefpass_mini_phase_lin_samesize.pdf  used on input line 495.
(pdftex.def)             Requested size: 167.02557pt x 62.46219pt.
 [33

]
<Tikz/pdf/circ_hochpass_rc_annotated.pdf, id=889, 158.49011pt x 94.47093pt>
File: Tikz/pdf/circ_hochpass_rc_annotated.pdf Graphic file (type pdf)
<use Tikz/pdf/circ_hochpass_rc_annotated.pdf>
Package pdftex.def Info: Tikz/pdf/circ_hochpass_rc_annotated.pdf  used on input line 594.
(pdftex.def)             Requested size: 158.4897pt x 94.47069pt.
 [34

 <./Tikz/pdf/circ_hochpass_rc_annotated.pdf>]
File: Tikz/pdf/circ_hochpass_rc_annotated.pdf Graphic file (type pdf)
<use Tikz/pdf/circ_hochpass_rc_annotated.pdf>
Package pdftex.def Info: Tikz/pdf/circ_hochpass_rc_annotated.pdf  used on input line 693.
(pdftex.def)             Requested size: 158.4897pt x 94.47069pt.
<Tikz/pdf/plot_hochpass_mini_ampli_lin_samesize.pdf, id=907, 167.026pt x 62.46236pt>
File: Tikz/pdf/plot_hochpass_mini_ampli_lin_samesize.pdf Graphic file (type pdf)
<use Tikz/pdf/plot_hochpass_mini_ampli_lin_samesize.pdf>
Package pdftex.def Info: Tikz/pdf/plot_hochpass_mini_ampli_lin_samesize.pdf  used on input line 693.
(pdftex.def)             Requested size: 167.02557pt x 62.46219pt.
<Tikz/pdf/plot_hochpass_mini_phase_lin_samesize.pdf, id=908, 167.026pt x 62.46236pt>
File: Tikz/pdf/plot_hochpass_mini_phase_lin_samesize.pdf Graphic file (type pdf)
<use Tikz/pdf/plot_hochpass_mini_phase_lin_samesize.pdf>
Package pdftex.def Info: Tikz/pdf/plot_hochpass_mini_phase_lin_samesize.pdf  used on input line 693.
(pdftex.def)             Requested size: 167.02557pt x 62.46219pt.

Overfull \vbox (2.786pt too high) detected at line 693
 []

[35

 <./Tikz/pdf/plot_hochpass_mini_ampli_lin_samesize.pdf> <./Tikz/pdf/plot_hochpass_mini_phase_lin_samesize.pdf>]

Package hyperref Warning: Token not allowed in a PDF string (Unicode):
(hyperref)                removing `math shift' on input line 698.


Package hyperref Warning: Token not allowed in a PDF string (Unicode):
(hyperref)                removing `math shift' on input line 698.


Package hyperref Warning: Token not allowed in a PDF string (Unicode):
(hyperref)                removing `math shift' on input line 698.


Package hyperref Warning: Token not allowed in a PDF string (Unicode):
(hyperref)                removing `math shift' on input line 698.

<Tikz/pdf/circ_tiefpass_rl_annotated.pdf, id=945, 158.49011pt x 94.47093pt>
File: Tikz/pdf/circ_tiefpass_rl_annotated.pdf Graphic file (type pdf)
<use Tikz/pdf/circ_tiefpass_rl_annotated.pdf>
Package pdftex.def Info: Tikz/pdf/circ_tiefpass_rl_annotated.pdf  used on input line 775.
(pdftex.def)             Requested size: 158.4897pt x 94.47069pt.
<Tikz/pdf/circ_hochpass_rl_annotated.pdf, id=946, 158.49011pt x 94.47093pt>
File: Tikz/pdf/circ_hochpass_rl_annotated.pdf Graphic file (type pdf)
<use Tikz/pdf/circ_hochpass_rl_annotated.pdf>
Package pdftex.def Info: Tikz/pdf/circ_hochpass_rl_annotated.pdf  used on input line 775.
(pdftex.def)             Requested size: 158.4897pt x 94.47069pt.
File: Tikz/pdf/circ_tiefpass_rc_annotated.pdf Graphic file (type pdf)
<use Tikz/pdf/circ_tiefpass_rc_annotated.pdf>
Package pdftex.def Info: Tikz/pdf/circ_tiefpass_rc_annotated.pdf  used on input line 775.
(pdftex.def)             Requested size: 158.4897pt x 94.47069pt.
File: Tikz/pdf/circ_hochpass_rc_annotated.pdf Graphic file (type pdf)
<use Tikz/pdf/circ_hochpass_rc_annotated.pdf>
Package pdftex.def Info: Tikz/pdf/circ_hochpass_rc_annotated.pdf  used on input line 775.
(pdftex.def)             Requested size: 158.4897pt x 94.47069pt.

Overfull \hbox (5.18184pt too wide) in paragraph at lines 775--775
 []$[]$ 
 []

[36

 <./Tikz/pdf/circ_tiefpass_rl_annotated.pdf> <./Tikz/pdf/circ_hochpass_rl_annotated.pdf>]
<Tikz/pdf/circ_aufgabe_filter.pdf, id=974, 189.54112pt x 119.39706pt>
File: Tikz/pdf/circ_aufgabe_filter.pdf Graphic file (type pdf)
<use Tikz/pdf/circ_aufgabe_filter.pdf>
Package pdftex.def Info: Tikz/pdf/circ_aufgabe_filter.pdf  used on input line 810.
(pdftex.def)             Requested size: 189.54065pt x 119.39676pt.

Overfull \hbox (14.2707pt too wide) in paragraph at lines 810--810
 [] 
 []


Overfull \hbox (8.28204pt too wide) detected at line 810
[]
 []


Underfull \hbox (badness 10000) in paragraph at lines 810--810

 []


Underfull \hbox (badness 10000) in paragraph at lines 810--810

 []

[37

 <./Tikz/pdf/circ_aufgabe_filter.pdf>]
Missing character: There is no ; in font nullfont!
Missing character: There is no ; in font nullfont!
Missing character: There is no ; in font nullfont!
Missing character: There is no ; in font nullfont!

Underfull \hbox (badness 10000) in paragraph at lines 939--939

 []


Underfull \hbox (badness 10000) in paragraph at lines 939--939

 []


Underfull \hbox (badness 10000) in paragraph at lines 939--939

 []


Underfull \hbox (badness 10000) in paragraph at lines 939--939

 []


Underfull \hbox (badness 10000) in paragraph at lines 939--939

 []


Underfull \hbox (badness 10000) in paragraph at lines 939--939

 []

<Tikz/pdf/plot_beispiel_filter_amplitudengang_lin.pdf, id=992, 185.02124pt x 106.28407pt>
File: Tikz/pdf/plot_beispiel_filter_amplitudengang_lin.pdf Graphic file (type pdf)
<use Tikz/pdf/plot_beispiel_filter_amplitudengang_lin.pdf>
Package pdftex.def Info: Tikz/pdf/plot_beispiel_filter_amplitudengang_lin.pdf  used on input line 939.
(pdftex.def)             Requested size: 185.02077pt x 106.2838pt.
<Tikz/pdf/plot_beispiel_filter_phasengang_lin.pdf, id=993, 185.02124pt x 99.66335pt>
File: Tikz/pdf/plot_beispiel_filter_phasengang_lin.pdf Graphic file (type pdf)
<use Tikz/pdf/plot_beispiel_filter_phasengang_lin.pdf>
Package pdftex.def Info: Tikz/pdf/plot_beispiel_filter_phasengang_lin.pdf  used on input line 939.
(pdftex.def)             Requested size: 185.02077pt x 99.66309pt.

Underfull \hbox (badness 10000) in paragraph at lines 939--939
[][]
 []


Overfull \hbox (18.8803pt too wide) detected at line 939
[]
 []

[38

] [39


] [40


 <./Tikz/pdf/plot_beispiel_filter_amplitudengang_lin.pdf> <./Tikz/pdf/plot_beispiel_filter_phasengang_lin.pdf>] [41


]) (./Kapitel2.tex [42

]
<Bilder/xkcd_482_height_logaxis_large_scales_cc-2.5-by-sa.png, id=1069, 478.4274pt x 1912.9869pt>
File: Bilder/xkcd_482_height_logaxis_large_scales_cc-2.5-by-sa.png Graphic file (type png)
<use Bilder/xkcd_482_height_logaxis_large_scales_cc-2.5-by-sa.png>
Package pdftex.def Info: Bilder/xkcd_482_height_logaxis_large_scales_cc-2.5-by-sa.png  used on input line 73.
(pdftex.def)             Requested size: 478.42622pt x 1912.98225pt.

Overfull \vbox (25.66103pt too high) detected at line 73
 []

[43

 <./Bilder/xkcd_482_height_logaxis_large_scales_cc-2.5-by-sa.png>]
File: Bilder/xkcd_482_height_logaxis_large_scales_cc-2.5-by-sa.png Graphic file (type png)
<use Bilder/xkcd_482_height_logaxis_large_scales_cc-2.5-by-sa.png>
Package pdftex.def Info: Bilder/xkcd_482_height_logaxis_large_scales_cc-2.5-by-sa.png  used on input line 73.
(pdftex.def)             Requested size: 478.42622pt x 1912.98225pt.

Overfull \vbox (25.66103pt too high) detected at line 73
 []

[44

]
File: Bilder/xkcd_482_height_logaxis_large_scales_cc-2.5-by-sa.png Graphic file (type png)
<use Bilder/xkcd_482_height_logaxis_large_scales_cc-2.5-by-sa.png>
Package pdftex.def Info: Bilder/xkcd_482_height_logaxis_large_scales_cc-2.5-by-sa.png  used on input line 73.
(pdftex.def)             Requested size: 478.42622pt x 1912.98225pt.
<Bilder/xkcd_485_depth_logaxis_small_scales_cc-2.5-by-sa.png, id=1087, 378.51413pt x 1851.91875pt>
File: Bilder/xkcd_485_depth_logaxis_small_scales_cc-2.5-by-sa.png Graphic file (type png)
<use Bilder/xkcd_485_depth_logaxis_small_scales_cc-2.5-by-sa.png>
Package pdftex.def Info: Bilder/xkcd_485_depth_logaxis_small_scales_cc-2.5-by-sa.png  used on input line 73.
(pdftex.def)             Requested size: 378.5132pt x 1851.91425pt.

Overfull \vbox (25.6665pt too high) detected at line 73
 []

[45

 <./Bilder/xkcd_485_depth_logaxis_small_scales_cc-2.5-by-sa.png>]
File: Bilder/xkcd_485_depth_logaxis_small_scales_cc-2.5-by-sa.png Graphic file (type png)
<use Bilder/xkcd_485_depth_logaxis_small_scales_cc-2.5-by-sa.png>
Package pdftex.def Info: Bilder/xkcd_485_depth_logaxis_small_scales_cc-2.5-by-sa.png  used on input line 73.
(pdftex.def)             Requested size: 378.5132pt x 1851.91425pt.

Overfull \vbox (25.66652pt too high) detected at line 73
 []

[46

]
File: Bilder/xkcd_485_depth_logaxis_small_scales_cc-2.5-by-sa.png Graphic file (type png)
<use Bilder/xkcd_485_depth_logaxis_small_scales_cc-2.5-by-sa.png>
Package pdftex.def Info: Bilder/xkcd_485_depth_logaxis_small_scales_cc-2.5-by-sa.png  used on input line 73.
(pdftex.def)             Requested size: 378.5132pt x 1851.91425pt.

Overfull \vbox (25.6665pt too high) detected at line 73
 []

[47

]
<Tikz/pdf/plot_potenzfunktionen_lin_scale.pdf, id=1109, 235.31212pt x 187.62697pt>
File: Tikz/pdf/plot_potenzfunktionen_lin_scale.pdf Graphic file (type pdf)
<use Tikz/pdf/plot_potenzfunktionen_lin_scale.pdf>
Package pdftex.def Info: Tikz/pdf/plot_potenzfunktionen_lin_scale.pdf  used on input line 136.
(pdftex.def)             Requested size: 235.31154pt x 187.6265pt.
<Tikz/pdf/plot_potenzfunktionen_log_scale.pdf, id=1110, 236.0298pt x 188.47514pt>
File: Tikz/pdf/plot_potenzfunktionen_log_scale.pdf Graphic file (type pdf)
<use Tikz/pdf/plot_potenzfunktionen_log_scale.pdf>
Package pdftex.def Info: Tikz/pdf/plot_potenzfunktionen_log_scale.pdf  used on input line 136.
(pdftex.def)             Requested size: 236.0292pt x 188.47467pt.
 [48

 <./Tikz/pdf/plot_potenzfunktionen_lin_scale.pdf> <./Tikz/pdf/plot_potenzfunktionen_log_scale.pdf>] [49

]
Overfull \hbox (21.93166pt too wide) detected at line 392
[][]
 []

<Tikz/pdf/plot_tiefpass_mini_ampli_lin_bereiche.pdf, id=1174, 196.61255pt x 98.73889pt>
File: Tikz/pdf/plot_tiefpass_mini_ampli_lin_bereiche.pdf Graphic file (type pdf)
<use Tikz/pdf/plot_tiefpass_mini_ampli_lin_bereiche.pdf>
Package pdftex.def Info: Tikz/pdf/plot_tiefpass_mini_ampli_lin_bereiche.pdf  used on input line 392.
(pdftex.def)             Requested size: 196.61205pt x 98.73863pt.

Overfull \hbox (7.44275pt too wide) in paragraph at lines 392--392
 [][] 
 []

[50

 <./Tikz/pdf/plot_tiefpass_mini_ampli_lin_bereiche.pdf>]
Overfull \hbox (21.93166pt too wide) detected at line 392
[][]
 []

File: Tikz/pdf/plot_tiefpass_mini_ampli_lin_bereiche.pdf Graphic file (type pdf)
<use Tikz/pdf/plot_tiefpass_mini_ampli_lin_bereiche.pdf>
Package pdftex.def Info: Tikz/pdf/plot_tiefpass_mini_ampli_lin_bereiche.pdf  used on input line 392.
(pdftex.def)             Requested size: 196.61205pt x 98.73863pt.

Overfull \hbox (7.44275pt too wide) in paragraph at lines 392--392
 [][] 
 []

[51

]
Overfull \hbox (21.93166pt too wide) detected at line 392
[][]
 []

File: Tikz/pdf/plot_tiefpass_mini_ampli_lin_bereiche.pdf Graphic file (type pdf)
<use Tikz/pdf/plot_tiefpass_mini_ampli_lin_bereiche.pdf>
Package pdftex.def Info: Tikz/pdf/plot_tiefpass_mini_ampli_lin_bereiche.pdf  used on input line 392.
(pdftex.def)             Requested size: 196.61205pt x 98.73863pt.

Overfull \hbox (7.44275pt too wide) in paragraph at lines 392--392
 [][][] 
 []

[52

]
File: Tikz/pdf/circ_tiefpass_rc_annotated.pdf Graphic file (type pdf)
<use Tikz/pdf/circ_tiefpass_rc_annotated.pdf>
Package pdftex.def Info: Tikz/pdf/circ_tiefpass_rc_annotated.pdf  used on input line 518.
(pdftex.def)             Requested size: 158.4897pt x 94.47069pt.

Overfull \hbox (10.86813pt too wide) detected at line 518
[]
 []

<Tikz/pdf/plot_tiefpass_detail_amplitudengang_log.pdf, id=1217, 195.4773pt x 98.73889pt>
File: Tikz/pdf/plot_tiefpass_detail_amplitudengang_log.pdf Graphic file (type pdf)
<use Tikz/pdf/plot_tiefpass_detail_amplitudengang_log.pdf>
Package pdftex.def Info: Tikz/pdf/plot_tiefpass_detail_amplitudengang_log.pdf  used on input line 518.
(pdftex.def)             Requested size: 195.4768pt x 98.73863pt.
<Tikz/pdf/plot_tiefpass_detail_phasengang_log.pdf, id=1218, 195.4773pt x 98.73889pt>
File: Tikz/pdf/plot_tiefpass_detail_phasengang_log.pdf Graphic file (type pdf)
<use Tikz/pdf/plot_tiefpass_detail_phasengang_log.pdf>
Package pdftex.def Info: Tikz/pdf/plot_tiefpass_detail_phasengang_log.pdf  used on input line 518.
(pdftex.def)             Requested size: 195.4768pt x 98.73863pt.

Overfull \hbox (6.30751pt too wide) in paragraph at lines 518--518
 [][][][] 
 []


Overfull \hbox (6.30751pt too wide) in paragraph at lines 518--518
 [][] 
 []

[53

 <./Tikz/pdf/plot_tiefpass_detail_amplitudengang_log.pdf> <./Tikz/pdf/plot_tiefpass_detail_phasengang_log.pdf>]
File: Tikz/pdf/circ_tiefpass_rc_annotated.pdf Graphic file (type pdf)
<use Tikz/pdf/circ_tiefpass_rc_annotated.pdf>
Package pdftex.def Info: Tikz/pdf/circ_tiefpass_rc_annotated.pdf  used on input line 518.
(pdftex.def)             Requested size: 158.4897pt x 94.47069pt.

Overfull \hbox (10.86813pt too wide) detected at line 518
[]
 []

File: Tikz/pdf/plot_tiefpass_detail_amplitudengang_log.pdf Graphic file (type pdf)
<use Tikz/pdf/plot_tiefpass_detail_amplitudengang_log.pdf>
Package pdftex.def Info: Tikz/pdf/plot_tiefpass_detail_amplitudengang_log.pdf  used on input line 518.
(pdftex.def)             Requested size: 195.4768pt x 98.73863pt.
File: Tikz/pdf/plot_tiefpass_detail_phasengang_log.pdf Graphic file (type pdf)
<use Tikz/pdf/plot_tiefpass_detail_phasengang_log.pdf>
Package pdftex.def Info: Tikz/pdf/plot_tiefpass_detail_phasengang_log.pdf  used on input line 518.
(pdftex.def)             Requested size: 195.4768pt x 98.73863pt.

Overfull \hbox (6.30751pt too wide) in paragraph at lines 518--518
 [][][][] 
 []


Overfull \hbox (6.30751pt too wide) in paragraph at lines 518--518
 [][] 
 []

[54

]
File: Tikz/pdf/circ_tiefpass_rc_annotated.pdf Graphic file (type pdf)
<use Tikz/pdf/circ_tiefpass_rc_annotated.pdf>
Package pdftex.def Info: Tikz/pdf/circ_tiefpass_rc_annotated.pdf  used on input line 518.
(pdftex.def)             Requested size: 158.4897pt x 94.47069pt.

Overfull \hbox (10.86813pt too wide) detected at line 518
[]
 []

File: Tikz/pdf/plot_tiefpass_detail_amplitudengang_log.pdf Graphic file (type pdf)
<use Tikz/pdf/plot_tiefpass_detail_amplitudengang_log.pdf>
Package pdftex.def Info: Tikz/pdf/plot_tiefpass_detail_amplitudengang_log.pdf  used on input line 518.
(pdftex.def)             Requested size: 195.4768pt x 98.73863pt.
File: Tikz/pdf/plot_tiefpass_detail_phasengang_log.pdf Graphic file (type pdf)
<use Tikz/pdf/plot_tiefpass_detail_phasengang_log.pdf>
Package pdftex.def Info: Tikz/pdf/plot_tiefpass_detail_phasengang_log.pdf  used on input line 518.
(pdftex.def)             Requested size: 195.4768pt x 98.73863pt.

Overfull \hbox (6.30751pt too wide) in paragraph at lines 518--518
 [][][][] 
 []


Overfull \hbox (6.30751pt too wide) in paragraph at lines 518--518
 [][] 
 []

[55

]
File: Tikz/pdf/circ_tiefpass_rc_annotated.pdf Graphic file (type pdf)
<use Tikz/pdf/circ_tiefpass_rc_annotated.pdf>
Package pdftex.def Info: Tikz/pdf/circ_tiefpass_rc_annotated.pdf  used on input line 518.
(pdftex.def)             Requested size: 158.4897pt x 94.47069pt.

Overfull \hbox (10.86813pt too wide) detected at line 518
[]
 []

File: Tikz/pdf/plot_tiefpass_detail_amplitudengang_log.pdf Graphic file (type pdf)
<use Tikz/pdf/plot_tiefpass_detail_amplitudengang_log.pdf>
Package pdftex.def Info: Tikz/pdf/plot_tiefpass_detail_amplitudengang_log.pdf  used on input line 518.
(pdftex.def)             Requested size: 195.4768pt x 98.73863pt.
File: Tikz/pdf/plot_tiefpass_detail_phasengang_log.pdf Graphic file (type pdf)
<use Tikz/pdf/plot_tiefpass_detail_phasengang_log.pdf>
Package pdftex.def Info: Tikz/pdf/plot_tiefpass_detail_phasengang_log.pdf  used on input line 518.
(pdftex.def)             Requested size: 195.4768pt x 98.73863pt.

Overfull \hbox (6.30751pt too wide) in paragraph at lines 518--518
 [][][][] 
 []


Overfull \hbox (6.30751pt too wide) in paragraph at lines 518--518
 [][] 
 []

[56

]
File: Tikz/pdf/circ_tiefpass_rc_annotated.pdf Graphic file (type pdf)
<use Tikz/pdf/circ_tiefpass_rc_annotated.pdf>
Package pdftex.def Info: Tikz/pdf/circ_tiefpass_rc_annotated.pdf  used on input line 518.
(pdftex.def)             Requested size: 158.4897pt x 94.47069pt.

Overfull \hbox (11.01892pt too wide) detected at line 518
[]
 []

File: Tikz/pdf/plot_tiefpass_detail_amplitudengang_log.pdf Graphic file (type pdf)
<use Tikz/pdf/plot_tiefpass_detail_amplitudengang_log.pdf>
Package pdftex.def Info: Tikz/pdf/plot_tiefpass_detail_amplitudengang_log.pdf  used on input line 518.
(pdftex.def)             Requested size: 195.4768pt x 98.73863pt.
File: Tikz/pdf/plot_tiefpass_detail_phasengang_log.pdf Graphic file (type pdf)
<use Tikz/pdf/plot_tiefpass_detail_phasengang_log.pdf>
Package pdftex.def Info: Tikz/pdf/plot_tiefpass_detail_phasengang_log.pdf  used on input line 518.
(pdftex.def)             Requested size: 195.4768pt x 98.73863pt.

Overfull \hbox (6.30751pt too wide) in paragraph at lines 518--518
 [][][][] 
 []


Overfull \hbox (6.30751pt too wide) in paragraph at lines 518--518
 [][] 
 []

[57

]
File: Tikz/pdf/circ_tiefpass_rc_annotated.pdf Graphic file (type pdf)
<use Tikz/pdf/circ_tiefpass_rc_annotated.pdf>
Package pdftex.def Info: Tikz/pdf/circ_tiefpass_rc_annotated.pdf  used on input line 518.
(pdftex.def)             Requested size: 158.4897pt x 94.47069pt.

Overfull \hbox (11.01892pt too wide) detected at line 518
[]
 []

File: Tikz/pdf/plot_tiefpass_detail_amplitudengang_log.pdf Graphic file (type pdf)
<use Tikz/pdf/plot_tiefpass_detail_amplitudengang_log.pdf>
Package pdftex.def Info: Tikz/pdf/plot_tiefpass_detail_amplitudengang_log.pdf  used on input line 518.
(pdftex.def)             Requested size: 195.4768pt x 98.73863pt.
File: Tikz/pdf/plot_tiefpass_detail_phasengang_log.pdf Graphic file (type pdf)
<use Tikz/pdf/plot_tiefpass_detail_phasengang_log.pdf>
Package pdftex.def Info: Tikz/pdf/plot_tiefpass_detail_phasengang_log.pdf  used on input line 518.
(pdftex.def)             Requested size: 195.4768pt x 98.73863pt.

Overfull \hbox (6.30751pt too wide) in paragraph at lines 518--518
 [][][][][] 
 []


Overfull \hbox (6.30751pt too wide) in paragraph at lines 518--518
 [][] 
 []

[58

]
File: Tikz/pdf/circ_tiefpass_rc_annotated.pdf Graphic file (type pdf)
<use Tikz/pdf/circ_tiefpass_rc_annotated.pdf>
Package pdftex.def Info: Tikz/pdf/circ_tiefpass_rc_annotated.pdf  used on input line 518.
(pdftex.def)             Requested size: 158.4897pt x 94.47069pt.

Overfull \hbox (11.01892pt too wide) detected at line 518
[]
 []

File: Tikz/pdf/plot_tiefpass_detail_amplitudengang_log.pdf Graphic file (type pdf)
<use Tikz/pdf/plot_tiefpass_detail_amplitudengang_log.pdf>
Package pdftex.def Info: Tikz/pdf/plot_tiefpass_detail_amplitudengang_log.pdf  used on input line 518.
(pdftex.def)             Requested size: 195.4768pt x 98.73863pt.
File: Tikz/pdf/plot_tiefpass_detail_phasengang_log.pdf Graphic file (type pdf)
<use Tikz/pdf/plot_tiefpass_detail_phasengang_log.pdf>
Package pdftex.def Info: Tikz/pdf/plot_tiefpass_detail_phasengang_log.pdf  used on input line 518.
(pdftex.def)             Requested size: 195.4768pt x 98.73863pt.

Overfull \hbox (6.30751pt too wide) in paragraph at lines 518--518
 [][][][][][] 
 []


Overfull \hbox (6.30751pt too wide) in paragraph at lines 518--518
 [][][] 
 []

[59

]
<Tikz/pdf/plot_tiefpass_minimal_amplitudengang_linear3.pdf, id=1307, 195.4773pt x 98.73889pt>
File: Tikz/pdf/plot_tiefpass_minimal_amplitudengang_linear3.pdf Graphic file (type pdf)
<use Tikz/pdf/plot_tiefpass_minimal_amplitudengang_linear3.pdf>
Package pdftex.def Info: Tikz/pdf/plot_tiefpass_minimal_amplitudengang_linear3.pdf  used on input line 578.
(pdftex.def)             Requested size: 195.4768pt x 98.73863pt.
<Tikz/pdf/plot_tiefpass_minimal_phasengang_linear3.pdf, id=1308, 195.4773pt x 98.73889pt>
File: Tikz/pdf/plot_tiefpass_minimal_phasengang_linear3.pdf Graphic file (type pdf)
<use Tikz/pdf/plot_tiefpass_minimal_phasengang_linear3.pdf>
Package pdftex.def Info: Tikz/pdf/plot_tiefpass_minimal_phasengang_linear3.pdf  used on input line 578.
(pdftex.def)             Requested size: 195.4768pt x 98.73863pt.

Overfull \hbox (6.30751pt too wide) in paragraph at lines 578--578
 [][] 
 []


Overfull \hbox (6.30751pt too wide) in paragraph at lines 578--578
 [] 
 []

File: Tikz/pdf/plot_tiefpass_detail_amplitudengang_log.pdf Graphic file (type pdf)
<use Tikz/pdf/plot_tiefpass_detail_amplitudengang_log.pdf>
Package pdftex.def Info: Tikz/pdf/plot_tiefpass_detail_amplitudengang_log.pdf  used on input line 578.
(pdftex.def)             Requested size: 195.4768pt x 98.73863pt.
File: Tikz/pdf/plot_tiefpass_detail_phasengang_log.pdf Graphic file (type pdf)
<use Tikz/pdf/plot_tiefpass_detail_phasengang_log.pdf>
Package pdftex.def Info: Tikz/pdf/plot_tiefpass_detail_phasengang_log.pdf  used on input line 578.
(pdftex.def)             Requested size: 195.4768pt x 98.73863pt.

Overfull \hbox (6.30751pt too wide) in paragraph at lines 578--578
 [][] 
 []


Overfull \hbox (6.30751pt too wide) in paragraph at lines 578--578
 [] 
 []

[60

 <./Tikz/pdf/plot_tiefpass_minimal_amplitudengang_linear3.pdf> <./Tikz/pdf/plot_tiefpass_minimal_phasengang_linear3.pdf>]
<Tikz/pdf/plot_tiefpass_detail_amplitudengang_log_norm_detail.pdf, id=1358, 388.95514pt x 198.32294pt>
File: Tikz/pdf/plot_tiefpass_detail_amplitudengang_log_norm_detail.pdf Graphic file (type pdf)
<use Tikz/pdf/plot_tiefpass_detail_amplitudengang_log_norm_detail.pdf>
Package pdftex.def Info: Tikz/pdf/plot_tiefpass_detail_amplitudengang_log_norm_detail.pdf  used on input line 590.
(pdftex.def)             Requested size: 388.95418pt x 198.32243pt.
 [61

 <./Tikz/pdf/plot_tiefpass_detail_amplitudengang_log_norm_detail.pdf>]
<Tikz/pdf/plot_tiefpass_detail_phasengang_log_norm_detail.pdf, id=1403, 388.95514pt x 198.32294pt>
File: Tikz/pdf/plot_tiefpass_detail_phasengang_log_norm_detail.pdf Graphic file (type pdf)
<use Tikz/pdf/plot_tiefpass_detail_phasengang_log_norm_detail.pdf>
Package pdftex.def Info: Tikz/pdf/plot_tiefpass_detail_phasengang_log_norm_detail.pdf  used on input line 590.
(pdftex.def)             Requested size: 388.95418pt x 198.32243pt.
 [62

 <./Tikz/pdf/plot_tiefpass_detail_phasengang_log_norm_detail.pdf>]
<Tikz/pdf/plot_tiefpass_detail_amplitudengang_log_norm.pdf, id=1442, 195.4773pt x 98.73889pt>
File: Tikz/pdf/plot_tiefpass_detail_amplitudengang_log_norm.pdf Graphic file (type pdf)
<use Tikz/pdf/plot_tiefpass_detail_amplitudengang_log_norm.pdf>
Package pdftex.def Info: Tikz/pdf/plot_tiefpass_detail_amplitudengang_log_norm.pdf  used on input line 630.
(pdftex.def)             Requested size: 195.4768pt x 98.73863pt.
<Tikz/pdf/plot_tiefpass_detail_phasengang_log_norm.pdf, id=1443, 195.4773pt x 98.73889pt>
File: Tikz/pdf/plot_tiefpass_detail_phasengang_log_norm.pdf Graphic file (type pdf)
<use Tikz/pdf/plot_tiefpass_detail_phasengang_log_norm.pdf>
Package pdftex.def Info: Tikz/pdf/plot_tiefpass_detail_phasengang_log_norm.pdf  used on input line 630.
(pdftex.def)             Requested size: 195.4768pt x 98.73863pt.
<Tikz/pdf/plot_hochpass_detail_amplitudengang_log_norm.pdf, id=1444, 195.4773pt x 98.73889pt>
File: Tikz/pdf/plot_hochpass_detail_amplitudengang_log_norm.pdf Graphic file (type pdf)
<use Tikz/pdf/plot_hochpass_detail_amplitudengang_log_norm.pdf>
Package pdftex.def Info: Tikz/pdf/plot_hochpass_detail_amplitudengang_log_norm.pdf  used on input line 630.
(pdftex.def)             Requested size: 195.4768pt x 98.73863pt.
<Tikz/pdf/plot_hochpass_detail_phasengang_log_norm.pdf, id=1445, 195.4773pt x 98.73889pt>
File: Tikz/pdf/plot_hochpass_detail_phasengang_log_norm.pdf Graphic file (type pdf)
<use Tikz/pdf/plot_hochpass_detail_phasengang_log_norm.pdf>
Package pdftex.def Info: Tikz/pdf/plot_hochpass_detail_phasengang_log_norm.pdf  used on input line 630.
(pdftex.def)             Requested size: 195.4768pt x 98.73863pt.
 [63

 <./Tikz/pdf/plot_tiefpass_detail_amplitudengang_log_norm.pdf> <./Tikz/pdf/plot_tiefpass_detail_phasengang_log_norm.pdf> <./Tikz/pdf/plot_hochpass_detail_amplitudengang_log_norm.pdf> <./Tikz/pdf/plot_hochpass_detail_phasengang_log_norm.pdf>]
<Tikz/pdf/plot_bandpass_amplitudengang_no_xaxis_small.pdf, id=1554, 303.59724pt x 111.29579pt>
File: Tikz/pdf/plot_bandpass_amplitudengang_no_xaxis_small.pdf Graphic file (type pdf)
<use Tikz/pdf/plot_bandpass_amplitudengang_no_xaxis_small.pdf>
Package pdftex.def Info: Tikz/pdf/plot_bandpass_amplitudengang_no_xaxis_small.pdf  used on input line 768.
(pdftex.def)             Requested size: 303.5965pt x 111.2955pt.
<Tikz/pdf/plot_bandpass_phasengang_small.pdf, id=1555, 303.59724pt x 142.8005pt>
File: Tikz/pdf/plot_bandpass_phasengang_small.pdf Graphic file (type pdf)
<use Tikz/pdf/plot_bandpass_phasengang_small.pdf>
Package pdftex.def Info: Tikz/pdf/plot_bandpass_phasengang_small.pdf  used on input line 768.
(pdftex.def)             Requested size: 303.5965pt x 142.80014pt.
<Tikz/pdf/circ_bandpass_no_amp.pdf, id=1556, 262.48163pt x 94.47093pt>
File: Tikz/pdf/circ_bandpass_no_amp.pdf Graphic file (type pdf)
<use Tikz/pdf/circ_bandpass_no_amp.pdf>
Package pdftex.def Info: Tikz/pdf/circ_bandpass_no_amp.pdf  used on input line 768.
(pdftex.def)             Requested size: 262.48099pt x 94.47069pt.
 [64

 <./Tikz/pdf/plot_bandpass_amplitudengang_no_xaxis_small.pdf> <./Tikz/pdf/plot_bandpass_phasengang_small.pdf> <./Tikz/pdf/circ_bandpass_no_amp.pdf>]
<Tikz/pdf/plot_bandpass_amplitudengang.pdf, id=1618, 388.95514pt x 198.32294pt>
File: Tikz/pdf/plot_bandpass_amplitudengang.pdf Graphic file (type pdf)
<use Tikz/pdf/plot_bandpass_amplitudengang.pdf>
Package pdftex.def Info: Tikz/pdf/plot_bandpass_amplitudengang.pdf  used on input line 782.
(pdftex.def)             Requested size: 388.95418pt x 198.32243pt.
 [65

 <./Tikz/pdf/plot_bandpass_amplitudengang.pdf>]
<Tikz/pdf/plot_bandpass_phasengang.pdf, id=1644, 388.95514pt x 199.7091pt>
File: Tikz/pdf/plot_bandpass_phasengang.pdf Graphic file (type pdf)
<use Tikz/pdf/plot_bandpass_phasengang.pdf>
Package pdftex.def Info: Tikz/pdf/plot_bandpass_phasengang.pdf  used on input line 782.
(pdftex.def)             Requested size: 388.95418pt x 199.70862pt.
 [66

 <./Tikz/pdf/plot_bandpass_phasengang.pdf>]
<Tikz/pdf/plot_tiefpass_5_ord_amplitudengang_vergleich.pdf, id=1675, 390.77292pt x 231.54504pt>
File: Tikz/pdf/plot_tiefpass_5_ord_amplitudengang_vergleich.pdf Graphic file (type pdf)
<use Tikz/pdf/plot_tiefpass_5_ord_amplitudengang_vergleich.pdf>
Package pdftex.def Info: Tikz/pdf/plot_tiefpass_5_ord_amplitudengang_vergleich.pdf  used on input line 820.
(pdftex.def)             Requested size: 390.77196pt x 231.54446pt.
 [67

 <./Tikz/pdf/plot_tiefpass_5_ord_amplitudengang_vergleich.pdf>]) (./Kapitel3.tex [68

] [69

]
<Tikz/pdf/plot_stromortskurve_asynchronmaschine.pdf, id=1711, 257.61746pt x 241.91881pt>
File: Tikz/pdf/plot_stromortskurve_asynchronmaschine.pdf Graphic file (type pdf)
<use Tikz/pdf/plot_stromortskurve_asynchronmaschine.pdf>
Package pdftex.def Info: Tikz/pdf/plot_stromortskurve_asynchronmaschine.pdf  used on input line 79.
(pdftex.def)             Requested size: 257.61682pt x 241.9182pt.
 [70

 <./Tikz/pdf/plot_stromortskurve_asynchronmaschine.pdf>]
File: Tikz/pdf/plot_stromortskurve_asynchronmaschine.pdf Graphic file (type pdf)
<use Tikz/pdf/plot_stromortskurve_asynchronmaschine.pdf>
Package pdftex.def Info: Tikz/pdf/plot_stromortskurve_asynchronmaschine.pdf  used on input line 79.
(pdftex.def)             Requested size: 257.61682pt x 241.9182pt.
 [71

]
<Tikz/pdf/plot_stromortskurve_asynchronmaschine_leistung.pdf, id=1742, 257.61746pt x 241.91881pt>
File: Tikz/pdf/plot_stromortskurve_asynchronmaschine_leistung.pdf Graphic file (type pdf)
<use Tikz/pdf/plot_stromortskurve_asynchronmaschine_leistung.pdf>
Package pdftex.def Info: Tikz/pdf/plot_stromortskurve_asynchronmaschine_leistung.pdf  used on input line 79.
(pdftex.def)             Requested size: 257.61682pt x 241.9182pt.
 [72

 <./Tikz/pdf/plot_stromortskurve_asynchronmaschine_leistung.pdf>] [73

]

Package hyperref Warning: Token not allowed in a PDF string (Unicode):
(hyperref)                removing `math shift' on input line 236.


Package hyperref Warning: Token not allowed in a PDF string (Unicode):
(hyperref)                removing `math shift' on input line 236.

<Tikz/pdf/circ_rls_impedanzen.pdf, id=1779, 119.39706pt x 28.19133pt>
File: Tikz/pdf/circ_rls_impedanzen.pdf Graphic file (type pdf)
<use Tikz/pdf/circ_rls_impedanzen.pdf>
Package pdftex.def Info: Tikz/pdf/circ_rls_impedanzen.pdf  used on input line 236.
(pdftex.def)             Requested size: 119.39676pt x 28.19125pt.
<Tikz/pdf/plot_ortskurve_RLs_Rvar.pdf, id=1780, 160.10114pt x 143.69585pt>
File: Tikz/pdf/plot_ortskurve_RLs_Rvar.pdf Graphic file (type pdf)
<use Tikz/pdf/plot_ortskurve_RLs_Rvar.pdf>
Package pdftex.def Info: Tikz/pdf/plot_ortskurve_RLs_Rvar.pdf  used on input line 236.
(pdftex.def)             Requested size: 160.10074pt x 143.69548pt.
[74

 <./Tikz/pdf/circ_rls_impedanzen.pdf> <./Tikz/pdf/plot_ortskurve_RLs_Rvar.pdf>]

Package hyperref Warning: Token not allowed in a PDF string (Unicode):
(hyperref)                removing `math shift' on input line 236.


Package hyperref Warning: Token not allowed in a PDF string (Unicode):
(hyperref)                removing `\omega' on input line 236.


Package hyperref Warning: Token not allowed in a PDF string (Unicode):
(hyperref)                removing `math shift' on input line 236.

File: Tikz/pdf/circ_rls_impedanzen.pdf Graphic file (type pdf)
<use Tikz/pdf/circ_rls_impedanzen.pdf>
Package pdftex.def Info: Tikz/pdf/circ_rls_impedanzen.pdf  used on input line 236.
(pdftex.def)             Requested size: 119.39676pt x 28.19125pt.
<Tikz/pdf/plot_ortskurve_RLs_wLvar.pdf, id=1826, 160.10114pt x 143.69585pt>
File: Tikz/pdf/plot_ortskurve_RLs_wLvar.pdf Graphic file (type pdf)
<use Tikz/pdf/plot_ortskurve_RLs_wLvar.pdf>
Package pdftex.def Info: Tikz/pdf/plot_ortskurve_RLs_wLvar.pdf  used on input line 236.
(pdftex.def)             Requested size: 160.10074pt x 143.69548pt.
[75

 <./Tikz/pdf/plot_ortskurve_RLs_wLvar.pdf>]
<Tikz/pdf/plot_ortskurven_inversion.pdf, id=1859, 310.72485pt x 128.10962pt>
File: Tikz/pdf/plot_ortskurven_inversion.pdf Graphic file (type pdf)
<use Tikz/pdf/plot_ortskurven_inversion.pdf>
Package pdftex.def Info: Tikz/pdf/plot_ortskurven_inversion.pdf  used on input line 299.
(pdftex.def)             Requested size: 310.72409pt x 128.1093pt.
 [76

 <./Tikz/pdf/plot_ortskurven_inversion.pdf>]
<Tikz/pdf/circ_ortskurve_minimal_R_RL.pdf, id=1884, 105.17091pt x 28.19133pt>
File: Tikz/pdf/circ_ortskurve_minimal_R_RL.pdf Graphic file (type pdf)
<use Tikz/pdf/circ_ortskurve_minimal_R_RL.pdf>
Package pdftex.def Info: Tikz/pdf/circ_ortskurve_minimal_R_RL.pdf  used on input line 373.
(pdftex.def)             Requested size: 105.17065pt x 28.19125pt.
<Tikz/pdf/plot_ortskurve_minimal_R_RLZ_R.pdf, id=1885, 175.71347pt x 76.22278pt>
File: Tikz/pdf/plot_ortskurve_minimal_R_RLZ_R.pdf Graphic file (type pdf)
<use Tikz/pdf/plot_ortskurve_minimal_R_RLZ_R.pdf>
Package pdftex.def Info: Tikz/pdf/plot_ortskurve_minimal_R_RLZ_R.pdf  used on input line 373.
(pdftex.def)             Requested size: 175.71303pt x 76.22258pt.
<Tikz/pdf/plot_ortskurve_minimal_R_RLZ_L.pdf, id=1886, 175.71347pt x 76.22278pt>
File: Tikz/pdf/plot_ortskurve_minimal_R_RLZ_L.pdf Graphic file (type pdf)
<use Tikz/pdf/plot_ortskurve_minimal_R_RLZ_L.pdf>
Package pdftex.def Info: Tikz/pdf/plot_ortskurve_minimal_R_RLZ_L.pdf  used on input line 373.
(pdftex.def)             Requested size: 175.71303pt x 76.22258pt.
<Tikz/pdf/plot_ortskurve_minimal_R_RLY_R.pdf, id=1887, 175.71347pt x 73.9322pt>
File: Tikz/pdf/plot_ortskurve_minimal_R_RLY_R.pdf Graphic file (type pdf)
<use Tikz/pdf/plot_ortskurve_minimal_R_RLY_R.pdf>
Package pdftex.def Info: Tikz/pdf/plot_ortskurve_minimal_R_RLY_R.pdf  used on input line 373.
(pdftex.def)             Requested size: 175.71303pt x 73.932pt.
<Tikz/pdf/plot_ortskurve_minimal_R_RLY_L.pdf, id=1888, 175.71347pt x 73.9322pt>
File: Tikz/pdf/plot_ortskurve_minimal_R_RLY_L.pdf Graphic file (type pdf)
<use Tikz/pdf/plot_ortskurve_minimal_R_RLY_L.pdf>
Package pdftex.def Info: Tikz/pdf/plot_ortskurve_minimal_R_RLY_L.pdf  used on input line 373.
(pdftex.def)             Requested size: 175.71303pt x 73.932pt.
<Tikz/pdf/circ_ortskurve_minimal_R_RC.pdf, id=1889, 105.17091pt x 40.7392pt>
File: Tikz/pdf/circ_ortskurve_minimal_R_RC.pdf Graphic file (type pdf)
<use Tikz/pdf/circ_ortskurve_minimal_R_RC.pdf>
Package pdftex.def Info: Tikz/pdf/circ_ortskurve_minimal_R_RC.pdf  used on input line 373.
(pdftex.def)             Requested size: 105.17065pt x 40.73907pt.
<Tikz/pdf/plot_ortskurve_minimal_R_RCZ_R.pdf, id=1890, 175.71347pt x 73.9322pt>
File: Tikz/pdf/plot_ortskurve_minimal_R_RCZ_R.pdf Graphic file (type pdf)
<use Tikz/pdf/plot_ortskurve_minimal_R_RCZ_R.pdf>
Package pdftex.def Info: Tikz/pdf/plot_ortskurve_minimal_R_RCZ_R.pdf  used on input line 373.
(pdftex.def)             Requested size: 175.71303pt x 73.932pt.
<Tikz/pdf/plot_ortskurve_minimal_R_RCZ_C.pdf, id=1891, 175.71347pt x 74.13196pt>
File: Tikz/pdf/plot_ortskurve_minimal_R_RCZ_C.pdf Graphic file (type pdf)
<use Tikz/pdf/plot_ortskurve_minimal_R_RCZ_C.pdf>
Package pdftex.def Info: Tikz/pdf/plot_ortskurve_minimal_R_RCZ_C.pdf  used on input line 373.
(pdftex.def)             Requested size: 175.71303pt x 74.13176pt.
<Tikz/pdf/plot_ortskurve_minimal_R_RCY_R.pdf, id=1892, 175.71347pt x 76.22278pt>
File: Tikz/pdf/plot_ortskurve_minimal_R_RCY_R.pdf Graphic file (type pdf)
<use Tikz/pdf/plot_ortskurve_minimal_R_RCY_R.pdf>
Package pdftex.def Info: Tikz/pdf/plot_ortskurve_minimal_R_RCY_R.pdf  used on input line 373.
(pdftex.def)             Requested size: 175.71303pt x 76.22258pt.
<Tikz/pdf/plot_ortskurve_minimal_R_RCY_C.pdf, id=1893, 175.71347pt x 76.22278pt>
File: Tikz/pdf/plot_ortskurve_minimal_R_RCY_C.pdf Graphic file (type pdf)
<use Tikz/pdf/plot_ortskurve_minimal_R_RCY_C.pdf>
Package pdftex.def Info: Tikz/pdf/plot_ortskurve_minimal_R_RCY_C.pdf  used on input line 373.
(pdftex.def)             Requested size: 175.71303pt x 76.22258pt.

Overfull \vbox (7.41852pt too high) detected at line 373
 []

[77

 <./Tikz/pdf/circ_ortskurve_minimal_R_RL.pdf> <./Tikz/pdf/plot_ortskurve_minimal_R_RLZ_R.pdf> <./Tikz/pdf/plot_ortskurve_minimal_R_RLZ_L.pdf> <./Tikz/pdf/plot_ortskurve_minimal_R_RLY_R.pdf> <./Tikz/pdf/plot_ortskurve_minimal_R_RLY_L.pdf> <./Tikz/pdf/circ_ortskurve_minimal_R_RC.pdf> <./Tikz/pdf/plot_ortskurve_minimal_R_RCZ_R.pdf> <./Tikz/pdf/plot_ortskurve_minimal_R_RCZ_C.pdf> <./Tikz/pdf/plot_ortskurve_minimal_R_RCY_R.pdf> <./Tikz/pdf/plot_ortskurve_minimal_R_RCY_C.pdf>]
<Tikz/pdf/circ_ortskurve_minimal_P_RL.pdf, id=1968, 76.71762pt x 70.87077pt>
File: Tikz/pdf/circ_ortskurve_minimal_P_RL.pdf Graphic file (type pdf)
<use Tikz/pdf/circ_ortskurve_minimal_P_RL.pdf>
Package pdftex.def Info: Tikz/pdf/circ_ortskurve_minimal_P_RL.pdf  used on input line 407.
(pdftex.def)             Requested size: 76.71742pt x 70.87059pt.
<Tikz/pdf/plot_ortskurve_minimal_P_RLZ_R.pdf, id=1969, 175.71347pt x 76.22278pt>
File: Tikz/pdf/plot_ortskurve_minimal_P_RLZ_R.pdf Graphic file (type pdf)
<use Tikz/pdf/plot_ortskurve_minimal_P_RLZ_R.pdf>
Package pdftex.def Info: Tikz/pdf/plot_ortskurve_minimal_P_RLZ_R.pdf  used on input line 407.
(pdftex.def)             Requested size: 175.71303pt x 76.22258pt.
<Tikz/pdf/plot_ortskurve_minimal_P_RLZ_L.pdf, id=1970, 175.71347pt x 76.22278pt>
File: Tikz/pdf/plot_ortskurve_minimal_P_RLZ_L.pdf Graphic file (type pdf)
<use Tikz/pdf/plot_ortskurve_minimal_P_RLZ_L.pdf>
Package pdftex.def Info: Tikz/pdf/plot_ortskurve_minimal_P_RLZ_L.pdf  used on input line 407.
(pdftex.def)             Requested size: 175.71303pt x 76.22258pt.
<Tikz/pdf/plot_ortskurve_minimal_P_RLY_R.pdf, id=1971, 175.71347pt x 73.9322pt>
File: Tikz/pdf/plot_ortskurve_minimal_P_RLY_R.pdf Graphic file (type pdf)
<use Tikz/pdf/plot_ortskurve_minimal_P_RLY_R.pdf>
Package pdftex.def Info: Tikz/pdf/plot_ortskurve_minimal_P_RLY_R.pdf  used on input line 407.
(pdftex.def)             Requested size: 175.71303pt x 73.932pt.
<Tikz/pdf/plot_ortskurve_minimal_P_RLY_L.pdf, id=1972, 175.71347pt x 74.13196pt>
File: Tikz/pdf/plot_ortskurve_minimal_P_RLY_L.pdf Graphic file (type pdf)
<use Tikz/pdf/plot_ortskurve_minimal_P_RLY_L.pdf>
Package pdftex.def Info: Tikz/pdf/plot_ortskurve_minimal_P_RLY_L.pdf  used on input line 407.
(pdftex.def)             Requested size: 175.71303pt x 74.13176pt.
<Tikz/pdf/circ_ortskurve_minimal_P_RC.pdf, id=1973, 76.71762pt x 76.8461pt>
File: Tikz/pdf/circ_ortskurve_minimal_P_RC.pdf Graphic file (type pdf)
<use Tikz/pdf/circ_ortskurve_minimal_P_RC.pdf>
Package pdftex.def Info: Tikz/pdf/circ_ortskurve_minimal_P_RC.pdf  used on input line 407.
(pdftex.def)             Requested size: 76.71742pt x 76.8459pt.
<Tikz/pdf/plot_ortskurve_minimal_P_RCZ_R.pdf, id=1974, 175.71347pt x 73.9322pt>
File: Tikz/pdf/plot_ortskurve_minimal_P_RCZ_R.pdf Graphic file (type pdf)
<use Tikz/pdf/plot_ortskurve_minimal_P_RCZ_R.pdf>
Package pdftex.def Info: Tikz/pdf/plot_ortskurve_minimal_P_RCZ_R.pdf  used on input line 407.
(pdftex.def)             Requested size: 175.71303pt x 73.932pt.
<Tikz/pdf/plot_ortskurve_minimal_P_RCZ_C.pdf, id=1975, 175.71347pt x 73.9322pt>
File: Tikz/pdf/plot_ortskurve_minimal_P_RCZ_C.pdf Graphic file (type pdf)
<use Tikz/pdf/plot_ortskurve_minimal_P_RCZ_C.pdf>
Package pdftex.def Info: Tikz/pdf/plot_ortskurve_minimal_P_RCZ_C.pdf  used on input line 407.
(pdftex.def)             Requested size: 175.71303pt x 73.932pt.
<Tikz/pdf/plot_ortskurve_minimal_P_RCY_R.pdf, id=1976, 175.71347pt x 76.22278pt>
File: Tikz/pdf/plot_ortskurve_minimal_P_RCY_R.pdf Graphic file (type pdf)
<use Tikz/pdf/plot_ortskurve_minimal_P_RCY_R.pdf>
Package pdftex.def Info: Tikz/pdf/plot_ortskurve_minimal_P_RCY_R.pdf  used on input line 407.
(pdftex.def)             Requested size: 175.71303pt x 76.22258pt.
<Tikz/pdf/plot_ortskurve_minimal_P_RCY_C.pdf, id=1977, 175.71347pt x 76.22278pt>
File: Tikz/pdf/plot_ortskurve_minimal_P_RCY_C.pdf Graphic file (type pdf)
<use Tikz/pdf/plot_ortskurve_minimal_P_RCY_C.pdf>
Package pdftex.def Info: Tikz/pdf/plot_ortskurve_minimal_P_RCY_C.pdf  used on input line 407.
(pdftex.def)             Requested size: 175.71303pt x 76.22258pt.

Overfull \vbox (7.41852pt too high) detected at line 407
 []

[78

 <./Tikz/pdf/circ_ortskurve_minimal_P_RL.pdf> <./Tikz/pdf/plot_ortskurve_minimal_P_RLZ_R.pdf> <./Tikz/pdf/plot_ortskurve_minimal_P_RLZ_L.pdf> <./Tikz/pdf/plot_ortskurve_minimal_P_RLY_R.pdf> <./Tikz/pdf/plot_ortskurve_minimal_P_RLY_L.pdf> <./Tikz/pdf/circ_ortskurve_minimal_P_RC.pdf> <./Tikz/pdf/plot_ortskurve_minimal_P_RCZ_R.pdf> <./Tikz/pdf/plot_ortskurve_minimal_P_RCZ_C.pdf> <./Tikz/pdf/plot_ortskurve_minimal_P_RCY_R.pdf> <./Tikz/pdf/plot_ortskurve_minimal_P_RCY_C.pdf>]) (./Kapitel4.tex [79

]
<Tikz/pdf/circ_schwingkreis_rlcs_frei.pdf, id=2061, 137.15039pt x 144.26398pt>
File: Tikz/pdf/circ_schwingkreis_rlcs_frei.pdf Graphic file (type pdf)
<use Tikz/pdf/circ_schwingkreis_rlcs_frei.pdf>
Package pdftex.def Info: Tikz/pdf/circ_schwingkreis_rlcs_frei.pdf  used on input line 175.
(pdftex.def)             Requested size: 137.15005pt x 144.26361pt.
<Tikz/pdf/plot_zeitverlauf_RLCs_gedaempft.pdf, id=2062, 162.61353pt x 78.82248pt>
File: Tikz/pdf/plot_zeitverlauf_RLCs_gedaempft.pdf Graphic file (type pdf)
<use Tikz/pdf/plot_zeitverlauf_RLCs_gedaempft.pdf>
Package pdftex.def Info: Tikz/pdf/plot_zeitverlauf_RLCs_gedaempft.pdf  used on input line 175.
(pdftex.def)             Requested size: 162.61311pt x 78.82227pt.
<Tikz/pdf/circ_schwingkreis_rlcs_erzwungen.pdf, id=2063, 137.15039pt x 144.26398pt>
File: Tikz/pdf/circ_schwingkreis_rlcs_erzwungen.pdf Graphic file (type pdf)
<use Tikz/pdf/circ_schwingkreis_rlcs_erzwungen.pdf>
Package pdftex.def Info: Tikz/pdf/circ_schwingkreis_rlcs_erzwungen.pdf  used on input line 175.
(pdftex.def)             Requested size: 137.15005pt x 144.26361pt.
<Tikz/pdf/plot_zeitverlauf_RLCs_angeregt.pdf, id=2064, 161.33473pt x 78.82248pt>
File: Tikz/pdf/plot_zeitverlauf_RLCs_angeregt.pdf Graphic file (type pdf)
<use Tikz/pdf/plot_zeitverlauf_RLCs_angeregt.pdf>
Package pdftex.def Info: Tikz/pdf/plot_zeitverlauf_RLCs_angeregt.pdf  used on input line 175.
(pdftex.def)             Requested size: 161.33432pt x 78.82227pt.

Underfull \hbox (badness 2269) in paragraph at lines 175--175
 \OT1/cmss/m/n/10.95 with Ener-gi-zing fre-quen-cy
 []

[80

 <./Tikz/pdf/circ_schwingkreis_rlcs_frei.pdf> <./Tikz/pdf/plot_zeitverlauf_RLCs_gedaempft.pdf> <./Tikz/pdf/circ_schwingkreis_rlcs_erzwungen.pdf> <./Tikz/pdf/plot_zeitverlauf_RLCs_angeregt.pdf>]
Overfull \hbox (1.76486pt too wide) in paragraph at lines 295--295
[][]  
 []

<Tikz/pdf/circ_schwingkreis_lcs.pdf, id=2126, 158.49011pt x 110.1204pt>
File: Tikz/pdf/circ_schwingkreis_lcs.pdf Graphic file (type pdf)
<use Tikz/pdf/circ_schwingkreis_lcs.pdf>
Package pdftex.def Info: Tikz/pdf/circ_schwingkreis_lcs.pdf  used on input line 295.
(pdftex.def)             Requested size: 158.4897pt x 110.12013pt.

Overfull \hbox (18.09468pt too wide) in paragraph at lines 295--295
[]  
 []

<Tikz/pdf/circ_schwingkreis_lcp.pdf, id=2127, 158.49011pt x 110.1204pt>
File: Tikz/pdf/circ_schwingkreis_lcp.pdf Graphic file (type pdf)
<use Tikz/pdf/circ_schwingkreis_lcp.pdf>
Package pdftex.def Info: Tikz/pdf/circ_schwingkreis_lcp.pdf  used on input line 295.
(pdftex.def)             Requested size: 158.4897pt x 110.12013pt.

Overfull \hbox (18.09468pt too wide) in paragraph at lines 295--295
[]  
 []

[81

 <./Tikz/pdf/circ_schwingkreis_lcs.pdf> <./Tikz/pdf/circ_schwingkreis_lcp.pdf>]
<Tikz/pdf/circ_schwingkreis_lcs_komplex.pdf, id=2154, 158.49011pt x 130.03783pt>
File: Tikz/pdf/circ_schwingkreis_lcs_komplex.pdf Graphic file (type pdf)
<use Tikz/pdf/circ_schwingkreis_lcs_komplex.pdf>
Package pdftex.def Info: Tikz/pdf/circ_schwingkreis_lcs_komplex.pdf  used on input line 409.
(pdftex.def)             Requested size: 158.4897pt x 130.03749pt.
<Tikz/pdf/circ_schwingkreis_lcp_komplex.pdf, id=2155, 158.49011pt x 130.45538pt>
File: Tikz/pdf/circ_schwingkreis_lcp_komplex.pdf Graphic file (type pdf)
<use Tikz/pdf/circ_schwingkreis_lcp_komplex.pdf>
Package pdftex.def Info: Tikz/pdf/circ_schwingkreis_lcp_komplex.pdf  used on input line 409.
(pdftex.def)             Requested size: 158.4897pt x 130.45505pt.

Overfull \vbox (8.0841pt too high) detected at line 409
 []

[82

 <./Tikz/pdf/circ_schwingkreis_lcs_komplex.pdf> <./Tikz/pdf/circ_schwingkreis_lcp_komplex.pdf>]
<Tikz/pdf/circ_schwingkreis_rlcs_komplex_2.pdf, id=2190, 215.39572pt x 101.58452pt>
File: Tikz/pdf/circ_schwingkreis_rlcs_komplex_2.pdf Graphic file (type pdf)
<use Tikz/pdf/circ_schwingkreis_rlcs_komplex_2.pdf>
Package pdftex.def Info: Tikz/pdf/circ_schwingkreis_rlcs_komplex_2.pdf  used on input line 563.
(pdftex.def)             Requested size: 215.39519pt x 101.58426pt.

Underfull \hbox (badness 10000) in paragraph at lines 563--563

 []

[83

 <./Tikz/pdf/circ_schwingkreis_rlcs_komplex_2.pdf>]
<Tikz/pdf/circ_schwingkreis_rlcs_komplex_2_const_i.pdf, id=2213, 215.39572pt x 101.58452pt>
File: Tikz/pdf/circ_schwingkreis_rlcs_komplex_2_const_i.pdf Graphic file (type pdf)
<use Tikz/pdf/circ_schwingkreis_rlcs_komplex_2_const_i.pdf>
Package pdftex.def Info: Tikz/pdf/circ_schwingkreis_rlcs_komplex_2_const_i.pdf  used on input line 625.
(pdftex.def)             Requested size: 215.39519pt x 101.58426pt.
<Tikz/pdf/plot_zeigerdiagramm_rlcs_2.pdf, id=2214, 95.3713pt x 143.24113pt>
File: Tikz/pdf/plot_zeigerdiagramm_rlcs_2.pdf Graphic file (type pdf)
<use Tikz/pdf/plot_zeigerdiagramm_rlcs_2.pdf>
Package pdftex.def Info: Tikz/pdf/plot_zeigerdiagramm_rlcs_2.pdf  used on input line 625.
(pdftex.def)             Requested size: 95.37106pt x 143.24077pt.
<Tikz/pdf/plot_zeigerdiagramm_rlcs_3.pdf, id=2215, 95.3713pt x 143.24113pt>
File: Tikz/pdf/plot_zeigerdiagramm_rlcs_3.pdf Graphic file (type pdf)
<use Tikz/pdf/plot_zeigerdiagramm_rlcs_3.pdf>
Package pdftex.def Info: Tikz/pdf/plot_zeigerdiagramm_rlcs_3.pdf  used on input line 625.
(pdftex.def)             Requested size: 95.37106pt x 143.24077pt.
<Tikz/pdf/plot_zeigerdiagramm_rlcs_1.pdf, id=2216, 95.3713pt x 143.24113pt>
File: Tikz/pdf/plot_zeigerdiagramm_rlcs_1.pdf Graphic file (type pdf)
<use Tikz/pdf/plot_zeigerdiagramm_rlcs_1.pdf>
Package pdftex.def Info: Tikz/pdf/plot_zeigerdiagramm_rlcs_1.pdf  used on input line 625.
(pdftex.def)             Requested size: 95.37106pt x 143.24077pt.
 [84

 <./Tikz/pdf/circ_schwingkreis_rlcs_komplex_2_const_i.pdf> <./Tikz/pdf/plot_zeigerdiagramm_rlcs_2.pdf> <./Tikz/pdf/plot_zeigerdiagramm_rlcs_3.pdf> <./Tikz/pdf/plot_zeigerdiagramm_rlcs_1.pdf>]
File: Tikz/pdf/circ_schwingkreis_rlcs_komplex_2.pdf Graphic file (type pdf)
<use Tikz/pdf/circ_schwingkreis_rlcs_komplex_2.pdf>
Package pdftex.def Info: Tikz/pdf/circ_schwingkreis_rlcs_komplex_2.pdf  used on input line 700.
(pdftex.def)             Requested size: 215.39519pt x 101.58426pt.

Overfull \hbox (11.95084pt too wide) in paragraph at lines 700--700
[][] 
 []

<Tikz/pdf/plot_rlcs_impedanzkurve.pdf, id=2316, 337.7428pt x 224.23274pt>
File: Tikz/pdf/plot_rlcs_impedanzkurve.pdf Graphic file (type pdf)
<use Tikz/pdf/plot_rlcs_impedanzkurve.pdf>
Package pdftex.def Info: Tikz/pdf/plot_rlcs_impedanzkurve.pdf  used on input line 700.
(pdftex.def)             Requested size: 337.74197pt x 224.23218pt.
[85

 <./Tikz/pdf/plot_rlcs_impedanzkurve.pdf>]
File: Tikz/pdf/circ_schwingkreis_rlcs_komplex_2.pdf Graphic file (type pdf)
<use Tikz/pdf/circ_schwingkreis_rlcs_komplex_2.pdf>
Package pdftex.def Info: Tikz/pdf/circ_schwingkreis_rlcs_komplex_2.pdf  used on input line 802.
(pdftex.def)             Requested size: 215.39519pt x 101.58426pt.

Overfull \hbox (11.95084pt too wide) in paragraph at lines 802--802
[][] 
 []


Overfull \hbox (1.04384pt too wide) detected at line 802
[]
 []

<Tikz/pdf/plot_rlcs_impedanzkurve_guete_noxaxis.pdf, id=2347, 337.7428pt x 208.28214pt>
File: Tikz/pdf/plot_rlcs_impedanzkurve_guete_noxaxis.pdf Graphic file (type pdf)
<use Tikz/pdf/plot_rlcs_impedanzkurve_guete_noxaxis.pdf>
Package pdftex.def Info: Tikz/pdf/plot_rlcs_impedanzkurve_guete_noxaxis.pdf  used on input line 802.
(pdftex.def)             Requested size: 337.74197pt x 208.28162pt.
<Tikz/pdf/plot_rlcs_phikurve_guete.pdf, id=2348, 337.7428pt x 110.42154pt>
File: Tikz/pdf/plot_rlcs_phikurve_guete.pdf Graphic file (type pdf)
<use Tikz/pdf/plot_rlcs_phikurve_guete.pdf>
Package pdftex.def Info: Tikz/pdf/plot_rlcs_phikurve_guete.pdf  used on input line 802.
(pdftex.def)             Requested size: 337.74197pt x 110.42125pt.

Overfull \vbox (7.62453pt too high) detected at line 802
 []

[86

 <./Tikz/pdf/plot_rlcs_impedanzkurve_guete_noxaxis.pdf> <./Tikz/pdf/plot_rlcs_phikurve_guete.pdf>]
<Tikz/pdf/circ_schwingkreis_rlcs_komplex_2_const_u.pdf, id=2396, 215.79521pt x 101.58452pt>
File: Tikz/pdf/circ_schwingkreis_rlcs_komplex_2_const_u.pdf Graphic file (type pdf)
<use Tikz/pdf/circ_schwingkreis_rlcs_komplex_2_const_u.pdf>
Package pdftex.def Info: Tikz/pdf/circ_schwingkreis_rlcs_komplex_2_const_u.pdf  used on input line 936.
(pdftex.def)             Requested size: 215.79468pt x 101.58426pt.

Overfull \hbox (11.95757pt too wide) in paragraph at lines 936--936
[][] 
 []


Overfull \hbox (4.16559pt too wide) detected at line 936
[]
 []

<Tikz/pdf/plot_rlcs_spannung_resonanz.pdf, id=2397, 337.7428pt x 224.23274pt>
File: Tikz/pdf/plot_rlcs_spannung_resonanz.pdf Graphic file (type pdf)
<use Tikz/pdf/plot_rlcs_spannung_resonanz.pdf>
Package pdftex.def Info: Tikz/pdf/plot_rlcs_spannung_resonanz.pdf  used on input line 936.
(pdftex.def)             Requested size: 337.74197pt x 224.23218pt.
[87

 <./Tikz/pdf/circ_schwingkreis_rlcs_komplex_2_const_u.pdf> <./Tikz/pdf/plot_rlcs_spannung_resonanz.pdf>]
File: Tikz/pdf/circ_schwingkreis_rlcs_komplex_2_const_u.pdf Graphic file (type pdf)
<use Tikz/pdf/circ_schwingkreis_rlcs_komplex_2_const_u.pdf>
Package pdftex.def Info: Tikz/pdf/circ_schwingkreis_rlcs_komplex_2_const_u.pdf  used on input line 969.
(pdftex.def)             Requested size: 215.79468pt x 101.58426pt.

Overfull \hbox (11.95757pt too wide) in paragraph at lines 969--969
[][] 
 []


Overfull \hbox (10.29279pt too wide) detected at line 969
[]
 []

LaTeX Font Info:    Calculating math sizes for size <7.665> on input line 969.

LaTeX Font Warning: Font shape `OML/cmm/m/it' in size <3.83249> not available
(Font)              size <5> substituted on input line 969.


LaTeX Font Warning: Font shape `OMS/cmsy/m/n' in size <3.83249> not available
(Font)              size <5> substituted on input line 969.


LaTeX Font Warning: Font shape `OML/cmm/b/it' in size <3.83249> not available
(Font)              size <5> substituted on input line 969.


LaTeX Font Warning: Font shape `OMS/cmsy/b/n' in size <3.83249> not available
(Font)              size <5> substituted on input line 969.


LaTeX Font Warning: Font shape `U/rsfs/m/n' in size <3.83249> not available
(Font)              size <5> substituted on input line 969.


LaTeX Font Warning: Font shape `OML/cmm/m/it' in size <3.91998> not available
(Font)              size <5> substituted on input line 969.


LaTeX Font Warning: Font shape `OML/cmm/m/it' in size <2.8> not available
(Font)              size <5> substituted on input line 969.


LaTeX Font Warning: Font shape `OMS/cmsy/m/n' in size <3.91998> not available
(Font)              size <5> substituted on input line 969.


LaTeX Font Warning: Font shape `OMS/cmsy/m/n' in size <2.8> not available
(Font)              size <5> substituted on input line 969.


LaTeX Font Warning: Font shape `OML/cmm/b/it' in size <3.91998> not available
(Font)              size <5> substituted on input line 969.


LaTeX Font Warning: Font shape `OML/cmm/b/it' in size <2.8> not available
(Font)              size <5> substituted on input line 969.


LaTeX Font Warning: Font shape `OMS/cmsy/b/n' in size <3.91998> not available
(Font)              size <5> substituted on input line 969.


LaTeX Font Warning: Font shape `OMS/cmsy/b/n' in size <2.8> not available
(Font)              size <5> substituted on input line 969.


LaTeX Font Warning: Font shape `U/rsfs/m/n' in size <3.91998> not available
(Font)              size <5> substituted on input line 969.


LaTeX Font Warning: Font shape `U/rsfs/m/n' in size <2.8> not available
(Font)              size <5> substituted on input line 969.


LaTeX Font Warning: Font shape `OT1/cmr/m/n' in size <2.09999> not available
(Font)              size <3> substituted on input line 969.


LaTeX Font Warning: Font shape `OML/cmm/m/it' in size <4.2> not available
(Font)              size <5> substituted on input line 969.


LaTeX Font Warning: Font shape `OML/cmm/m/it' in size <2.93997> not available
(Font)              size <5> substituted on input line 969.


LaTeX Font Warning: Font shape `OML/cmm/m/it' in size <2.09999> not available
(Font)              size <5> substituted on input line 969.


LaTeX Font Warning: Font shape `OMS/cmsy/m/n' in size <4.2> not available
(Font)              size <5> substituted on input line 969.


LaTeX Font Warning: Font shape `OMS/cmsy/m/n' in size <2.93997> not available
(Font)              size <5> substituted on input line 969.


LaTeX Font Warning: Font shape `OMS/cmsy/m/n' in size <2.09999> not available
(Font)              size <5> substituted on input line 969.


LaTeX Font Warning: Font shape `OT1/cmr/bx/n' in size <2.09999> not available
(Font)              size <3> substituted on input line 969.


LaTeX Font Warning: Font shape `OML/cmm/b/it' in size <4.2> not available
(Font)              size <5> substituted on input line 969.


LaTeX Font Warning: Font shape `OML/cmm/b/it' in size <2.93997> not available
(Font)              size <5> substituted on input line 969.


LaTeX Font Warning: Font shape `OML/cmm/b/it' in size <2.09999> not available
(Font)              size <5> substituted on input line 969.


LaTeX Font Warning: Font shape `OMS/cmsy/b/n' in size <4.2> not available
(Font)              size <5> substituted on input line 969.


LaTeX Font Warning: Font shape `OMS/cmsy/b/n' in size <2.93997> not available
(Font)              size <5> substituted on input line 969.


LaTeX Font Warning: Font shape `OMS/cmsy/b/n' in size <2.09999> not available
(Font)              size <5> substituted on input line 969.


LaTeX Font Warning: Font shape `U/rsfs/m/n' in size <4.2> not available
(Font)              size <5> substituted on input line 969.


LaTeX Font Warning: Font shape `U/rsfs/m/n' in size <2.93997> not available
(Font)              size <5> substituted on input line 969.


LaTeX Font Warning: Font shape `U/rsfs/m/n' in size <2.09999> not available
(Font)              size <5> substituted on input line 969.


LaTeX Font Warning: Font shape `TS1/cmss/m/n' in size <2.09999> not available
(Font)              size <3> substituted on input line 969.


Overfull \vbox (5.21687pt too high) detected at line 969
 []

[88

]
File: Tikz/pdf/circ_schwingkreis_rlcs_komplex_2_const_u.pdf Graphic file (type pdf)
<use Tikz/pdf/circ_schwingkreis_rlcs_komplex_2_const_u.pdf>
Package pdftex.def Info: Tikz/pdf/circ_schwingkreis_rlcs_komplex_2_const_u.pdf  used on input line 1038.
(pdftex.def)             Requested size: 215.79468pt x 101.58426pt.

Overfull \hbox (11.95757pt too wide) in paragraph at lines 1038--1038
[][] 
 []

<Tikz/pdf/plot_rlcs_stromkurve_uq_guete.pdf, id=2448, 337.7428pt x 224.23274pt>
File: Tikz/pdf/plot_rlcs_stromkurve_uq_guete.pdf Graphic file (type pdf)
<use Tikz/pdf/plot_rlcs_stromkurve_uq_guete.pdf>
Package pdftex.def Info: Tikz/pdf/plot_rlcs_stromkurve_uq_guete.pdf  used on input line 1038.
(pdftex.def)             Requested size: 337.74197pt x 224.23218pt.
[89

 <./Tikz/pdf/plot_rlcs_stromkurve_uq_guete.pdf>]
File: Tikz/pdf/circ_schwingkreis_rlcs_komplex_2_const_u.pdf Graphic file (type pdf)
<use Tikz/pdf/circ_schwingkreis_rlcs_komplex_2_const_u.pdf>
Package pdftex.def Info: Tikz/pdf/circ_schwingkreis_rlcs_komplex_2_const_u.pdf  used on input line 1062.
(pdftex.def)             Requested size: 215.79468pt x 101.58426pt.

Overfull \hbox (11.95757pt too wide) in paragraph at lines 1062--1062
[][] 
 []


Overfull \hbox (18.91605pt too wide) detected at line 1062
[]
 []

[90

]
File: Tikz/pdf/circ_schwingkreis_rlcs_komplex_2_const_i.pdf Graphic file (type pdf)
<use Tikz/pdf/circ_schwingkreis_rlcs_komplex_2_const_i.pdf>
Package pdftex.def Info: Tikz/pdf/circ_schwingkreis_rlcs_komplex_2_const_i.pdf  used on input line 1100.
(pdftex.def)             Requested size: 215.39519pt x 101.58426pt.

Overfull \hbox (11.95084pt too wide) in paragraph at lines 1100--1100
[][] 
 []

<Tikz/pdf/plot_rlcs_impedanzkurve_guete.pdf, id=2482, 337.7428pt x 224.23274pt>
File: Tikz/pdf/plot_rlcs_impedanzkurve_guete.pdf Graphic file (type pdf)
<use Tikz/pdf/plot_rlcs_impedanzkurve_guete.pdf>
Package pdftex.def Info: Tikz/pdf/plot_rlcs_impedanzkurve_guete.pdf  used on input line 1100.
(pdftex.def)             Requested size: 337.74197pt x 224.23218pt.
[91

 <./Tikz/pdf/plot_rlcs_impedanzkurve_guete.pdf>]
<Tikz/pdf/circ_schwingkreis_rlcp_komplex_2.pdf, id=2513, 215.39572pt x 101.58452pt>
File: Tikz/pdf/circ_schwingkreis_rlcp_komplex_2.pdf Graphic file (type pdf)
<use Tikz/pdf/circ_schwingkreis_rlcp_komplex_2.pdf>
Package pdftex.def Info: Tikz/pdf/circ_schwingkreis_rlcp_komplex_2.pdf  used on input line 1209.
(pdftex.def)             Requested size: 215.39519pt x 101.58426pt.

Underfull \hbox (badness 10000) in paragraph at lines 1209--1209

 []

[92

 <./Tikz/pdf/circ_schwingkreis_rlcp_komplex_2.pdf>]
<Tikz/pdf/circ_schwingkreis_rlcp_komplex_2_const_u.pdf, id=2535, 215.39572pt x 101.58452pt>
File: Tikz/pdf/circ_schwingkreis_rlcp_komplex_2_const_u.pdf Graphic file (type pdf)
<use Tikz/pdf/circ_schwingkreis_rlcp_komplex_2_const_u.pdf>
Package pdftex.def Info: Tikz/pdf/circ_schwingkreis_rlcp_komplex_2_const_u.pdf  used on input line 1273.
(pdftex.def)             Requested size: 215.39519pt x 101.58426pt.
<Tikz/pdf/plot_zeigerdiagramm_rlcp_2.pdf, id=2536, 95.3713pt x 143.24113pt>
File: Tikz/pdf/plot_zeigerdiagramm_rlcp_2.pdf Graphic file (type pdf)
<use Tikz/pdf/plot_zeigerdiagramm_rlcp_2.pdf>
Package pdftex.def Info: Tikz/pdf/plot_zeigerdiagramm_rlcp_2.pdf  used on input line 1273.
(pdftex.def)             Requested size: 95.37106pt x 143.24077pt.
<Tikz/pdf/plot_zeigerdiagramm_rlcp_3.pdf, id=2537, 95.3713pt x 143.24113pt>
File: Tikz/pdf/plot_zeigerdiagramm_rlcp_3.pdf Graphic file (type pdf)
<use Tikz/pdf/plot_zeigerdiagramm_rlcp_3.pdf>
Package pdftex.def Info: Tikz/pdf/plot_zeigerdiagramm_rlcp_3.pdf  used on input line 1273.
(pdftex.def)             Requested size: 95.37106pt x 143.24077pt.
<Tikz/pdf/plot_zeigerdiagramm_rlcp_1.pdf, id=2538, 95.3713pt x 143.24113pt>
File: Tikz/pdf/plot_zeigerdiagramm_rlcp_1.pdf Graphic file (type pdf)
<use Tikz/pdf/plot_zeigerdiagramm_rlcp_1.pdf>
Package pdftex.def Info: Tikz/pdf/plot_zeigerdiagramm_rlcp_1.pdf  used on input line 1273.
(pdftex.def)             Requested size: 95.37106pt x 143.24077pt.
 [93

 <./Tikz/pdf/circ_schwingkreis_rlcp_komplex_2_const_u.pdf> <./Tikz/pdf/plot_zeigerdiagramm_rlcp_2.pdf> <./Tikz/pdf/plot_zeigerdiagramm_rlcp_3.pdf> <./Tikz/pdf/plot_zeigerdiagramm_rlcp_1.pdf>]
File: Tikz/pdf/circ_schwingkreis_rlcp_komplex_2.pdf Graphic file (type pdf)
<use Tikz/pdf/circ_schwingkreis_rlcp_komplex_2.pdf>
Package pdftex.def Info: Tikz/pdf/circ_schwingkreis_rlcp_komplex_2.pdf  used on input line 1347.
(pdftex.def)             Requested size: 215.39519pt x 101.58426pt.

Overfull \hbox (11.95084pt too wide) in paragraph at lines 1347--1347
[][] 
 []

<Tikz/pdf/plot_rlcp_admittanzkurve.pdf, id=2636, 337.7428pt x 224.23274pt>
File: Tikz/pdf/plot_rlcp_admittanzkurve.pdf Graphic file (type pdf)
<use Tikz/pdf/plot_rlcp_admittanzkurve.pdf>
Package pdftex.def Info: Tikz/pdf/plot_rlcp_admittanzkurve.pdf  used on input line 1347.
(pdftex.def)             Requested size: 337.74197pt x 224.23218pt.
[94

 <./Tikz/pdf/plot_rlcp_admittanzkurve.pdf>]
File: Tikz/pdf/circ_schwingkreis_rlcp_komplex_2.pdf Graphic file (type pdf)
<use Tikz/pdf/circ_schwingkreis_rlcp_komplex_2.pdf>
Package pdftex.def Info: Tikz/pdf/circ_schwingkreis_rlcp_komplex_2.pdf  used on input line 1444.
(pdftex.def)             Requested size: 215.39519pt x 101.58426pt.

Overfull \hbox (11.95084pt too wide) in paragraph at lines 1444--1444
[][] 
 []

<Tikz/pdf/plot_rlcp_admittanzkurve_guete_noxaxis.pdf, id=2666, 337.7428pt x 208.28214pt>
File: Tikz/pdf/plot_rlcp_admittanzkurve_guete_noxaxis.pdf Graphic file (type pdf)
<use Tikz/pdf/plot_rlcp_admittanzkurve_guete_noxaxis.pdf>
Package pdftex.def Info: Tikz/pdf/plot_rlcp_admittanzkurve_guete_noxaxis.pdf  used on input line 1444.
(pdftex.def)             Requested size: 337.74197pt x 208.28162pt.
<Tikz/pdf/plot_rlcp_phikurve_guete.pdf, id=2667, 337.7428pt x 110.42154pt>
File: Tikz/pdf/plot_rlcp_phikurve_guete.pdf Graphic file (type pdf)
<use Tikz/pdf/plot_rlcp_phikurve_guete.pdf>
Package pdftex.def Info: Tikz/pdf/plot_rlcp_phikurve_guete.pdf  used on input line 1444.
(pdftex.def)             Requested size: 337.74197pt x 110.42125pt.

Overfull \vbox (1.93407pt too high) detected at line 1444
 []

[95

 <./Tikz/pdf/plot_rlcp_admittanzkurve_guete_noxaxis.pdf> <./Tikz/pdf/plot_rlcp_phikurve_guete.pdf>]
<Tikz/pdf/circ_schwingkreis_rlcp_komplex_2_const_i.pdf, id=2716, 215.39572pt x 101.58452pt>
File: Tikz/pdf/circ_schwingkreis_rlcp_komplex_2_const_i.pdf Graphic file (type pdf)
<use Tikz/pdf/circ_schwingkreis_rlcp_komplex_2_const_i.pdf>
Package pdftex.def Info: Tikz/pdf/circ_schwingkreis_rlcp_komplex_2_const_i.pdf  used on input line 1550.
(pdftex.def)             Requested size: 215.39519pt x 101.58426pt.

Overfull \hbox (11.95084pt too wide) in paragraph at lines 1550--1550
[][] 
 []

<Tikz/pdf/plot_rlcp_strom_resonanz.pdf, id=2717, 337.7428pt x 224.23274pt>
File: Tikz/pdf/plot_rlcp_strom_resonanz.pdf Graphic file (type pdf)
<use Tikz/pdf/plot_rlcp_strom_resonanz.pdf>
Package pdftex.def Info: Tikz/pdf/plot_rlcp_strom_resonanz.pdf  used on input line 1550.
(pdftex.def)             Requested size: 337.74197pt x 224.23218pt.
[96

 <./Tikz/pdf/circ_schwingkreis_rlcp_komplex_2_const_i.pdf> <./Tikz/pdf/plot_rlcp_strom_resonanz.pdf>]
File: Tikz/pdf/circ_schwingkreis_rlcp_komplex_2_const_i.pdf Graphic file (type pdf)
<use Tikz/pdf/circ_schwingkreis_rlcp_komplex_2_const_i.pdf>
Package pdftex.def Info: Tikz/pdf/circ_schwingkreis_rlcp_komplex_2_const_i.pdf  used on input line 1625.
(pdftex.def)             Requested size: 215.39519pt x 101.58426pt.

Overfull \hbox (11.95084pt too wide) in paragraph at lines 1625--1625
[][] 
 []

<Tikz/pdf/plot_rlcp_spannungskurve_iq_guete.pdf, id=2760, 337.7428pt x 224.23274pt>
File: Tikz/pdf/plot_rlcp_spannungskurve_iq_guete.pdf Graphic file (type pdf)
<use Tikz/pdf/plot_rlcp_spannungskurve_iq_guete.pdf>
Package pdftex.def Info: Tikz/pdf/plot_rlcp_spannungskurve_iq_guete.pdf  used on input line 1625.
(pdftex.def)             Requested size: 337.74197pt x 224.23218pt.
[97

 <./Tikz/pdf/plot_rlcp_spannungskurve_iq_guete.pdf>]
File: Tikz/pdf/circ_schwingkreis_rlcp_komplex_2_const_i.pdf Graphic file (type pdf)
<use Tikz/pdf/circ_schwingkreis_rlcp_komplex_2_const_i.pdf>
Package pdftex.def Info: Tikz/pdf/circ_schwingkreis_rlcp_komplex_2_const_i.pdf  used on input line 1649.
(pdftex.def)             Requested size: 215.39519pt x 101.58426pt.

Overfull \hbox (11.95084pt too wide) in paragraph at lines 1649--1649
[][] 
 []


Overfull \hbox (17.38382pt too wide) detected at line 1649
[]
 []

[98

]
File: Tikz/pdf/circ_schwingkreis_rlcp_komplex_2_const_u.pdf Graphic file (type pdf)
<use Tikz/pdf/circ_schwingkreis_rlcp_komplex_2_const_u.pdf>
Package pdftex.def Info: Tikz/pdf/circ_schwingkreis_rlcp_komplex_2_const_u.pdf  used on input line 1685.
(pdftex.def)             Requested size: 215.39519pt x 101.58426pt.

Overfull \hbox (11.95084pt too wide) in paragraph at lines 1685--1685
[][] 
 []

<Tikz/pdf/plot_rlcp_admittanzkurve_guete.pdf, id=2794, 337.7428pt x 224.23274pt>
File: Tikz/pdf/plot_rlcp_admittanzkurve_guete.pdf Graphic file (type pdf)
<use Tikz/pdf/plot_rlcp_admittanzkurve_guete.pdf>
Package pdftex.def Info: Tikz/pdf/plot_rlcp_admittanzkurve_guete.pdf  used on input line 1685.
(pdftex.def)             Requested size: 337.74197pt x 224.23218pt.
[99

 <./Tikz/pdf/plot_rlcp_admittanzkurve_guete.pdf>])) [100

]
\tf@nav=\write9
\openout9 = `Video.nav'.

\tf@toc=\write10
\openout10 = `Video.toc'.

\tf@snm=\write11
\openout11 = `Video.snm'.


ffmpeg -y -f concat -safe 0 -i Video-RenderVideoFilelist-videoname.txt -fflags +genpts -c copy ../Videos/8_0_videoname.mp4
file 'video/video-License.mp4'
file '../../Video/Videovorlagen/outro_resample.mp4'
 
(./Video.aux)
 ***********
LaTeX2e <2023-11-01> patch level 1
L3 programming layer <2024-01-22>
 ***********


LaTeX Font Warning: Size substitutions with differences
(Font)              up to 2.90001pt have occurred.

Package rerunfilecheck Info: File `Video.out' has not changed.
(rerunfilecheck)             Checksum: 51F49947EB8F707C7CAB8072E390C449;8893.
 ) 
Here is how much of TeX's memory you used:
 74093 strings out of 476056
 1933811 string characters out of 5791604
 2716093 words of memory out of 5000000
 94687 multiletter control sequences out of 15000+600000
 589401 words of font info for 168 fonts, out of 8000000 for 9000
 59 hyphenation exceptions out of 8191
 115i,25n,134p,863b,1383s stack positions out of 10000i,1000n,20000p,200000b,200000s
 </root/.texlive2023/texmf-var/fonts/pk/ljfour/jknappen/ec/tcss1095.600pk></usr/share/texlive/texmf-dist/fonts/type1/public/amsfonts/cm/cmbx10.pfb></usr/share/texlive/texmf-dist/fonts/type1/public/amsfonts/cm/cmbx7.pfb></usr/share/texlive/texmf-dist/fonts/type1/public/amsfonts/cm/cmbx8.pfb></usr/share/texlive/texmf-dist/fonts/type1/public/amsfonts/cm/cmex10.pfb></usr/share/texlive/texmf-dist/fonts/type1/public/amsfonts/cm/cmmi10.pfb></usr/share/texlive/texmf-dist/fonts/type1/public/amsfonts/cm/cmmi12.pfb></usr/share/texlive/texmf-dist/fonts/type1/public/amsfonts/cm/cmmi5.pfb></usr/share/texlive/texmf-dist/fonts/type1/public/amsfonts/cm/cmmi6.pfb></usr/share/texlive/texmf-dist/fonts/type1/public/amsfonts/cm/cmmi7.pfb></usr/share/texlive/texmf-dist/fonts/type1/public/amsfonts/cm/cmmi8.pfb></usr/share/texlive/texmf-dist/fonts/type1/public/amsfonts/cm/cmr10.pfb></usr/share/texlive/texmf-dist/fonts/type1/public/amsfonts/cm/cmr5.pfb></usr/share/texlive/texmf-dist/fonts/type1/public/amsfonts/cm/cmr6.pfb></usr/share/texlive/texmf-dist/fonts/type1/public/amsfonts/cm/cmr7.pfb></usr/share/texlive/texmf-dist/fonts/type1/public/amsfonts/cm/cmr8.pfb></usr/share/texlive/texmf-dist/fonts/type1/public/amsfonts/cm/cmr9.pfb></usr/share/texlive/texmf-dist/fonts/type1/public/amsfonts/cm/cmss10.pfb></usr/share/texlive/texmf-dist/fonts/type1/public/amsfonts/cm/cmss12.pfb></usr/share/texlive/texmf-dist/fonts/type1/public/amsfonts/cm/cmss8.pfb></usr/share/texlive/texmf-dist/fonts/type1/public/amsfonts/cm/cmssbx10.pfb></usr/share/texlive/texmf-dist/fonts/type1/public/amsfonts/cm/cmssi10.pfb></usr/share/texlive/texmf-dist/fonts/type1/public/amsfonts/cm/cmssi8.pfb></usr/share/texlive/texmf-dist/fonts/type1/public/amsfonts/cm/cmsy10.pfb></usr/share/texlive/texmf-dist/fonts/type1/public/amsfonts/cm/cmsy5.pfb></usr/share/texlive/texmf-dist/fonts/type1/public/amsfonts/cm/cmsy6.pfb></usr/share/texlive/texmf-dist/fonts/type1/public/amsfonts/cm/cmsy7.pfb></usr/share/texlive/texmf-dist/fonts/type1/public/amsfonts/cm/cmsy8.pfb></usr/share/texlive/texmf-dist/fonts/type1/public/amsfonts/cm/cmtt8.pfb></usr/share/texlive/texmf-dist/fonts/type1/public/esint-type1/esint10.pfb></usr/share/texlive/texmf-dist/fonts/type1/public/amsfonts/symbols/msam10.pfb></usr/share/texlive/texmf-dist/fonts/type1/public/amsfonts/symbols/msbm10.pfb>
Output written on Video.pdf (100 pages, 3193555 bytes).
PDF statistics:
 2992 PDF objects out of 3580 (max. 8388607)
 2198 compressed objects within 22 object streams
 272 named destinations out of 1000 (max. 500000)
 1018 words of extra memory for PDF output out of 10000 (max. 10000000)

